날짜,업종,수요량(MJ),기온(°C),조업여부,요일
2023-01-01,철강·금속,1969.4,4.4,휴무,일
2023-01-02,철강·금속,6910.3,5.4,조업,월
2023-01-03,철강·금속,6841.3,3.9,조업,화
2023-01-04,철강·금속,6751.8,5.5,조업,수
2023-01-05,철강·금속,6977.3,3.0,조업,목
2023-01-06,철강·금속,7485.2,3.1,조업,금
2023-01-07,철강·금속,2104.9,6.0,휴무,토
2023-01-08,철강·금속,2176.2,5.5,휴무,일
2023-01-09,철강·금속,6937.7,4.4,조업,월
2023-01-10,철강·금속,7195.2,4.6,조업,화
2023-01-11,철강·금속,7099.2,2.3,조업,수
2023-01-12,철강·금속,7620.1,3.3,조업,목
2023-01-13,철강·금속,7420.5,7.8,조업,금
2023-01-14,철강·금속,2027.3,4.7,휴무,토
2023-01-15,철강·금속,1950.7,5.0,휴무,일
2023-01-16,철강·금속,6927.9,4.7,조업,월
2023-01-17,철강·금속,7078.3,8.2,조업,화
2023-01-18,철강·금속,6913.6,7.1,조업,수
2023-01-19,철강·금속,7220.0,3.7,조업,목
2023-01-20,철강·금속,6884.6,2.7,조업,금
2023-01-21,철강·금속,2174.1,0.2,휴무,토
2023-01-22,철강·금속,2104.4,3.5,휴무,일
2023-01-23,철강·금속,7119.1,6.1,조업,월
2023-01-24,철강·금속,6678.3,5.3,조업,화
2023-01-25,철강·금속,6649.4,7.9,조업,수
2023-01-26,철강·금속,6550.9,3.9,조업,목
2023-01-27,철강·금속,6817.8,9.5,조업,금
2023-01-28,철강·금속,2038.1,2.5,휴무,토
2023-01-29,철강·금속,2065.8,4.4,휴무,일
2023-01-30,철강·금속,7358.2,5.4,조업,월
2023-01-31,철강·금속,7211.6,4.1,조업,화
2023-02-01,철강·금속,6832.8,5.6,조업,수
2023-02-02,철강·금속,6903.9,7.9,조업,목
2023-02-03,철강·금속,6807.6,6.1,조업,금
2023-02-04,철강·금속,2028.8,8.9,휴무,토
2023-02-05,철강·금속,1818.8,8.5,휴무,일
2023-02-06,철강·금속,6672.7,8.7,조업,월
2023-02-07,철강·금속,6273.6,6.2,조업,화
2023-02-08,철강·금속,6293.0,9.4,조업,수
2023-02-09,철강·금속,6798.6,5.2,조업,목
2023-02-10,철강·금속,6185.3,7.7,조업,금
2023-02-11,철강·금속,1864.3,8.1,휴무,토
2023-02-12,철강·금속,1972.4,6.6,휴무,일
2023-02-13,철강·금속,6380.7,7.3,조업,월
2023-02-14,철강·금속,6181.3,8.7,조업,화
2023-02-15,철강·금속,6532.1,7.2,조업,수
2023-02-16,철강·금속,6475.2,9.3,조업,목
2023-02-17,철강·금속,6849.5,5.8,조업,금
2023-02-18,철강·금속,1901.2,8.6,휴무,토
2023-02-19,철강·금속,2026.9,7.9,휴무,일
2023-02-20,철강·금속,6567.1,9.1,조업,월
2023-02-21,철강·금속,6514.3,5.6,조업,화
2023-02-22,철강·금속,6325.8,8.7,조업,수
2023-02-23,철강·금속,6446.0,6.2,조업,목
2023-02-24,철강·금속,6642.0,4.9,조업,금
2023-02-25,철강·금속,2006.8,9.3,휴무,토
2023-02-26,철강·금속,1956.9,7.9,휴무,일
2023-02-27,철강·금속,6215.6,6.2,조업,월
2023-02-28,철강·금속,6729.5,5.4,조업,화
2023-03-01,철강·금속,5450.5,13.4,조업,수
2023-03-02,철강·금속,5351.8,13.0,조업,목
2023-03-03,철강·금속,5357.9,12.5,조업,금
2023-03-04,철강·금속,1750.5,11.8,휴무,토
2023-03-05,철강·금속,1699.1,9.9,휴무,일
2023-03-06,철강·금속,5414.9,15.4,조업,월
2023-03-07,철강·금속,6003.7,17.0,조업,화
2023-03-08,철강·금속,5662.9,12.6,조업,수
2023-03-09,철강·금속,5579.2,13.3,조업,목
2023-03-10,철강·금속,5353.8,12.5,조업,금
2023-03-11,철강·금속,1600.2,14.9,휴무,토
2023-03-12,철강·금속,1662.4,15.2,휴무,일
2023-03-13,철강·금속,6003.2,11.3,조업,월
2023-03-14,철강·금속,5750.9,15.1,조업,화
2023-03-15,철강·금속,5688.8,10.3,조업,수
2023-03-16,철강·금속,5923.4,8.5,조업,목
2023-03-17,철강·금속,5720.5,9.8,조업,금
2023-03-18,철강·금속,1629.7,13.0,휴무,토
2023-03-19,철강·금속,1637.7,12.9,휴무,일
2023-03-20,철강·금속,5384.5,13.3,조업,월
2023-03-21,철강·금속,5602.3,13.3,조업,화
2023-03-22,철강·금속,5691.9,12.8,조업,수
2023-03-23,철강·금속,5702.3,10.7,조업,목
2023-03-24,철강·금속,5355.6,15.2,조업,금
2023-03-25,철강·금속,1739.3,13.4,휴무,토
2023-03-26,철강·금속,1656.4,14.0,휴무,일
2023-03-27,철강·금속,5600.4,13.2,조업,월
2023-03-28,철강·금속,5496.6,13.0,조업,화
2023-03-29,철강·금속,5836.4,11.4,조업,수
2023-03-30,철강·금속,5467.1,13.9,조업,목
2023-03-31,철강·금속,5588.3,11.9,조업,금
2023-04-01,철강·금속,1477.8,21.2,휴무,토
2023-04-02,철강·금속,1456.7,18.8,휴무,일
2023-04-03,철강·금속,4870.9,19.3,조업,월
2023-04-04,철강·금속,4968.0,21.0,조업,화
2023-04-05,철강·금속,5554.6,19.8,조업,수
2023-04-06,철강·금속,4936.5,19.2,조업,목
2023-04-07,철강·금속,4891.0,17.9,조업,금
2023-04-08,철강·금속,1590.4,14.5,휴무,토
2023-04-09,철강·금속,1437.9,23.0,휴무,일
2023-04-10,철강·금속,5424.5,20.1,조업,월
2023-04-11,철강·금속,5061.3,20.9,조업,화
2023-04-12,철강·금속,4744.8,18.7,조업,수
2023-04-13,철강·금속,4903.3,16.0,조업,목
2023-04-14,철강·금속,5285.9,23.9,조업,금
2023-04-15,철강·금속,1396.5,21.7,휴무,토
2023-04-16,철강·금속,1559.3,19.0,휴무,일
2023-04-17,철강·금속,4990.1,22.7,조업,월
2023-04-18,철강·금속,4885.0,21.3,조업,화
2023-04-19,철강·금속,4865.3,22.5,조업,수
2023-04-20,철강·금속,4891.8,20.7,조업,목
2023-04-21,철강·금속,5241.9,20.5,조업,금
2023-04-22,철강·금속,1501.1,20.0,휴무,토
2023-04-23,철강·금속,1529.1,19.6,휴무,일
2023-04-24,철강·금속,5044.5,21.6,조업,월
2023-04-25,철강·금속,5028.9,14.9,조업,화
2023-04-26,철강·금속,4844.7,20.9,조업,수
2023-04-27,철강·금속,4741.4,17.4,조업,목
2023-04-28,철강·금속,4615.0,19.3,조업,금
2023-04-29,철강·금속,1432.5,20.4,휴무,토
2023-04-30,철강·금속,1571.5,21.4,휴무,일
2023-05-01,철강·금속,4546.7,27.2,조업,월
2023-05-02,철강·금속,4596.2,25.8,조업,화
2023-05-03,철강·금속,4488.0,30.0,조업,수
2023-05-04,철강·금속,4957.7,27.2,조업,목
2023-05-05,철강·금속,4838.0,26.4,조업,금
2023-05-06,철강·금속,1382.2,27.0,휴무,토
2023-05-07,철강·금속,1353.6,27.1,휴무,일
2023-05-08,철강·금속,5051.4,32.0,조업,월
2023-05-09,철강·금속,4995.7,28.0,조업,화
2023-05-10,철강·금속,4719.6,25.3,조업,수
2023-05-11,철강·금속,4899.3,28.0,조업,목
2023-05-12,철강·금속,4798.4,26.2,조업,금
2023-05-13,철강·금속,1366.1,24.4,휴무,토
2023-05-14,철강·금속,1342.8,25.6,휴무,일
2023-05-15,철강·금속,4348.5,31.2,조업,월
2023-05-16,철강·금속,5141.4,29.2,조업,화
2023-05-17,철강·금속,4848.2,27.6,조업,수
2023-05-18,철강·금속,4778.4,29.9,조업,목
2023-05-19,철강·금속,4863.2,27.4,조업,금
2023-05-20,철강·금속,1411.7,27.4,휴무,토
2023-05-21,철강·금속,1393.7,25.2,휴무,일
2023-05-22,철강·금속,4994.6,25.9,조업,월
2023-05-23,철강·금속,4727.0,30.3,조업,화
2023-05-24,철강·금속,4577.1,26.9,조업,수
2023-05-25,철강·금속,4840.9,25.9,조업,목
2023-05-26,철강·금속,4933.2,29.1,조업,금
2023-05-27,철강·금속,1443.6,25.9,휴무,토
2023-05-28,철강·금속,1523.3,25.3,휴무,일
2023-05-29,철강·금속,4362.1,28.8,조업,월
2023-05-30,철강·금속,4441.7,29.3,조업,화
2023-05-31,철강·금속,4914.1,23.5,조업,수
2023-06-01,철강·금속,4517.8,34.4,조업,목
2023-06-02,철강·금속,4494.6,30.3,조업,금
2023-06-03,철강·금속,1344.2,35.1,휴무,토
2023-06-04,철강·금속,1392.0,34.3,휴무,일
2023-06-05,철강·금속,4564.6,30.6,조업,월
2023-06-06,철강·금속,4677.8,31.4,조업,화
2023-06-07,철강·금속,4577.1,31.0,조업,수
2023-06-08,철강·금속,4659.1,33.9,조업,목
2023-06-09,철강·금속,4431.3,33.0,조업,금
2023-06-10,철강·금속,1330.1,34.8,휴무,토
2023-06-11,철강·금속,1388.7,33.5,휴무,일
2023-06-12,철강·금속,4455.1,32.8,조업,월
2023-06-13,철강·금속,4512.4,32.9,조업,화
2023-06-14,철강·금속,4755.1,29.6,조업,수
2023-06-15,철강·금속,4683.7,32.5,조업,목
2023-06-16,철강·금속,4315.3,30.0,조업,금
2023-06-17,철강·금속,1304.9,37.7,휴무,토
2023-06-18,철강·금속,1384.7,32.4,휴무,일
2023-06-19,철강·금속,4785.5,33.2,조업,월
2023-06-20,철강·금속,4184.1,31.8,조업,화
2023-06-21,철강·금속,4534.5,34.4,조업,수
2023-06-22,철강·금속,4330.1,36.9,조업,목
2023-06-23,철강·금속,4786.9,38.5,조업,금
2023-06-24,철강·금속,1412.1,34.5,휴무,토
2023-06-25,철강·금속,1292.5,29.1,휴무,일
2023-06-26,철강·금속,4531.4,33.7,조업,월
2023-06-27,철강·금속,4883.0,33.1,조업,화
2023-06-28,철강·금속,4331.5,31.1,조업,수
2023-06-29,철강·금속,4718.7,33.9,조업,목
2023-06-30,철강·금속,4297.4,37.1,조업,금
2023-07-01,철강·금속,1261.3,37.7,휴무,토
2023-07-02,철강·금속,1329.1,38.1,휴무,일
2023-07-03,철강·금속,4199.2,37.5,조업,월
2023-07-04,철강·금속,4014.5,34.8,조업,화
2023-07-05,철강·금속,4415.4,32.7,조업,수
2023-07-06,철강·금속,3935.7,39.1,조업,목
2023-07-07,철강·금속,4258.7,35.2,조업,금
2023-07-08,철강·금속,1300.3,32.9,휴무,토
2023-07-09,철강·금속,1277.3,39.6,휴무,일
2023-07-10,철강·금속,4103.3,33.5,조업,월
2023-07-11,철강·금속,4163.1,31.8,조업,화
2023-07-12,철강·금속,4179.9,37.9,조업,수
2023-07-13,철강·금속,3992.7,34.7,조업,목
2023-07-14,철강·금속,4258.6,36.4,조업,금
2023-07-15,철강·금속,1289.5,34.0,휴무,토
2023-07-16,철강·금속,1227.3,34.9,휴무,일
2023-07-17,철강·금속,3840.1,33.1,조업,월
2023-07-18,철강·금속,4257.9,37.3,조업,화
2023-07-19,철강·금속,4138.0,32.9,조업,수
2023-07-20,철강·금속,4269.6,37.4,조업,목
2023-07-21,철강·금속,4591.5,35.4,조업,금
2023-07-22,철강·금속,1309.7,32.7,휴무,토
2023-07-23,철강·금속,1351.8,35.9,휴무,일
2023-07-24,철강·금속,4213.7,33.5,조업,월
2023-07-25,철강·금속,4254.3,37.1,조업,화
2023-07-26,철강·금속,4183.3,33.7,조업,수
2023-07-27,철강·금속,4322.6,38.3,조업,목
2023-07-28,철강·금속,4537.1,35.1,조업,금
2023-07-29,철강·금속,1220.9,37.2,휴무,토
2023-07-30,철강·금속,1264.6,34.1,휴무,일
2023-07-31,철강·금속,4187.8,37.5,조업,월
2023-08-01,철강·금속,4453.1,31.8,조업,화
2023-08-02,철강·금속,4408.5,35.1,조업,수
2023-08-03,철강·금속,4642.8,35.9,조업,목
2023-08-04,철강·금속,4333.9,31.7,조업,금
2023-08-05,철강·금속,1295.4,30.2,휴무,토
2023-08-06,철강·금속,1316.8,34.0,휴무,일
2023-08-07,철강·금속,4548.0,32.4,조업,월
2023-08-08,철강·금속,4594.1,36.5,조업,화
2023-08-09,철강·금속,4481.1,34.5,조업,수
2023-08-10,철강·금속,4585.7,33.1,조업,목
2023-08-11,철강·금속,4362.0,32.6,조업,금
2023-08-12,철강·금속,1448.5,32.7,휴무,토
2023-08-13,철강·금속,1381.5,30.3,휴무,일
2023-08-14,철강·금속,4286.3,31.0,조업,월
2023-08-15,철강·금속,4430.3,35.1,조업,화
2023-08-16,철강·금속,4476.7,31.7,조업,수
2023-08-17,철강·금속,4363.3,33.4,조업,목
2023-08-18,철강·금속,4566.9,33.9,조업,금
2023-08-19,철강·금속,1318.4,31.9,휴무,토
2023-08-20,철강·금속,1308.3,33.0,휴무,일
2023-08-21,철강·금속,4324.4,32.5,조업,월
2023-08-22,철강·금속,4688.9,32.8,조업,화
2023-08-23,철강·금속,4330.3,31.6,조업,수
2023-08-24,철강·금속,4325.0,33.1,조업,목
2023-08-25,철강·금속,4394.4,31.5,조업,금
2023-08-26,철강·금속,1350.8,36.4,휴무,토
2023-08-27,철강·금속,1368.7,30.7,휴무,일
2023-08-28,철강·금속,3980.9,36.2,조업,월
2023-08-29,철강·금속,4516.3,33.8,조업,화
2023-08-30,철강·금속,4399.4,37.3,조업,수
2023-08-31,철강·금속,4491.0,35.9,조업,목
2023-09-01,철강·금속,5269.9,25.3,조업,금
2023-09-02,철강·금속,1519.8,32.4,휴무,토
2023-09-03,철강·금속,1590.1,28.4,휴무,일
2023-09-04,철강·금속,5235.0,28.4,조업,월
2023-09-05,철강·금속,4963.3,23.8,조업,화
2023-09-06,철강·금속,5030.8,24.3,조업,수
2023-09-07,철강·금속,4979.6,26.4,조업,목
2023-09-08,철강·금속,4874.5,26.9,조업,금
2023-09-09,철강·금속,1496.7,29.0,휴무,토
2023-09-10,철강·금속,1539.1,27.7,휴무,일
2023-09-11,철강·금속,5199.8,25.3,조업,월
2023-09-12,철강·금속,5538.0,28.6,조업,화
2023-09-13,철강·금속,4965.7,29.7,조업,수
2023-09-14,철강·금속,5339.9,25.8,조업,목
2023-09-15,철강·금속,4636.1,26.7,조업,금
2023-09-16,철강·금속,1460.7,25.8,휴무,토
2023-09-17,철강·금속,1524.9,28.0,휴무,일
2023-09-18,철강·금속,5258.0,29.2,조업,월
2023-09-19,철강·금속,5135.8,25.1,조업,화
2023-09-20,철강·금속,4921.4,27.4,조업,수
2023-09-21,철강·금속,5010.4,24.2,조업,목
2023-09-22,철강·금속,4855.0,27.8,조업,금
2023-09-23,철강·금속,1422.6,29.1,휴무,토
2023-09-24,철강·금속,1433.2,27.9,휴무,일
2023-09-25,철강·금속,4955.4,28.2,조업,월
2023-09-26,철강·금속,5183.9,26.8,조업,화
2023-09-27,철강·금속,4844.1,28.6,조업,수
2023-09-28,철강·금속,4842.8,26.1,조업,목
2023-09-29,철강·금속,4795.7,26.9,조업,금
2023-09-30,철강·금속,1563.3,27.4,휴무,토
2023-10-01,철강·금속,1613.3,19.6,휴무,일
2023-10-02,철강·금속,5079.0,17.4,조업,월
2023-10-03,철강·금속,5454.7,18.3,조업,화
2023-10-04,철강·금속,5109.5,22.4,조업,수
2023-10-05,철강·금속,5401.8,20.0,조업,목
2023-10-06,철강·금속,5722.0,19.0,조업,금
2023-10-07,철강·금속,1633.0,20.3,휴무,토
2023-10-08,철강·금속,1803.5,18.8,휴무,일
2023-10-09,철강·금속,5191.7,17.4,조업,월
2023-10-10,철강·금속,5382.7,23.9,조업,화
2023-10-11,철강·금속,5525.2,22.6,조업,수
2023-10-12,철강·금속,5340.1,17.9,조업,목
2023-10-13,철강·금속,5489.6,20.8,조업,금
2023-10-14,철강·금속,1661.6,20.2,휴무,토
2023-10-15,철강·금속,1680.6,17.7,휴무,일
2023-10-16,철강·금속,5495.3,18.0,조업,월
2023-10-17,철강·금속,5373.1,18.2,조업,화
2023-10-18,철강·금속,5596.5,20.4,조업,수
2023-10-19,철강·금속,5725.9,19.3,조업,목
2023-10-20,철강·금속,5435.7,15.8,조업,금
2023-10-21,철강·금속,1668.2,16.3,휴무,토
2023-10-22,철강·금속,1670.6,18.2,휴무,일
2023-10-23,철강·금속,5544.7,21.7,조업,월
2023-10-24,철강·금속,5513.7,20.9,조업,화
2023-10-25,철강·금속,5570.8,23.5,조업,수
2023-10-26,철강·금속,5532.8,23.1,조업,목
2023-10-27,철강·금속,5231.7,21.3,조업,금
2023-10-28,철강·금속,1587.1,20.8,휴무,토
2023-10-29,철강·금속,1653.7,19.3,휴무,일
2023-10-30,철강·금속,5266.7,18.6,조업,월
2023-10-31,철강·금속,5439.2,19.7,조업,화
2023-11-01,철강·금속,6115.3,13.0,조업,수
2023-11-02,철강·금속,6004.6,12.6,조업,목
2023-11-03,철강·금속,6088.7,14.5,조업,금
2023-11-04,철강·금속,1803.4,11.3,휴무,토
2023-11-05,철강·금속,1811.5,11.4,휴무,일
2023-11-06,철강·금속,5898.0,12.3,조업,월
2023-11-07,철강·금속,6104.1,11.9,조업,화
2023-11-08,철강·금속,6199.7,14.7,조업,수
2023-11-09,철강·금속,6187.2,11.0,조업,목
2023-11-10,철강·금속,6248.2,9.2,조업,금
2023-11-11,철강·금속,1913.9,11.2,휴무,토
2023-11-12,철강·금속,1828.5,11.6,휴무,일
2023-11-13,철강·금속,5918.8,14.4,조업,월
2023-11-14,철강·금속,6055.4,11.7,조업,화
2023-11-15,철강·금속,6303.9,11.6,조업,수
2023-11-16,철강·금속,6238.7,12.6,조업,목
2023-11-17,철강·금속,6177.6,11.9,조업,금
2023-11-18,철강·금속,1765.7,12.4,휴무,토
2023-11-19,철강·금속,1833.3,10.0,휴무,일
2023-11-20,철강·금속,6007.3,14.8,조업,월
2023-11-21,철강·금속,5824.4,12.8,조업,화
2023-11-22,철강·금속,6003.0,14.0,조업,수
2023-11-23,철강·금속,5784.0,8.2,조업,목
2023-11-24,철강·금속,6373.5,12.2,조업,금
2023-11-25,철강·금속,1811.7,14.1,휴무,토
2023-11-26,철강·금속,1899.3,17.2,휴무,일
2023-11-27,철강·금속,5939.0,14.1,조업,월
2023-11-28,철강·금속,6038.4,13.5,조업,화
2023-11-29,철강·금속,6403.9,11.6,조업,수
2023-11-30,철강·금속,5941.0,12.9,조업,목
2023-12-01,철강·금속,6501.0,4.1,조업,금
2023-12-02,철강·금속,2024.5,7.6,휴무,토
2023-12-03,철강·금속,2083.6,7.9,휴무,일
2023-12-04,철강·금속,7066.8,5.2,조업,월
2023-12-05,철강·금속,6572.2,4.7,조업,화
2023-12-06,철강·금속,6420.7,8.2,조업,수
2023-12-07,철강·금속,6694.5,8.3,조업,목
2023-12-08,철강·금속,6749.4,5.0,조업,금
2023-12-09,철강·금속,1935.3,7.6,휴무,토
2023-12-10,철강·금속,2009.7,6.4,휴무,일
2023-12-11,철강·금속,6759.4,6.8,조업,월
2023-12-12,철강·금속,6694.7,8.5,조업,화
2023-12-13,철강·금속,6575.6,4.6,조업,수
2023-12-14,철강·금속,6473.1,7.8,조업,목
2023-12-15,철강·금속,6889.0,4.2,조업,금
2023-12-16,철강·금속,2131.2,10.1,휴무,토
2023-12-17,철강·금속,2006.1,9.6,휴무,일
2023-12-18,철강·금속,6989.0,8.2,조업,월
2023-12-19,철강·금속,6671.8,8.0,조업,화
2023-12-20,철강·금속,6888.2,6.9,조업,수
2023-12-21,철강·금속,6359.7,6.1,조업,목
2023-12-22,철강·금속,7131.6,6.6,조업,금
2023-12-23,철강·금속,1966.3,8.0,휴무,토
2023-12-24,철강·금속,2168.5,6.8,휴무,일
2023-12-25,철강·금속,6652.7,4.8,조업,월
2023-12-26,철강·금속,7071.5,8.0,조업,화
2023-12-27,철강·금속,6474.3,6.4,조업,수
2023-12-28,철강·금속,6655.6,8.3,조업,목
2023-12-29,철강·금속,6682.8,1.3,조업,금
2023-12-30,철강·금속,2039.5,10.4,휴무,토
2023-12-31,철강·금속,2013.5,8.9,휴무,일
2024-01-01,철강·금속,6824.9,8.6,조업,월
2024-01-02,철강·금속,6885.1,5.1,조업,화
2024-01-03,철강·금속,6819.6,3.9,조업,수
2024-01-04,철강·금속,7140.4,8.7,조업,목
2024-01-05,철강·금속,7105.0,2.9,조업,금
2024-01-06,철강·금속,2092.3,2.7,휴무,토
2024-01-07,철강·금속,2241.5,5.7,휴무,일
2024-01-08,철강·금속,7054.7,4.1,조업,월
2024-01-09,철강·금속,7083.9,2.7,조업,화
2024-01-10,철강·금속,6911.5,7.5,조업,수
2024-01-11,철강·금속,7444.1,1.9,조업,목
2024-01-12,철강·금속,6578.6,6.4,조업,금
2024-01-13,철강·금속,2201.5,6.4,휴무,토
2024-01-14,철강·금속,2064.1,3.0,휴무,일
2024-01-15,철강·금속,6503.7,7.7,조업,월
2024-01-16,철강·금속,6874.8,2.5,조업,화
2024-01-17,철강·금속,6964.4,6.4,조업,수
2024-01-18,철강·금속,6827.1,4.6,조업,목
2024-01-19,철강·금속,7053.8,3.0,조업,금
2024-01-20,철강·금속,1984.8,4.5,휴무,토
2024-01-21,철강·금속,2068.0,6.8,휴무,일
2024-01-22,철강·금속,7296.9,5.7,조업,월
2024-01-23,철강·금속,7351.3,4.4,조업,화
2024-01-24,철강·금속,7144.7,5.0,조업,수
2024-01-25,철강·금속,7016.2,7.3,조업,목
2024-01-26,철강·금속,7082.5,5.5,조업,금
2024-01-27,철강·금속,2062.1,3.8,휴무,토
2024-01-28,철강·금속,2089.7,7.0,휴무,일
2024-01-29,철강·금속,6955.6,6.1,조업,월
2024-01-30,철강·금속,6818.2,5.4,조업,화
2024-01-31,철강·금속,7034.9,3.6,조업,수
2024-02-01,철강·금속,6422.9,7.3,조업,목
2024-02-02,철강·금속,6391.5,9.1,조업,금
2024-02-03,철강·금속,2138.9,5.5,휴무,토
2024-02-04,철강·금속,1887.3,5.6,휴무,일
2024-02-05,철강·금속,6371.5,7.3,조업,월
2024-02-06,철강·금속,6711.2,6.6,조업,화
2024-02-07,철강·금속,6130.8,5.8,조업,수
2024-02-08,철강·금속,6587.3,7.3,조업,목
2024-02-09,철강·금속,6455.8,7.8,조업,금
2024-02-10,철강·금속,2046.5,7.9,휴무,토
2024-02-11,철강·금속,2118.9,7.2,휴무,일
2024-02-12,철강·금속,6647.4,5.9,조업,월
2024-02-13,철강·금속,6672.9,5.9,조업,화
2024-02-14,철강·금속,6822.4,5.7,조업,수
2024-02-15,철강·금속,6536.1,6.3,조업,목
2024-02-16,철강·금속,6240.9,10.5,조업,금
2024-02-17,철강·금속,1795.4,6.9,휴무,토
2024-02-18,철강·금속,1785.6,7.7,휴무,일
2024-02-19,철강·금속,6842.7,10.7,조업,월
2024-02-20,철강·금속,6524.3,7.4,조업,화
2024-02-21,철강·금속,6361.9,8.4,조업,수
2024-02-22,철강·금속,6300.6,6.4,조업,목
2024-02-23,철강·금속,6663.2,3.9,조업,금
2024-02-24,철강·금속,1947.9,5.8,휴무,토
2024-02-25,철강·금속,2046.8,6.4,휴무,일
2024-02-26,철강·금속,6614.0,9.0,조업,월
2024-02-27,철강·금속,6359.9,7.2,조업,화
2024-02-28,철강·금속,6407.3,9.8,조업,수
2024-02-29,철강·금속,6612.0,6.9,조업,목
2024-03-01,철강·금속,5527.4,12.4,조업,금
2024-03-02,철강·금속,1706.1,13.4,휴무,토
2024-03-03,철강·금속,1660.8,16.6,휴무,일
2024-03-04,철강·금속,5751.5,13.6,조업,월
2024-03-05,철강·금속,5606.0,11.6,조업,화
2024-03-06,철강·금속,5315.2,13.3,조업,수
2024-03-07,철강·금속,5564.8,16.8,조업,목
2024-03-08,철강·금속,5929.3,11.4,조업,금
2024-03-09,철강·금속,1673.5,12.2,휴무,토
2024-03-10,철강·금속,1672.9,8.5,휴무,일
2024-03-11,철강·금속,5232.0,12.8,조업,월
2024-03-12,철강·금속,5494.3,9.1,조업,화
2024-03-13,철강·금속,5533.4,12.9,조업,수
2024-03-14,철강·금속,5894.7,13.2,조업,목
2024-03-15,철강·금속,5245.1,9.8,조업,금
2024-03-16,철강·금속,1581.9,12.4,휴무,토
2024-03-17,철강·금속,1637.2,14.1,휴무,일
2024-03-18,철강·금속,5222.4,15.2,조업,월
2024-03-19,철강·금속,5895.2,15.6,조업,화
2024-03-20,철강·금속,5119.9,14.1,조업,수
2024-03-21,철강·금속,5795.3,10.2,조업,목
2024-03-22,철강·금속,5844.2,12.2,조업,금
2024-03-23,철강·금속,1621.6,11.2,휴무,토
2024-03-24,철강·금속,1660.1,12.4,휴무,일
2024-03-25,철강·금속,5262.3,14.3,조업,월
2024-03-26,철강·금속,5686.8,12.0,조업,화
2024-03-27,철강·금속,5066.1,8.8,조업,수
2024-03-28,철강·금속,5346.6,12.2,조업,목
2024-03-29,철강·금속,5465.0,12.6,조업,금
2024-03-30,철강·금속,1668.0,10.0,휴무,토
2024-03-31,철강·금속,1682.7,16.3,휴무,일
2024-04-01,철강·금속,4452.0,22.3,조업,월
2024-04-02,철강·금속,4931.2,18.7,조업,화
2024-04-03,철강·금속,4946.9,19.4,조업,수
2024-04-04,철강·금속,4917.6,18.6,조업,목
2024-04-05,철강·금속,4726.4,20.2,조업,금
2024-04-06,철강·금속,1557.7,23.1,휴무,토
2024-04-07,철강·금속,1440.6,21.9,휴무,일
2024-04-08,철강·금속,5028.6,21.0,조업,월
2024-04-09,철강·금속,4942.8,20.5,조업,화
2024-04-10,철강·금속,4971.6,23.2,조업,수
2024-04-11,철강·금속,5095.2,19.1,조업,목
2024-04-12,철강·금속,5295.1,19.6,조업,금
2024-04-13,철강·금속,1518.7,21.9,휴무,토
2024-04-14,철강·금속,1653.8,16.8,휴무,일
2024-04-15,철강·금속,5270.4,21.7,조업,월
2024-04-16,철강·금속,4827.7,18.4,조업,화
2024-04-17,철강·금속,5011.2,21.5,조업,수
2024-04-18,철강·금속,5011.9,22.2,조업,목
2024-04-19,철강·금속,5102.6,19.1,조업,금
2024-04-20,철강·금속,1552.3,20.8,휴무,토
2024-04-21,철강·금속,1521.3,17.8,휴무,일
2024-04-22,철강·금속,5015.0,21.7,조업,월
2024-04-23,철강·금속,4868.1,23.7,조업,화
2024-04-24,철강·금속,5147.6,18.2,조업,수
2024-04-25,철강·금속,4796.7,17.0,조업,목
2024-04-26,철강·금속,4747.3,17.8,조업,금
2024-04-27,철강·금속,1594.6,18.9,휴무,토
2024-04-28,철강·금속,1468.6,19.6,휴무,일
2024-04-29,철강·금속,4743.9,21.9,조업,월
2024-04-30,철강·금속,5070.2,22.7,조업,화
2024-05-01,철강·금속,4516.3,28.7,조업,수
2024-05-02,철강·금속,4687.9,29.6,조업,목
2024-05-03,철강·금속,4790.9,28.1,조업,금
2024-05-04,철강·금속,1352.0,27.4,휴무,토
2024-05-05,철강·금속,1522.5,27.5,휴무,일
2024-05-06,철강·금속,4632.1,25.4,조업,월
2024-05-07,철강·금속,4557.2,23.2,조업,화
2024-05-08,철강·금속,4497.9,30.4,조업,수
2024-05-09,철강·금속,4995.0,29.9,조업,목
2024-05-10,철강·금속,4876.9,24.9,조업,금
2024-05-11,철강·금속,1426.0,24.8,휴무,토
2024-05-12,철강·금속,1393.7,28.9,휴무,일
2024-05-13,철강·금속,4670.6,26.5,조업,월
2024-05-14,철강·금속,4882.7,26.7,조업,화
2024-05-15,철강·금속,4623.0,25.7,조업,수
2024-05-16,철강·금속,4596.5,27.4,조업,목
2024-05-17,철강·금속,4667.3,24.1,조업,금
2024-05-18,철강·금속,1429.4,27.4,휴무,토
2024-05-19,철강·금속,1399.6,25.0,휴무,일
2024-05-20,철강·금속,4586.2,28.0,조업,월
2024-05-21,철강·금속,4697.7,27.4,조업,화
2024-05-22,철강·금속,4727.3,26.3,조업,수
2024-05-23,철강·금속,4735.8,26.1,조업,목
2024-05-24,철강·금속,4799.9,26.0,조업,금
2024-05-25,철강·금속,1389.0,31.9,휴무,토
2024-05-26,철강·금속,1499.4,24.4,휴무,일
2024-05-27,철강·금속,4888.1,27.3,조업,월
2024-05-28,철강·금속,4607.4,26.0,조업,화
2024-05-29,철강·금속,5032.0,27.1,조업,수
2024-05-30,철강·금속,4764.3,26.6,조업,목
2024-05-31,철강·금속,5014.7,30.7,조업,금
2024-06-01,철강·금속,1411.6,34.9,휴무,토
2024-06-02,철강·금속,1319.7,31.2,휴무,일
2024-06-03,철강·금속,4339.7,33.1,조업,월
2024-06-04,철강·금속,4546.3,33.3,조업,화
2024-06-05,철강·금속,4653.8,32.7,조업,수
2024-06-06,철강·금속,4439.7,32.6,조업,목
2024-06-07,철강·금속,4735.3,33.6,조업,금
2024-06-08,철강·금속,1304.8,36.2,휴무,토
2024-06-09,철강·금속,1380.8,30.5,휴무,일
2024-06-10,철강·금속,4657.4,32.9,조업,월
2024-06-11,철강·금속,4595.5,31.5,조업,화
2024-06-12,철강·금속,4653.1,31.5,조업,수
2024-06-13,철강·금속,4521.5,32.8,조업,목
2024-06-14,철강·금속,4164.7,35.3,조업,금
2024-06-15,철강·금속,1343.9,35.8,휴무,토
2024-06-16,철강·금속,1494.4,35.5,휴무,일
2024-06-17,철강·금속,4493.5,33.9,조업,월
2024-06-18,철강·금속,4629.4,33.5,조업,화
2024-06-19,철강·금속,4261.0,29.9,조업,수
2024-06-20,철강·금속,4553.6,30.9,조업,목
2024-06-21,철강·금속,4472.6,30.7,조업,금
2024-06-22,철강·금속,1272.0,35.9,휴무,토
2024-06-23,철강·금속,1527.8,31.2,휴무,일
2024-06-24,철강·금속,4629.7,32.5,조업,월
2024-06-25,철강·금속,4427.4,31.4,조업,화
2024-06-26,철강·금속,4338.2,32.4,조업,수
2024-06-27,철강·금속,4706.9,33.9,조업,목
2024-06-28,철강·금속,4400.0,30.4,조업,금
2024-06-29,철강·금속,1363.3,33.2,휴무,토
2024-06-30,철강·금속,1334.6,30.7,휴무,일
2024-07-01,철강·금속,4035.2,35.8,조업,월
2024-07-02,철강·금속,4418.6,35.0,조업,화
2024-07-03,철강·금속,4142.3,35.0,조업,수
2024-07-04,철강·금속,3913.3,34.4,조업,목
2024-07-05,철강·금속,4200.6,34.6,조업,금
2024-07-06,철강·금속,1294.5,33.3,휴무,토
2024-07-07,철강·금속,1311.1,34.9,휴무,일
2024-07-08,철강·금속,4037.4,34.5,조업,월
2024-07-09,철강·금속,4110.6,31.3,조업,화
2024-07-10,철강·금속,4175.3,35.9,조업,수
2024-07-11,철강·금속,4560.8,32.7,조업,목
2024-07-12,철강·금속,4510.6,33.2,조업,금
2024-07-13,철강·금속,1239.2,33.6,휴무,토
2024-07-14,철강·금속,1343.4,33.3,휴무,일
2024-07-15,철강·금속,4036.1,31.2,조업,월
2024-07-16,철강·금속,4195.4,33.3,조업,화
2024-07-17,철강·금속,4433.4,34.6,조업,수
2024-07-18,철강·금속,4017.8,35.8,조업,목
2024-07-19,철강·금속,4181.9,37.0,조업,금
2024-07-20,철강·금속,1260.3,37.2,휴무,토
2024-07-21,철강·금속,1324.4,37.0,휴무,일
2024-07-22,철강·금속,4182.3,35.4,조업,월
2024-07-23,철강·금속,4136.0,33.7,조업,화
2024-07-24,철강·금속,4318.9,31.3,조업,수
2024-07-25,철강·금속,4428.3,32.7,조업,목
2024-07-26,철강·금속,4281.9,37.7,조업,금
2024-07-27,철강·금속,1228.1,34.3,휴무,토
2024-07-28,철강·금속,1346.1,36.9,휴무,일
2024-07-29,철강·금속,4464.8,32.7,조업,월
2024-07-30,철강·금속,3783.9,39.2,조업,화
2024-07-31,철강·금속,4550.0,35.5,조업,수
2024-08-01,철강·금속,4611.1,30.7,조업,목
2024-08-02,철강·금속,4644.4,33.4,조업,금
2024-08-03,철강·금속,1302.3,35.5,휴무,토
2024-08-04,철강·금속,1226.1,29.5,휴무,일
2024-08-05,철강·금속,4446.2,34.8,조업,월
2024-08-06,철강·금속,4602.1,33.7,조업,화
2024-08-07,철강·금속,4084.4,31.8,조업,수
2024-08-08,철강·금속,4471.7,32.6,조업,목
2024-08-09,철강·금속,4507.9,31.1,조업,금
2024-08-10,철강·금속,1363.9,30.9,휴무,토
2024-08-11,철강·금속,1356.5,34.0,휴무,일
2024-08-12,철강·금속,4451.8,32.9,조업,월
2024-08-13,철강·금속,4071.5,32.1,조업,화
2024-08-14,철강·금속,4722.4,32.1,조업,수
2024-08-15,철강·금속,4481.4,30.8,조업,목
2024-08-16,철강·금속,4431.1,28.0,조업,금
2024-08-17,철강·금속,1369.6,32.0,휴무,토
2024-08-18,철강·금속,1381.1,31.2,휴무,일
2024-08-19,철강·금속,4682.6,34.5,조업,월
2024-08-20,철강·금속,4703.4,32.1,조업,화
2024-08-21,철강·금속,4230.4,33.7,조업,수
2024-08-22,철강·금속,4374.9,34.6,조업,목
2024-08-23,철강·금속,4663.5,33.1,조업,금
2024-08-24,철강·금속,1340.7,31.6,휴무,토
2024-08-25,철강·금속,1432.1,32.1,휴무,일
2024-08-26,철강·금속,4383.2,32.4,조업,월
2024-08-27,철강·금속,4904.7,30.7,조업,화
2024-08-28,철강·금속,4657.0,31.8,조업,수
2024-08-29,철강·금속,4277.0,34.8,조업,목
2024-08-30,철강·금속,4731.8,32.2,조업,금
2024-08-31,철강·금속,1319.9,33.9,휴무,토
2024-09-01,철강·금속,1528.1,32.2,휴무,일
2024-09-02,철강·금속,5237.7,27.2,조업,월
2024-09-03,철강·금속,4923.1,27.8,조업,화
2024-09-04,철강·금속,5279.1,26.2,조업,수
2024-09-05,철강·금속,4962.2,28.2,조업,목
2024-09-06,철강·금속,5035.1,28.0,조업,금
2024-09-07,철강·금속,1554.5,26.7,휴무,토
2024-09-08,철강·금속,1429.0,32.3,휴무,일
2024-09-09,철강·금속,4973.7,26.8,조업,월
2024-09-10,철강·금속,4881.0,32.2,조업,화
2024-09-11,철강·금속,5184.1,23.2,조업,수
2024-09-12,철강·금속,4952.2,26.5,조업,목
2024-09-13,철강·금속,5046.7,25.2,조업,금
2024-09-14,철강·금속,1482.0,26.9,휴무,토
2024-09-15,철강·금속,1571.0,24.5,휴무,일
2024-09-16,철강·금속,4979.9,25.4,조업,월
2024-09-17,철강·금속,4791.0,26.1,조업,화
2024-09-18,철강·금속,4687.7,26.8,조업,수
2024-09-19,철강·금속,5212.8,25.5,조업,목
2024-09-20,철강·금속,5174.5,32.1,조업,금
2024-09-21,철강·금속,1519.6,29.1,휴무,토
2024-09-22,철강·금속,1478.3,26.8,휴무,일
2024-09-23,철강·금속,5259.2,23.9,조업,월
2024-09-24,철강·금속,4925.0,30.2,조업,화
2024-09-25,철강·금속,4416.7,28.0,조업,수
2024-09-26,철강·금속,4919.4,26.5,조업,목
2024-09-27,철강·금속,4722.5,24.9,조업,금
2024-09-28,철강·금속,1488.9,27.8,휴무,토
2024-09-29,철강·금속,1589.8,29.1,휴무,일
2024-09-30,철강·금속,4901.6,30.0,조업,월
2024-10-01,철강·금속,5350.1,22.8,조업,화
2024-10-02,철강·금속,5349.2,21.3,조업,수
2024-10-03,철강·금속,4911.7,21.0,조업,목
2024-10-04,철강·금속,5488.0,21.4,조업,금
2024-10-05,철강·금속,1722.7,24.2,휴무,토
2024-10-06,철강·금속,1695.4,20.2,휴무,일
2024-10-07,철강·금속,5347.3,21.8,조업,월
2024-10-08,철강·금속,5563.9,21.7,조업,화
2024-10-09,철강·금속,5784.1,18.9,조업,수
2024-10-10,철강·금속,5500.2,20.0,조업,목
2024-10-11,철강·금속,5335.0,18.1,조업,금
2024-10-12,철강·금속,1643.9,20.8,휴무,토
2024-10-13,철강·금속,1749.9,24.1,휴무,일
2024-10-14,철강·금속,5302.1,17.6,조업,월
2024-10-15,철강·금속,5519.4,20.8,조업,화
2024-10-16,철강·금속,5309.8,20.1,조업,수
2024-10-17,철강·금속,5285.6,21.9,조업,목
2024-10-18,철강·금속,5601.5,20.6,조업,금
2024-10-19,철강·금속,1704.8,20.4,휴무,토
2024-10-20,철강·금속,1628.0,18.3,휴무,일
2024-10-21,철강·금속,5443.1,21.6,조업,월
2024-10-22,철강·금속,5431.3,22.1,조업,화
2024-10-23,철강·금속,5713.7,21.1,조업,수
2024-10-24,철강·금속,5790.5,21.0,조업,목
2024-10-25,철강·금속,5404.2,18.9,조업,금
2024-10-26,철강·금속,1617.0,19.7,휴무,토
2024-10-27,철강·금속,1597.8,14.0,휴무,일
2024-10-28,철강·금속,5328.8,16.8,조업,월
2024-10-29,철강·금속,5392.6,20.7,조업,화
2024-10-30,철강·금속,5580.1,17.6,조업,수
2024-10-31,철강·금속,5728.1,18.3,조업,목
2024-11-01,철강·금속,6058.8,13.1,조업,금
2024-11-02,철강·금속,1806.0,11.6,휴무,토
2024-11-03,철강·금속,1768.0,13.6,휴무,일
2024-11-04,철강·금속,6207.8,13.6,조업,월
2024-11-05,철강·금속,5916.7,13.8,조업,화
2024-11-06,철강·금속,6015.7,12.6,조업,수
2024-11-07,철강·금속,6473.1,13.6,조업,목
2024-11-08,철강·금속,5845.9,11.3,조업,금
2024-11-09,철강·금속,1848.9,12.8,휴무,토
2024-11-10,철강·금속,1898.3,12.3,휴무,일
2024-11-11,철강·금속,5902.4,10.6,조업,월
2024-11-12,철강·금속,6041.9,10.9,조업,화
2024-11-13,철강·금속,5910.8,14.3,조업,수
2024-11-14,철강·금속,6119.5,9.3,조업,목
2024-11-15,철강·금속,5901.6,13.8,조업,금
2024-11-16,철강·금속,1761.8,9.7,휴무,토
2024-11-17,철강·금속,1874.5,9.4,휴무,일
2024-11-18,철강·금속,6075.9,12.8,조업,월
2024-11-19,철강·금속,6266.2,16.3,조업,화
2024-11-20,철강·금속,5545.1,13.9,조업,수
2024-11-21,철강·금속,6409.8,11.8,조업,목
2024-11-22,철강·금속,5915.2,14.3,조업,금
2024-11-23,철강·금속,1731.7,14.3,휴무,토
2024-11-24,철강·금속,1780.6,12.8,휴무,일
2024-11-25,철강·금속,6094.3,12.6,조업,월
2024-11-26,철강·금속,5856.3,11.6,조업,화
2024-11-27,철강·금속,5971.2,16.9,조업,수
2024-11-28,철강·금속,5827.0,13.5,조업,목
2024-11-29,철강·금속,6085.7,10.6,조업,금
2024-11-30,철강·금속,1774.6,13.3,휴무,토
2024-12-01,철강·금속,1960.5,5.8,휴무,일
2024-12-02,철강·금속,6364.4,6.7,조업,월
2024-12-03,철강·금속,6552.4,8.3,조업,화
2024-12-04,철강·금속,6808.7,6.4,조업,수
2024-12-05,철강·금속,6750.8,6.7,조업,목
2024-12-06,철강·금속,6876.5,8.9,조업,금
2024-12-07,철강·금속,2053.1,8.7,휴무,토
2024-12-08,철강·금속,2009.3,10.0,휴무,일
2024-12-09,철강·금속,6836.9,9.8,조업,월
2024-12-10,철강·금속,6389.0,4.5,조업,화
2024-12-11,철강·금속,6802.4,5.7,조업,수
2024-12-12,철강·금속,6413.1,4.0,조업,목
2024-12-13,철강·금속,6460.1,3.9,조업,금
2024-12-14,철강·금속,2020.9,6.7,휴무,토
2024-12-15,철강·금속,2034.8,7.2,휴무,일
2024-12-16,철강·금속,6895.8,9.4,조업,월
2024-12-17,철강·금속,6824.1,5.6,조업,화
2024-12-18,철강·금속,6803.6,4.2,조업,수
2024-12-19,철강·금속,7161.3,7.4,조업,목
2024-12-20,철강·금속,6631.0,6.0,조업,금
2024-12-21,철강·금속,2008.5,5.9,휴무,토
2024-12-22,철강·금속,1990.4,6.5,휴무,일
2024-12-23,철강·금속,6144.6,4.4,조업,월
2024-12-24,철강·금속,6694.6,4.5,조업,화
2024-12-25,철강·금속,6485.0,8.3,조업,수
2024-12-26,철강·금속,6455.9,6.3,조업,목
2024-12-27,철강·금속,7150.0,10.2,조업,금
2024-12-28,철강·금속,2080.7,7.3,휴무,토
2024-12-29,철강·금속,1996.8,7.6,휴무,일
2024-12-30,철강·금속,6839.6,6.4,조업,월
2024-12-31,철강·금속,7101.5,5.7,조업,화
2023-01-01,화학·석유,4064.1,5.4,휴무,일
2023-01-02,화학·석유,13101.8,7.9,조업,월
2023-01-03,화학·석유,12944.5,9.2,조업,화
2023-01-04,화학·석유,12990.5,4.5,조업,수
2023-01-05,화학·석유,13405.9,5.2,조업,목
2023-01-06,화학·석유,13701.1,5.8,조업,금
2023-01-07,화학·석유,4079.4,5.7,휴무,토
2023-01-08,화학·석유,3898.9,3.6,휴무,일
2023-01-09,화학·석유,12621.3,2.6,조업,월
2023-01-10,화학·석유,14091.4,4.4,조업,화
2023-01-11,화학·석유,14202.5,4.0,조업,수
2023-01-12,화학·석유,12597.6,3.4,조업,목
2023-01-13,화학·석유,13610.5,5.5,조업,금
2023-01-14,화학·석유,4178.8,6.4,휴무,토
2023-01-15,화학·석유,3807.2,2.8,휴무,일
2023-01-16,화학·석유,13334.9,5.9,조업,월
2023-01-17,화학·석유,13858.4,9.6,조업,화
2023-01-18,화학·석유,13324.7,6.4,조업,수
2023-01-19,화학·석유,14266.4,6.1,조업,목
2023-01-20,화학·석유,12986.6,6.3,조업,금
2023-01-21,화학·석유,4312.9,6.4,휴무,토
2023-01-22,화학·석유,4262.6,3.8,휴무,일
2023-01-23,화학·석유,13422.5,5.1,조업,월
2023-01-24,화학·석유,13353.0,4.1,조업,화
2023-01-25,화학·석유,12945.1,5.4,조업,수
2023-01-26,화학·석유,13396.8,9.8,조업,목
2023-01-27,화학·석유,13035.0,7.1,조업,금
2023-01-28,화학·석유,4097.9,3.3,휴무,토
2023-01-29,화학·석유,3837.4,5.0,휴무,일
2023-01-30,화학·석유,12965.1,3.9,조업,월
2023-01-31,화학·석유,13583.8,4.6,조업,화
2023-02-01,화학·석유,12517.1,5.9,조업,수
2023-02-02,화학·석유,12245.1,8.6,조업,목
2023-02-03,화학·석유,12080.3,3.7,조업,금
2023-02-04,화학·석유,4003.1,9.8,휴무,토
2023-02-05,화학·석유,3763.5,4.4,휴무,일
2023-02-06,화학·석유,12100.0,7.1,조업,월
2023-02-07,화학·석유,12265.0,2.3,조업,화
2023-02-08,화학·석유,11975.4,8.9,조업,수
2023-02-09,화학·석유,12404.2,7.9,조업,목
2023-02-10,화학·석유,12851.0,7.4,조업,금
2023-02-11,화학·석유,3576.0,6.3,휴무,토
2023-02-12,화학·석유,3670.9,6.9,휴무,일
2023-02-13,화학·석유,11169.1,2.3,조업,월
2023-02-14,화학·석유,11430.3,5.2,조업,화
2023-02-15,화학·석유,12027.0,5.2,조업,수
2023-02-16,화학·석유,12626.3,7.6,조업,목
2023-02-17,화학·석유,12139.5,6.2,조업,금
2023-02-18,화학·석유,3917.8,7.0,휴무,토
2023-02-19,화학·석유,3816.1,8.0,휴무,일
2023-02-20,화학·석유,12437.5,10.5,조업,월
2023-02-21,화학·석유,12192.4,3.2,조업,화
2023-02-22,화학·석유,12094.7,4.3,조업,수
2023-02-23,화학·석유,11940.1,7.4,조업,목
2023-02-24,화학·석유,12754.4,5.1,조업,금
2023-02-25,화학·석유,3850.4,6.3,휴무,토
2023-02-26,화학·석유,3354.5,4.9,휴무,일
2023-02-27,화학·석유,12505.0,5.0,조업,월
2023-02-28,화학·석유,12731.4,9.8,조업,화
2023-03-01,화학·석유,10897.1,15.6,조업,수
2023-03-02,화학·석유,10257.8,12.1,조업,목
2023-03-03,화학·석유,10225.2,12.2,조업,금
2023-03-04,화학·석유,3106.8,9.4,휴무,토
2023-03-05,화학·석유,3022.8,13.9,휴무,일
2023-03-06,화학·석유,10770.5,14.3,조업,월
2023-03-07,화학·석유,10167.4,12.8,조업,화
2023-03-08,화학·석유,10492.3,14.3,조업,수
2023-03-09,화학·석유,9787.4,14.8,조업,목
2023-03-10,화학·석유,10302.4,11.7,조업,금
2023-03-11,화학·석유,3101.4,14.0,휴무,토
2023-03-12,화학·석유,3277.7,12.1,휴무,일
2023-03-13,화학·석유,11201.6,9.1,조업,월
2023-03-14,화학·석유,10291.0,12.5,조업,화
2023-03-15,화학·석유,9937.1,16.0,조업,수
2023-03-16,화학·석유,10813.5,11.0,조업,목
2023-03-17,화학·석유,10367.8,12.9,조업,금
2023-03-18,화학·석유,3120.3,13.1,휴무,토
2023-03-19,화학·석유,3116.6,13.4,휴무,일
2023-03-20,화학·석유,10604.1,16.9,조업,월
2023-03-21,화학·석유,10435.0,11.6,조업,화
2023-03-22,화학·석유,11165.6,13.8,조업,수
2023-03-23,화학·석유,10527.3,14.3,조업,목
2023-03-24,화학·석유,9879.2,12.1,조업,금
2023-03-25,화학·석유,3325.0,14.9,휴무,토
2023-03-26,화학·석유,3356.2,12.2,휴무,일
2023-03-27,화학·석유,10403.2,13.1,조업,월
2023-03-28,화학·석유,10253.1,12.3,조업,화
2023-03-29,화학·석유,10623.2,15.7,조업,수
2023-03-30,화학·석유,10979.6,15.2,조업,목
2023-03-31,화학·석유,10169.6,12.4,조업,금
2023-04-01,화학·석유,2994.1,18.8,휴무,토
2023-04-02,화학·석유,2753.0,20.8,휴무,일
2023-04-03,화학·석유,9770.3,21.5,조업,월
2023-04-04,화학·석유,10031.8,18.7,조업,화
2023-04-05,화학·석유,9704.1,19.3,조업,수
2023-04-06,화학·석유,9510.6,21.8,조업,목
2023-04-07,화학·석유,9559.8,20.8,조업,금
2023-04-08,화학·석유,2772.5,19.8,휴무,토
2023-04-09,화학·석유,2977.7,20.2,휴무,일
2023-04-10,화학·석유,9357.7,18.8,조업,월
2023-04-11,화학·석유,9819.3,18.8,조업,화
2023-04-12,화학·석유,9630.9,19.8,조업,수
2023-04-13,화학·석유,9951.7,22.0,조업,목
2023-04-14,화학·석유,9519.6,17.4,조업,금
2023-04-15,화학·석유,3006.0,21.3,휴무,토
2023-04-16,화학·석유,2854.0,19.9,휴무,일
2023-04-17,화학·석유,9494.1,20.8,조업,월
2023-04-18,화학·석유,9470.0,14.4,조업,화
2023-04-19,화학·석유,9267.1,21.5,조업,수
2023-04-20,화학·석유,10706.3,18.9,조업,목
2023-04-21,화학·석유,9582.3,19.3,조업,금
2023-04-22,화학·석유,3020.0,20.8,휴무,토
2023-04-23,화학·석유,2858.5,18.9,휴무,일
2023-04-24,화학·석유,9534.8,20.2,조업,월
2023-04-25,화학·석유,9260.6,19.2,조업,화
2023-04-26,화학·석유,9951.7,21.8,조업,수
2023-04-27,화학·석유,9170.7,17.7,조업,목
2023-04-28,화학·석유,10060.9,19.4,조업,금
2023-04-29,화학·석유,2940.4,19.4,휴무,토
2023-04-30,화학·석유,2734.8,21.9,휴무,일
2023-05-01,화학·석유,9128.0,27.5,조업,월
2023-05-02,화학·석유,9237.2,29.9,조업,화
2023-05-03,화학·석유,8978.8,28.6,조업,수
2023-05-04,화학·석유,8715.7,25.3,조업,목
2023-05-05,화학·석유,9608.8,27.6,조업,금
2023-05-06,화학·석유,2794.6,30.5,휴무,토
2023-05-07,화학·석유,2793.3,26.1,휴무,일
2023-05-08,화학·석유,9407.3,25.2,조업,월
2023-05-09,화학·석유,8601.9,26.7,조업,화
2023-05-10,화학·석유,9286.2,28.9,조업,수
2023-05-11,화학·석유,9138.8,28.1,조업,목
2023-05-12,화학·석유,8784.4,24.8,조업,금
2023-05-13,화학·석유,2762.8,26.9,휴무,토
2023-05-14,화학·석유,2589.7,27.1,휴무,일
2023-05-15,화학·석유,9413.4,24.3,조업,월
2023-05-16,화학·석유,8879.1,30.8,조업,화
2023-05-17,화학·석유,8562.6,27.0,조업,수
2023-05-18,화학·석유,9664.1,27.7,조업,목
2023-05-19,화학·석유,8872.7,29.3,조업,금
2023-05-20,화학·석유,2884.3,24.0,휴무,토
2023-05-21,화학·석유,2753.7,27.8,휴무,일
2023-05-22,화학·석유,9106.6,25.2,조업,월
2023-05-23,화학·석유,9321.3,27.6,조업,화
2023-05-24,화학·석유,9170.4,26.4,조업,수
2023-05-25,화학·석유,9481.1,25.8,조업,목
2023-05-26,화학·석유,9087.2,32.5,조업,금
2023-05-27,화학·석유,2811.1,29.7,휴무,토
2023-05-28,화학·석유,2634.2,28.4,휴무,일
2023-05-29,화학·석유,8967.0,25.3,조업,월
2023-05-30,화학·석유,8602.8,28.7,조업,화
2023-05-31,화학·석유,9135.7,25.3,조업,수
2023-06-01,화학·석유,8481.9,34.5,조업,목
2023-06-02,화학·석유,9101.5,31.6,조업,금
2023-06-03,화학·석유,2620.4,32.0,휴무,토
2023-06-04,화학·석유,2619.0,33.3,휴무,일
2023-06-05,화학·석유,8714.1,32.1,조업,월
2023-06-06,화학·석유,8035.8,32.6,조업,화
2023-06-07,화학·석유,8477.9,32.1,조업,수
2023-06-08,화학·석유,8807.0,34.9,조업,목
2023-06-09,화학·석유,8408.9,32.0,조업,금
2023-06-10,화학·석유,2558.8,32.7,휴무,토
2023-06-11,화학·석유,2544.8,32.7,휴무,일
2023-06-12,화학·석유,8854.6,33.6,조업,월
2023-06-13,화학·석유,8869.1,33.2,조업,화
2023-06-14,화학·석유,8174.9,30.6,조업,수
2023-06-15,화학·석유,8400.3,33.6,조업,목
2023-06-16,화학·석유,8279.7,36.1,조업,금
2023-06-17,화학·석유,2593.2,34.5,휴무,토
2023-06-18,화학·석유,2462.3,32.2,휴무,일
2023-06-19,화학·석유,8513.7,32.2,조업,월
2023-06-20,화학·석유,8930.4,33.4,조업,화
2023-06-21,화학·석유,8443.6,33.6,조업,수
2023-06-22,화학·석유,8585.9,34.5,조업,목
2023-06-23,화학·석유,8597.2,31.9,조업,금
2023-06-24,화학·석유,2643.4,30.7,휴무,토
2023-06-25,화학·석유,2522.7,31.4,휴무,일
2023-06-26,화학·석유,8514.1,34.7,조업,월
2023-06-27,화학·석유,9653.9,33.2,조업,화
2023-06-28,화학·석유,8457.8,33.7,조업,수
2023-06-29,화학·석유,9228.0,35.1,조업,목
2023-06-30,화학·석유,8428.7,32.2,조업,금
2023-07-01,화학·석유,2362.6,35.9,휴무,토
2023-07-02,화학·석유,2420.8,36.3,휴무,일
2023-07-03,화학·석유,8228.8,37.0,조업,월
2023-07-04,화학·석유,8249.9,32.0,조업,화
2023-07-05,화학·석유,8259.9,32.2,조업,수
2023-07-06,화학·석유,8473.4,36.1,조업,목
2023-07-07,화학·석유,8076.2,36.3,조업,금
2023-07-08,화학·석유,2450.8,36.0,휴무,토
2023-07-09,화학·석유,2193.6,34.7,휴무,일
2023-07-10,화학·석유,8281.9,35.0,조업,월
2023-07-11,화학·석유,8617.7,32.7,조업,화
2023-07-12,화학·석유,8302.0,37.6,조업,수
2023-07-13,화학·석유,8375.5,36.4,조업,목
2023-07-14,화학·석유,7763.9,34.9,조업,금
2023-07-15,화학·석유,2534.7,31.6,휴무,토
2023-07-16,화학·석유,2529.1,34.9,휴무,일
2023-07-17,화학·석유,7672.1,35.9,조업,월
2023-07-18,화학·석유,7887.7,33.1,조업,화
2023-07-19,화학·석유,8516.5,32.6,조업,수
2023-07-20,화학·석유,8067.5,36.6,조업,목
2023-07-21,화학·석유,8034.8,35.3,조업,금
2023-07-22,화학·석유,2427.8,39.0,휴무,토
2023-07-23,화학·석유,2363.7,37.7,휴무,일
2023-07-24,화학·석유,7804.0,34.1,조업,월
2023-07-25,화학·석유,8404.0,37.0,조업,화
2023-07-26,화학·석유,8145.1,33.3,조업,수
2023-07-27,화학·석유,7877.6,33.7,조업,목
2023-07-28,화학·석유,8138.4,31.0,조업,금
2023-07-29,화학·석유,2488.3,35.4,휴무,토
2023-07-30,화학·석유,2480.9,35.2,휴무,일
2023-07-31,화학·석유,8190.1,31.8,조업,월
2023-08-01,화학·석유,8656.7,32.3,조업,화
2023-08-02,화학·석유,7985.6,33.3,조업,수
2023-08-03,화학·석유,8428.9,31.7,조업,목
2023-08-04,화학·석유,9299.6,29.4,조업,금
2023-08-05,화학·석유,2663.8,33.7,휴무,토
2023-08-06,화학·석유,2590.2,32.8,휴무,일
2023-08-07,화학·석유,9374.7,31.6,조업,월
2023-08-08,화학·석유,8519.2,35.5,조업,화
2023-08-09,화학·석유,8906.9,33.7,조업,수
2023-08-10,화학·석유,8511.1,31.9,조업,목
2023-08-11,화학·석유,8382.0,32.7,조업,금
2023-08-12,화학·석유,2683.0,29.8,휴무,토
2023-08-13,화학·석유,2542.6,35.8,휴무,일
2023-08-14,화학·석유,9157.0,32.5,조업,월
2023-08-15,화학·석유,8835.1,30.5,조업,화
2023-08-16,화학·석유,8969.6,35.1,조업,수
2023-08-17,화학·석유,9745.7,31.5,조업,목
2023-08-18,화학·석유,8362.7,33.1,조업,금
2023-08-19,화학·석유,2426.9,32.0,휴무,토
2023-08-20,화학·석유,2628.2,33.8,휴무,일
2023-08-21,화학·석유,8748.5,29.8,조업,월
2023-08-22,화학·석유,8444.8,32.5,조업,화
2023-08-23,화학·석유,8404.9,35.2,조업,수
2023-08-24,화학·석유,9001.1,35.7,조업,목
2023-08-25,화학·석유,9077.1,32.3,조업,금
2023-08-26,화학·석유,2424.9,32.4,휴무,토
2023-08-27,화학·석유,2359.7,29.9,휴무,일
2023-08-28,화학·석유,7848.7,30.3,조업,월
2023-08-29,화학·석유,8566.4,32.2,조업,화
2023-08-30,화학·석유,8746.0,32.4,조업,수
2023-08-31,화학·석유,7904.7,31.7,조업,목
2023-09-01,화학·석유,10179.2,28.0,조업,금
2023-09-02,화학·석유,2676.9,25.9,휴무,토
2023-09-03,화학·석유,2940.7,24.9,휴무,일
2023-09-04,화학·석유,10206.3,25.4,조업,월
2023-09-05,화학·석유,8899.1,27.8,조업,화
2023-09-06,화학·석유,9527.6,27.0,조업,수
2023-09-07,화학·석유,10122.4,29.9,조업,목
2023-09-08,화학·석유,8859.7,26.2,조업,금
2023-09-09,화학·석유,2795.6,30.3,휴무,토
2023-09-10,화학·석유,2854.9,27.1,휴무,일
2023-09-11,화학·석유,9675.2,28.0,조업,월
2023-09-12,화학·석유,8881.8,30.7,조업,화
2023-09-13,화학·석유,9035.4,27.4,조업,수
2023-09-14,화학·석유,9664.0,27.1,조업,목
2023-09-15,화학·석유,9241.2,24.3,조업,금
2023-09-16,화학·석유,3083.9,30.0,휴무,토
2023-09-17,화학·석유,2836.0,29.5,휴무,일
2023-09-18,화학·석유,9578.8,28.3,조업,월
2023-09-19,화학·석유,9459.7,25.7,조업,화
2023-09-20,화학·석유,10124.5,25.3,조업,수
2023-09-21,화학·석유,9332.1,26.2,조업,목
2023-09-22,화학·석유,10018.4,26.5,조업,금
2023-09-23,화학·석유,2708.4,28.2,휴무,토
2023-09-24,화학·석유,2830.5,27.0,휴무,일
2023-09-25,화학·석유,10009.0,25.5,조업,월
2023-09-26,화학·석유,10179.9,28.5,조업,화
2023-09-27,화학·석유,10006.7,29.1,조업,수
2023-09-28,화학·석유,9051.5,24.5,조업,목
2023-09-29,화학·석유,9617.4,30.5,조업,금
2023-09-30,화학·석유,2796.4,26.8,휴무,토
2023-10-01,화학·석유,3239.6,19.5,휴무,일
2023-10-02,화학·석유,11066.2,17.6,조업,월
2023-10-03,화학·석유,10006.2,19.9,조업,화
2023-10-04,화학·석유,10616.6,19.4,조업,수
2023-10-05,화학·석유,10034.2,22.5,조업,목
2023-10-06,화학·석유,10159.5,18.1,조업,금
2023-10-07,화학·석유,3350.3,17.9,휴무,토
2023-10-08,화학·석유,3137.3,20.3,휴무,일
2023-10-09,화학·석유,9627.9,20.8,조업,월
2023-10-10,화학·석유,10767.5,19.3,조업,화
2023-10-11,화학·석유,11055.1,18.2,조업,수
2023-10-12,화학·석유,10680.3,19.0,조업,목
2023-10-13,화학·석유,9745.1,22.2,조업,금
2023-10-14,화학·석유,3082.6,18.2,휴무,토
2023-10-15,화학·석유,3228.6,20.0,휴무,일
2023-10-16,화학·석유,9811.8,18.6,조업,월
2023-10-17,화학·석유,10352.1,20.5,조업,화
2023-10-18,화학·석유,11157.0,18.0,조업,수
2023-10-19,화학·석유,10547.1,18.5,조업,목
2023-10-20,화학·석유,11279.9,19.7,조업,금
2023-10-21,화학·석유,3194.1,21.9,휴무,토
2023-10-22,화학·석유,2762.0,19.8,휴무,일
2023-10-23,화학·석유,10932.0,21.8,조업,월
2023-10-24,화학·석유,9998.2,21.4,조업,화
2023-10-25,화학·석유,10612.3,16.7,조업,수
2023-10-26,화학·석유,9804.7,17.0,조업,목
2023-10-27,화학·석유,10639.5,20.0,조업,금
2023-10-28,화학·석유,3060.5,20.8,휴무,토
2023-10-29,화학·석유,3278.6,21.5,휴무,일
2023-10-30,화학·석유,9510.8,18.7,조업,월
2023-10-31,화학·석유,11225.5,19.2,조업,화
2023-11-01,화학·석유,10710.5,11.6,조업,수
2023-11-02,화학·석유,12495.2,11.8,조업,목
2023-11-03,화학·석유,11782.1,10.7,조업,금
2023-11-04,화학·석유,3512.4,10.0,휴무,토
2023-11-05,화학·석유,3066.5,12.7,휴무,일
2023-11-06,화학·석유,11189.5,8.1,조업,월
2023-11-07,화학·석유,11457.1,10.1,조업,화
2023-11-08,화학·석유,10906.8,9.8,조업,수
2023-11-09,화학·석유,11880.8,14.3,조업,목
2023-11-10,화학·석유,11006.0,10.4,조업,금
2023-11-11,화학·석유,3484.0,14.1,휴무,토
2023-11-12,화학·석유,3609.0,13.8,휴무,일
2023-11-13,화학·석유,11491.0,12.7,조업,월
2023-11-14,화학·석유,11026.5,13.7,조업,화
2023-11-15,화학·석유,11262.5,17.4,조업,수
2023-11-16,화학·석유,11618.7,15.8,조업,목
2023-11-17,화학·석유,11668.4,12.4,조업,금
2023-11-18,화학·석유,3225.6,11.3,휴무,토
2023-11-19,화학·석유,3605.7,12.9,휴무,일
2023-11-20,화학·석유,11866.2,11.7,조업,월
2023-11-21,화학·석유,11560.7,14.2,조업,화
2023-11-22,화학·석유,11622.6,12.6,조업,수
2023-11-23,화학·석유,11699.9,12.3,조업,목
2023-11-24,화학·석유,10999.5,10.1,조업,금
2023-11-25,화학·석유,3314.9,12.9,휴무,토
2023-11-26,화학·석유,3698.8,12.0,휴무,일
2023-11-27,화학·석유,12003.4,13.4,조업,월
2023-11-28,화학·석유,10986.2,13.6,조업,화
2023-11-29,화학·석유,11059.9,13.9,조업,수
2023-11-30,화학·석유,11440.8,9.8,조업,목
2023-12-01,화학·석유,13922.5,5.8,조업,금
2023-12-02,화학·석유,4069.4,8.2,휴무,토
2023-12-03,화학·석유,3983.2,8.8,휴무,일
2023-12-04,화학·석유,13248.6,6.4,조업,월
2023-12-05,화학·석유,13056.7,3.6,조업,화
2023-12-06,화학·석유,12549.8,4.6,조업,수
2023-12-07,화학·석유,13074.5,7.9,조업,목
2023-12-08,화학·석유,13906.0,5.1,조업,금
2023-12-09,화학·석유,3918.9,8.9,휴무,토
2023-12-10,화학·석유,3821.2,8.8,휴무,일
2023-12-11,화학·석유,13411.5,6.7,조업,월
2023-12-12,화학·석유,12483.3,7.0,조업,화
2023-12-13,화학·석유,12624.5,3.7,조업,수
2023-12-14,화학·석유,13067.3,6.0,조업,목
2023-12-15,화학·석유,12444.2,6.7,조업,금
2023-12-16,화학·석유,3877.1,6.8,휴무,토
2023-12-17,화학·석유,3668.5,6.7,휴무,일
2023-12-18,화학·석유,13349.6,6.9,조업,월
2023-12-19,화학·석유,13017.9,6.4,조업,화
2023-12-20,화학·석유,14214.8,4.8,조업,수
2023-12-21,화학·석유,12140.4,5.6,조업,목
2023-12-22,화학·석유,13216.6,6.8,조업,금
2023-12-23,화학·석유,3882.5,3.3,휴무,토
2023-12-24,화학·석유,3880.0,4.6,휴무,일
2023-12-25,화학·석유,12277.8,4.0,조업,월
2023-12-26,화학·석유,12155.6,7.5,조업,화
2023-12-27,화학·석유,12448.7,9.2,조업,수
2023-12-28,화학·석유,12821.1,8.9,조업,목
2023-12-29,화학·석유,13089.2,8.5,조업,금
2023-12-30,화학·석유,3918.5,3.5,휴무,토
2023-12-31,화학·석유,3802.8,10.3,휴무,일
2024-01-01,화학·석유,12853.6,0.8,조업,월
2024-01-02,화학·석유,13085.2,6.5,조업,화
2024-01-03,화학·석유,13380.9,5.0,조업,수
2024-01-04,화학·석유,13510.5,5.1,조업,목
2024-01-05,화학·석유,12883.9,6.0,조업,금
2024-01-06,화학·석유,4168.0,3.0,휴무,토
2024-01-07,화학·석유,4279.1,1.8,휴무,일
2024-01-08,화학·석유,14195.3,8.5,조업,월
2024-01-09,화학·석유,12755.0,6.6,조업,화
2024-01-10,화학·석유,13793.9,1.2,조업,수
2024-01-11,화학·석유,13465.2,5.7,조업,목
2024-01-12,화학·석유,13542.7,4.9,조업,금
2024-01-13,화학·석유,4188.7,6.8,휴무,토
2024-01-14,화학·석유,4026.7,1.7,휴무,일
2024-01-15,화학·석유,13235.6,8.3,조업,월
2024-01-16,화학·석유,13579.0,4.8,조업,화
2024-01-17,화학·석유,14139.4,5.4,조업,수
2024-01-18,화학·석유,13888.4,4.7,조업,목
2024-01-19,화학·석유,12697.7,6.2,조업,금
2024-01-20,화학·석유,3941.1,5.6,휴무,토
2024-01-21,화학·석유,4323.6,5.4,휴무,일
2024-01-22,화학·석유,13826.0,6.7,조업,월
2024-01-23,화학·석유,13953.4,3.0,조업,화
2024-01-24,화학·석유,13112.6,2.3,조업,수
2024-01-25,화학·석유,13725.5,4.4,조업,목
2024-01-26,화학·석유,14264.6,7.7,조업,금
2024-01-27,화학·석유,3977.0,5.5,휴무,토
2024-01-28,화학·석유,4154.0,4.7,휴무,일
2024-01-29,화학·석유,13751.9,4.8,조업,월
2024-01-30,화학·석유,13269.5,6.7,조업,화
2024-01-31,화학·석유,13904.5,5.0,조업,수
2024-02-01,화학·석유,12060.9,4.4,조업,목
2024-02-02,화학·석유,12208.3,12.3,조업,금
2024-02-03,화학·석유,3703.5,9.9,휴무,토
2024-02-04,화학·석유,3840.9,6.4,휴무,일
2024-02-05,화학·석유,12579.6,5.9,조업,월
2024-02-06,화학·석유,12837.4,8.5,조업,화
2024-02-07,화학·석유,12708.2,5.8,조업,수
2024-02-08,화학·석유,12690.1,7.0,조업,목
2024-02-09,화학·석유,12797.4,4.1,조업,금
2024-02-10,화학·석유,3424.4,7.6,휴무,토
2024-02-11,화학·석유,3629.8,8.0,휴무,일
2024-02-12,화학·석유,12839.6,6.2,조업,월
2024-02-13,화학·석유,11931.5,6.0,조업,화
2024-02-14,화학·석유,13209.0,7.0,조업,수
2024-02-15,화학·석유,12231.1,7.3,조업,목
2024-02-16,화학·석유,12378.6,6.2,조업,금
2024-02-17,화학·석유,3777.3,8.5,휴무,토
2024-02-18,화학·석유,3665.5,3.3,휴무,일
2024-02-19,화학·석유,11912.0,8.9,조업,월
2024-02-20,화학·석유,11364.6,6.4,조업,화
2024-02-21,화학·석유,12444.2,7.8,조업,수
2024-02-22,화학·석유,12153.7,9.0,조업,목
2024-02-23,화학·석유,12424.1,4.5,조업,금
2024-02-24,화학·석유,3546.2,5.7,휴무,토
2024-02-25,화학·석유,3670.7,6.2,휴무,일
2024-02-26,화학·석유,12534.3,6.9,조업,월
2024-02-27,화학·석유,12417.9,10.4,조업,화
2024-02-28,화학·석유,12732.4,6.2,조업,수
2024-02-29,화학·석유,12409.0,9.1,조업,목
2024-03-01,화학·석유,9920.2,13.2,조업,금
2024-03-02,화학·석유,3302.7,9.1,휴무,토
2024-03-03,화학·석유,3040.2,13.5,휴무,일
2024-03-04,화학·석유,10085.7,15.9,조업,월
2024-03-05,화학·석유,10646.9,10.2,조업,화
2024-03-06,화학·석유,9941.8,13.2,조업,수
2024-03-07,화학·석유,11362.4,13.2,조업,목
2024-03-08,화학·석유,10548.9,12.9,조업,금
2024-03-09,화학·석유,3153.5,13.5,휴무,토
2024-03-10,화학·석유,3105.0,11.9,휴무,일
2024-03-11,화학·석유,11462.1,12.6,조업,월
2024-03-12,화학·석유,10625.1,10.9,조업,화
2024-03-13,화학·석유,10643.2,11.8,조업,수
2024-03-14,화학·석유,10287.9,14.1,조업,목
2024-03-15,화학·석유,10200.1,16.1,조업,금
2024-03-16,화학·석유,3341.4,10.8,휴무,토
2024-03-17,화학·석유,3244.9,12.0,휴무,일
2024-03-18,화학·석유,10225.2,12.6,조업,월
2024-03-19,화학·석유,10254.2,10.9,조업,화
2024-03-20,화학·석유,11196.2,8.4,조업,수
2024-03-21,화학·석유,10924.7,9.0,조업,목
2024-03-22,화학·석유,10908.9,14.0,조업,금
2024-03-23,화학·석유,3368.3,11.8,휴무,토
2024-03-24,화학·석유,3162.8,10.9,휴무,일
2024-03-25,화학·석유,11353.2,12.7,조업,월
2024-03-26,화학·석유,10985.8,11.3,조업,화
2024-03-27,화학·석유,10490.4,10.2,조업,수
2024-03-28,화학·석유,10906.8,12.2,조업,목
2024-03-29,화학·석유,10185.0,13.3,조업,금
2024-03-30,화학·석유,3019.4,10.0,휴무,토
2024-03-31,화학·석유,3308.1,10.4,휴무,일
2024-04-01,화학·석유,9022.0,20.1,조업,월
2024-04-02,화학·석유,9391.9,22.5,조업,화
2024-04-03,화학·석유,9784.4,23.4,조업,수
2024-04-04,화학·석유,9569.9,20.0,조업,목
2024-04-05,화학·석유,10004.1,20.6,조업,금
2024-04-06,화학·석유,3020.2,21.9,휴무,토
2024-04-07,화학·석유,2821.8,20.9,휴무,일
2024-04-08,화학·석유,9121.2,22.6,조업,월
2024-04-09,화학·석유,10274.1,21.5,조업,화
2024-04-10,화학·석유,9482.3,23.2,조업,수
2024-04-11,화학·석유,9873.0,19.5,조업,목
2024-04-12,화학·석유,9503.0,21.1,조업,금
2024-04-13,화학·석유,2921.6,23.2,휴무,토
2024-04-14,화학·석유,2859.1,19.3,휴무,일
2024-04-15,화학·석유,9071.7,20.0,조업,월
2024-04-16,화학·석유,9394.2,21.3,조업,화
2024-04-17,화학·석유,9884.3,19.1,조업,수
2024-04-18,화학·석유,9999.0,23.0,조업,목
2024-04-19,화학·석유,9804.8,18.6,조업,금
2024-04-20,화학·석유,2882.7,19.6,휴무,토
2024-04-21,화학·석유,2843.9,18.9,휴무,일
2024-04-22,화학·석유,9924.5,20.5,조업,월
2024-04-23,화학·석유,10534.5,19.3,조업,화
2024-04-24,화학·석유,9573.9,18.6,조업,수
2024-04-25,화학·석유,9597.5,21.4,조업,목
2024-04-26,화학·석유,9622.8,19.2,조업,금
2024-04-27,화학·석유,2848.3,25.1,휴무,토
2024-04-28,화학·석유,2817.3,17.8,휴무,일
2024-04-29,화학·석유,9400.9,20.4,조업,월
2024-04-30,화학·석유,9855.4,18.4,조업,화
2024-05-01,화학·석유,8644.2,25.8,조업,수
2024-05-02,화학·석유,9671.5,28.7,조업,목
2024-05-03,화학·석유,9059.3,28.0,조업,금
2024-05-04,화학·석유,2770.1,28.0,휴무,토
2024-05-05,화학·석유,2693.0,25.2,휴무,일
2024-05-06,화학·석유,9166.7,31.3,조업,월
2024-05-07,화학·석유,9069.0,30.2,조업,화
2024-05-08,화학·석유,9200.0,28.9,조업,수
2024-05-09,화학·석유,9118.7,27.9,조업,목
2024-05-10,화학·석유,9879.5,27.1,조업,금
2024-05-11,화학·석유,2772.9,28.1,휴무,토
2024-05-12,화학·석유,2763.6,26.5,휴무,일
2024-05-13,화학·석유,9137.2,25.9,조업,월
2024-05-14,화학·석유,8657.0,26.1,조업,화
2024-05-15,화학·석유,8742.6,27.4,조업,수
2024-05-16,화학·석유,8797.6,21.8,조업,목
2024-05-17,화학·석유,8996.4,26.7,조업,금
2024-05-18,화학·석유,2699.6,29.3,휴무,토
2024-05-19,화학·석유,2731.8,30.0,휴무,일
2024-05-20,화학·석유,9191.6,29.6,조업,월
2024-05-21,화학·석유,9243.9,27.9,조업,화
2024-05-22,화학·석유,9222.6,29.9,조업,수
2024-05-23,화학·석유,9438.0,28.4,조업,목
2024-05-24,화학·석유,8839.3,28.4,조업,금
2024-05-25,화학·석유,2517.2,29.6,휴무,토
2024-05-26,화학·석유,2773.9,27.0,휴무,일
2024-05-27,화학·석유,9312.5,26.1,조업,월
2024-05-28,화학·석유,9223.2,28.9,조업,화
2024-05-29,화학·석유,9424.3,28.9,조업,수
2024-05-30,화학·석유,9392.9,24.9,조업,목
2024-05-31,화학·석유,8811.7,29.7,조업,금
2024-06-01,화학·석유,2516.3,31.6,휴무,토
2024-06-02,화학·석유,2489.2,29.7,휴무,일
2024-06-03,화학·석유,9354.2,30.4,조업,월
2024-06-04,화학·석유,8320.3,30.9,조업,화
2024-06-05,화학·석유,8324.0,31.0,조업,수
2024-06-06,화학·석유,9025.2,33.5,조업,목
2024-06-07,화학·석유,7988.7,32.3,조업,금
2024-06-08,화학·석유,2408.7,29.0,휴무,토
2024-06-09,화학·석유,2630.3,33.7,휴무,일
2024-06-10,화학·석유,8860.9,34.4,조업,월
2024-06-11,화학·석유,8751.4,33.9,조업,화
2024-06-12,화학·석유,8526.2,32.7,조업,수
2024-06-13,화학·석유,8407.9,33.1,조업,목
2024-06-14,화학·석유,8561.1,34.4,조업,금
2024-06-15,화학·석유,2633.9,31.2,휴무,토
2024-06-16,화학·석유,2704.4,34.4,휴무,일
2024-06-17,화학·석유,7908.8,34.7,조업,월
2024-06-18,화학·석유,8821.5,35.1,조업,화
2024-06-19,화학·석유,8882.3,33.8,조업,수
2024-06-20,화학·석유,8694.4,30.6,조업,목
2024-06-21,화학·석유,8955.1,34.8,조업,금
2024-06-22,화학·석유,2535.6,33.6,휴무,토
2024-06-23,화학·석유,2399.6,31.1,휴무,일
2024-06-24,화학·석유,8366.8,34.4,조업,월
2024-06-25,화학·석유,8636.4,30.2,조업,화
2024-06-26,화학·석유,8263.6,32.2,조업,수
2024-06-27,화학·석유,8366.8,33.5,조업,목
2024-06-28,화학·석유,8367.5,34.9,조업,금
2024-06-29,화학·석유,2679.6,35.9,휴무,토
2024-06-30,화학·석유,2777.4,34.8,휴무,일
2024-07-01,화학·석유,8279.5,38.2,조업,월
2024-07-02,화학·석유,8907.8,36.4,조업,화
2024-07-03,화학·석유,7575.6,31.8,조업,수
2024-07-04,화학·석유,8970.8,36.1,조업,목
2024-07-05,화학·석유,8049.1,34.5,조업,금
2024-07-06,화학·석유,2386.6,34.4,휴무,토
2024-07-07,화학·석유,2478.8,37.0,휴무,일
2024-07-08,화학·석유,8173.6,36.3,조업,월
2024-07-09,화학·석유,8461.6,32.6,조업,화
2024-07-10,화학·석유,7900.7,36.4,조업,수
2024-07-11,화학·석유,8231.6,35.9,조업,목
2024-07-12,화학·석유,7710.1,32.0,조업,금
2024-07-13,화학·석유,2407.3,32.6,휴무,토
2024-07-14,화학·석유,2411.1,32.4,휴무,일
2024-07-15,화학·석유,8227.2,38.2,조업,월
2024-07-16,화학·석유,8088.1,33.9,조업,화
2024-07-17,화학·석유,8087.3,31.5,조업,수
2024-07-18,화학·석유,8094.0,35.2,조업,목
2024-07-19,화학·석유,8295.5,39.7,조업,금
2024-07-20,화학·석유,2622.4,32.4,휴무,토
2024-07-21,화학·석유,2400.1,37.6,휴무,일
2024-07-22,화학·석유,8179.7,36.4,조업,월
2024-07-23,화학·석유,8544.7,33.9,조업,화
2024-07-24,화학·석유,8253.0,33.3,조업,수
2024-07-25,화학·석유,8007.2,32.6,조업,목
2024-07-26,화학·석유,8570.9,34.8,조업,금
2024-07-27,화학·석유,2533.1,35.0,휴무,토
2024-07-28,화학·석유,2404.6,36.0,휴무,일
2024-07-29,화학·석유,8154.3,38.6,조업,월
2024-07-30,화학·석유,7537.9,38.5,조업,화
2024-07-31,화학·석유,8599.9,32.8,조업,수
2024-08-01,화학·석유,8550.9,29.3,조업,목
2024-08-02,화학·석유,8315.2,32.6,조업,금
2024-08-03,화학·석유,2475.8,32.3,휴무,토
2024-08-04,화학·석유,2482.2,35.5,휴무,일
2024-08-05,화학·석유,8919.5,33.5,조업,월
2024-08-06,화학·석유,8616.4,31.6,조업,화
2024-08-07,화학·석유,8313.9,32.9,조업,수
2024-08-08,화학·석유,8732.8,29.9,조업,목
2024-08-09,화학·석유,8861.4,33.5,조업,금
2024-08-10,화학·석유,2612.7,28.9,휴무,토
2024-08-11,화학·석유,2586.7,30.2,휴무,일
2024-08-12,화학·석유,8696.9,33.5,조업,월
2024-08-13,화학·석유,8132.3,30.6,조업,화
2024-08-14,화학·석유,8333.9,33.0,조업,수
2024-08-15,화학·석유,8460.3,33.5,조업,목
2024-08-16,화학·석유,8971.0,34.6,조업,금
2024-08-17,화학·석유,2573.6,32.4,휴무,토
2024-08-18,화학·석유,2761.0,33.2,휴무,일
2024-08-19,화학·석유,7893.8,31.3,조업,월
2024-08-20,화학·석유,8104.7,35.7,조업,화
2024-08-21,화학·석유,8732.4,32.6,조업,수
2024-08-22,화학·석유,8276.0,33.2,조업,목
2024-08-23,화학·석유,8885.6,33.8,조업,금
2024-08-24,화학·석유,2810.2,33.9,휴무,토
2024-08-25,화학·석유,2595.6,34.3,휴무,일
2024-08-26,화학·석유,8810.4,32.9,조업,월
2024-08-27,화학·석유,8948.5,33.0,조업,화
2024-08-28,화학·석유,8455.5,33.5,조업,수
2024-08-29,화학·석유,8589.4,33.8,조업,목
2024-08-30,화학·석유,8718.0,35.4,조업,금
2024-08-31,화학·석유,2651.7,30.0,휴무,토
2024-09-01,화학·석유,3040.1,29.0,휴무,일
2024-09-02,화학·석유,10091.9,23.6,조업,월
2024-09-03,화학·석유,9596.9,29.8,조업,화
2024-09-04,화학·석유,9895.8,25.0,조업,수
2024-09-05,화학·석유,9332.1,27.7,조업,목
2024-09-06,화학·석유,9992.1,24.9,조업,금
2024-09-07,화학·석유,2893.9,27.2,휴무,토
2024-09-08,화학·석유,2994.5,27.2,휴무,일
2024-09-09,화학·석유,9813.0,24.6,조업,월
2024-09-10,화학·석유,9495.9,26.4,조업,화
2024-09-11,화학·석유,9445.8,26.8,조업,수
2024-09-12,화학·석유,9411.5,26.6,조업,목
2024-09-13,화학·석유,9503.3,24.1,조업,금
2024-09-14,화학·석유,2917.2,29.9,휴무,토
2024-09-15,화학·석유,2854.4,25.0,휴무,일
2024-09-16,화학·석유,9409.7,28.4,조업,월
2024-09-17,화학·석유,9409.0,31.8,조업,화
2024-09-18,화학·석유,9929.8,27.6,조업,수
2024-09-19,화학·석유,9419.4,25.0,조업,목
2024-09-20,화학·석유,9599.2,26.7,조업,금
2024-09-21,화학·석유,2639.6,28.7,휴무,토
2024-09-22,화학·석유,2858.0,28.2,휴무,일
2024-09-23,화학·석유,10272.1,27.5,조업,월
2024-09-24,화학·석유,9879.9,26.5,조업,화
2024-09-25,화학·석유,9611.7,28.2,조업,수
2024-09-26,화학·석유,9166.9,31.4,조업,목
2024-09-27,화학·석유,8999.5,25.5,조업,금
2024-09-28,화학·석유,2876.5,28.6,휴무,토
2024-09-29,화학·석유,3068.9,29.3,휴무,일
2024-09-30,화학·석유,9878.7,26.6,조업,월
2024-10-01,화학·석유,10997.9,21.1,조업,화
2024-10-02,화학·석유,10538.7,20.5,조업,수
2024-10-03,화학·석유,10806.8,22.0,조업,목
2024-10-04,화학·석유,10271.7,21.3,조업,금
2024-10-05,화학·석유,3161.9,23.1,휴무,토
2024-10-06,화학·석유,3212.4,20.4,휴무,일
2024-10-07,화학·석유,10990.9,19.3,조업,월
2024-10-08,화학·석유,10588.3,17.6,조업,화
2024-10-09,화학·석유,10406.0,22.2,조업,수
2024-10-10,화학·석유,9975.9,22.8,조업,목
2024-10-11,화학·석유,10737.8,19.0,조업,금
2024-10-12,화학·석유,3340.3,22.0,휴무,토
2024-10-13,화학·석유,3239.4,21.6,휴무,일
2024-10-14,화학·석유,10047.4,14.5,조업,월
2024-10-15,화학·석유,11151.8,17.7,조업,화
2024-10-16,화학·석유,10639.3,20.3,조업,수
2024-10-17,화학·석유,10187.5,18.2,조업,목
2024-10-18,화학·석유,10848.4,19.4,조업,금
2024-10-19,화학·석유,3204.9,19.9,휴무,토
2024-10-20,화학·석유,3314.6,18.7,휴무,일
2024-10-21,화학·석유,9753.5,22.8,조업,월
2024-10-22,화학·석유,10266.1,17.3,조업,화
2024-10-23,화학·석유,10994.0,17.6,조업,수
2024-10-24,화학·석유,9973.1,18.4,조업,목
2024-10-25,화학·석유,10367.3,18.7,조업,금
2024-10-26,화학·석유,2947.3,17.6,휴무,토
2024-10-27,화학·석유,3018.4,20.5,휴무,일
2024-10-28,화학·석유,9931.9,19.3,조업,월
2024-10-29,화학·석유,10554.8,18.2,조업,화
2024-10-30,화학·석유,10661.2,22.5,조업,수
2024-10-31,화학·석유,9985.8,20.1,조업,목
2024-11-01,화학·석유,11771.0,10.3,조업,금
2024-11-02,화학·석유,3339.3,8.7,휴무,토
2024-11-03,화학·석유,3507.3,13.9,휴무,일
2024-11-04,화학·석유,10752.4,11.0,조업,월
2024-11-05,화학·석유,11354.5,16.3,조업,화
2024-11-06,화학·석유,12147.6,13.3,조업,수
2024-11-07,화학·석유,12054.5,11.5,조업,목
2024-11-08,화학·석유,11426.8,13.5,조업,금
2024-11-09,화학·석유,3477.6,12.1,휴무,토
2024-11-10,화학·석유,3147.7,13.7,휴무,일
2024-11-11,화학·석유,9935.2,10.8,조업,월
2024-11-12,화학·석유,11715.8,13.1,조업,화
2024-11-13,화학·석유,11287.5,15.3,조업,수
2024-11-14,화학·석유,11315.5,11.2,조업,목
2024-11-15,화학·석유,12676.5,12.3,조업,금
2024-11-16,화학·석유,3900.1,13.8,휴무,토
2024-11-17,화학·석유,3191.1,13.6,휴무,일
2024-11-18,화학·석유,11079.2,11.9,조업,월
2024-11-19,화학·석유,11675.3,11.5,조업,화
2024-11-20,화학·석유,11544.2,11.7,조업,수
2024-11-21,화학·석유,11636.4,11.5,조업,목
2024-11-22,화학·석유,11525.3,9.4,조업,금
2024-11-23,화학·석유,3287.2,10.6,휴무,토
2024-11-24,화학·석유,3454.5,10.2,휴무,일
2024-11-25,화학·석유,12676.6,7.8,조업,월
2024-11-26,화학·석유,10423.4,13.3,조업,화
2024-11-27,화학·석유,10999.8,10.0,조업,수
2024-11-28,화학·석유,11282.2,14.0,조업,목
2024-11-29,화학·석유,11581.1,11.6,조업,금
2024-11-30,화학·석유,3475.3,12.8,휴무,토
2024-12-01,화학·석유,3856.7,10.1,휴무,일
2024-12-02,화학·석유,13936.4,8.8,조업,월
2024-12-03,화학·석유,12958.1,8.0,조업,화
2024-12-04,화학·석유,12620.9,5.7,조업,수
2024-12-05,화학·석유,12514.1,6.1,조업,목
2024-12-06,화학·석유,12798.9,6.2,조업,금
2024-12-07,화학·석유,3666.5,7.7,휴무,토
2024-12-08,화학·석유,3754.7,7.9,휴무,일
2024-12-09,화학·석유,12446.8,4.7,조업,월
2024-12-10,화학·석유,12192.2,7.6,조업,화
2024-12-11,화학·석유,12784.1,8.8,조업,수
2024-12-12,화학·석유,13163.8,4.9,조업,목
2024-12-13,화학·석유,12802.6,9.7,조업,금
2024-12-14,화학·석유,3969.6,8.2,휴무,토
2024-12-15,화학·석유,3650.9,7.7,휴무,일
2024-12-16,화학·석유,13211.8,5.9,조업,월
2024-12-17,화학·석유,12599.2,8.3,조업,화
2024-12-18,화학·석유,11532.6,9.6,조업,수
2024-12-19,화학·석유,13720.4,7.3,조업,목
2024-12-20,화학·석유,12518.7,3.7,조업,금
2024-12-21,화학·석유,3784.3,6.8,휴무,토
2024-12-22,화학·석유,3837.5,5.5,휴무,일
2024-12-23,화학·석유,13028.8,3.2,조업,월
2024-12-24,화학·석유,13019.4,4.4,조업,화
2024-12-25,화학·석유,12541.7,11.2,조업,수
2024-12-26,화학·석유,13063.6,11.4,조업,목
2024-12-27,화학·석유,13392.2,4.9,조업,금
2024-12-28,화학·석유,3803.6,5.2,휴무,토
2024-12-29,화학·석유,3880.3,11.5,휴무,일
2024-12-30,화학·석유,13227.7,8.8,조업,월
2024-12-31,화학·석유,13518.8,7.6,조업,화
2023-01-01,식품·제조,932.7,4.8,휴무,일
2023-01-02,식품·제조,3283.1,2.2,조업,월
2023-01-03,식품·제조,3434.7,3.2,조업,화
2023-01-04,식품·제조,3210.3,7.6,조업,수
2023-01-05,식품·제조,3245.9,8.4,조업,목
2023-01-06,식품·제조,3474.2,4.3,조업,금
2023-01-07,식품·제조,1004.2,2.2,휴무,토
2023-01-08,식품·제조,1010.2,6.2,휴무,일
2023-01-09,식품·제조,3639.7,7.8,조업,월
2023-01-10,식품·제조,3350.8,6.4,조업,화
2023-01-11,식품·제조,3441.0,6.0,조업,수
2023-01-12,식품·제조,3585.6,5.8,조업,목
2023-01-13,식품·제조,3437.4,4.6,조업,금
2023-01-14,식품·제조,972.4,5.1,휴무,토
2023-01-15,식품·제조,974.3,8.7,휴무,일
2023-01-16,식품·제조,3392.8,6.9,조업,월
2023-01-17,식품·제조,3338.6,3.5,조업,화
2023-01-18,식품·제조,3505.4,4.5,조업,수
2023-01-19,식품·제조,3409.8,2.6,조업,목
2023-01-20,식품·제조,3474.4,3.6,조업,금
2023-01-21,식품·제조,965.0,7.6,휴무,토
2023-01-22,식품·제조,1010.8,2.6,휴무,일
2023-01-23,식품·제조,3481.1,3.8,조업,월
2023-01-24,식품·제조,3212.5,5.6,조업,화
2023-01-25,식품·제조,3383.7,6.3,조업,수
2023-01-26,식품·제조,3350.7,5.1,조업,목
2023-01-27,식품·제조,3513.4,5.8,조업,금
2023-01-28,식품·제조,1016.2,5.5,휴무,토
2023-01-29,식품·제조,965.5,2.8,휴무,일
2023-01-30,식품·제조,3352.7,2.2,조업,월
2023-01-31,식품·제조,3401.7,2.1,조업,화
2023-02-01,식품·제조,3111.0,5.8,조업,수
2023-02-02,식품·제조,2913.6,5.9,조업,목
2023-02-03,식품·제조,3150.3,5.1,조업,금
2023-02-04,식품·제조,939.7,6.2,휴무,토
2023-02-05,식품·제조,896.8,2.6,휴무,일
2023-02-06,식품·제조,3083.5,2.9,조업,월
2023-02-07,식품·제조,3009.6,4.5,조업,화
2023-02-08,식품·제조,2995.3,9.0,조업,수
2023-02-09,식품·제조,3175.6,9.4,조업,목
2023-02-10,식품·제조,3128.5,7.8,조업,금
2023-02-11,식품·제조,924.2,7.8,휴무,토
2023-02-12,식품·제조,953.5,5.0,휴무,일
2023-02-13,식품·제조,3076.9,10.0,조업,월
2023-02-14,식품·제조,3126.5,4.3,조업,화
2023-02-15,식품·제조,3208.7,6.9,조업,수
2023-02-16,식품·제조,3091.6,6.7,조업,목
2023-02-17,식품·제조,3292.5,9.6,조업,금
2023-02-18,식품·제조,940.7,3.7,휴무,토
2023-02-19,식품·제조,963.7,5.1,휴무,일
2023-02-20,식품·제조,3141.5,6.1,조업,월
2023-02-21,식품·제조,3278.6,8.5,조업,화
2023-02-22,식품·제조,2971.8,6.8,조업,수
2023-02-23,식품·제조,3017.4,8.3,조업,목
2023-02-24,식품·제조,3220.0,6.1,조업,금
2023-02-25,식품·제조,927.6,6.5,휴무,토
2023-02-26,식품·제조,875.1,5.3,휴무,일
2023-02-27,식품·제조,3111.4,9.8,조업,월
2023-02-28,식품·제조,3197.6,9.2,조업,화
2023-03-01,식품·제조,2663.6,10.1,조업,수
2023-03-02,식품·제조,2858.8,13.1,조업,목
2023-03-03,식품·제조,2443.5,14.2,조업,금
2023-03-04,식품·제조,754.2,15.7,휴무,토
2023-03-05,식품·제조,774.9,13.6,휴무,일
2023-03-06,식품·제조,2501.4,11.4,조업,월
2023-03-07,식품·제조,2580.5,15.3,조업,화
2023-03-08,식품·제조,2606.3,11.6,조업,수
2023-03-09,식품·제조,2622.3,10.7,조업,목
2023-03-10,식품·제조,2695.3,12.2,조업,금
2023-03-11,식품·제조,778.3,13.1,휴무,토
2023-03-12,식품·제조,796.8,10.1,휴무,일
2023-03-13,식품·제조,2478.0,9.8,조업,월
2023-03-14,식품·제조,2681.9,11.4,조업,화
2023-03-15,식품·제조,2823.7,15.6,조업,수
2023-03-16,식품·제조,2769.1,12.4,조업,목
2023-03-17,식품·제조,2513.8,12.2,조업,금
2023-03-18,식품·제조,794.5,15.7,휴무,토
2023-03-19,식품·제조,835.6,12.9,휴무,일
2023-03-20,식품·제조,2538.7,13.2,조업,월
2023-03-21,식품·제조,2531.4,13.2,조업,화
2023-03-22,식품·제조,2406.3,11.4,조업,수
2023-03-23,식품·제조,2698.1,15.4,조업,목
2023-03-24,식품·제조,2756.4,15.4,조업,금
2023-03-25,식품·제조,756.3,13.6,휴무,토
2023-03-26,식품·제조,772.6,9.4,휴무,일
2023-03-27,식품·제조,2685.5,8.1,조업,월
2023-03-28,식품·제조,2734.2,11.7,조업,화
2023-03-29,식품·제조,2587.3,12.8,조업,수
2023-03-30,식품·제조,2455.0,12.9,조업,목
2023-03-31,식품·제조,2603.4,12.9,조업,금
2023-04-01,식품·제조,696.7,23.1,휴무,토
2023-04-02,식품·제조,708.0,23.5,휴무,일
2023-04-03,식품·제조,2373.6,19.9,조업,월
2023-04-04,식품·제조,2384.1,20.2,조업,화
2023-04-05,식품·제조,2411.1,18.1,조업,수
2023-04-06,식품·제조,2519.8,22.9,조업,목
2023-04-07,식품·제조,2326.6,20.7,조업,금
2023-04-08,식품·제조,726.1,19.2,휴무,토
2023-04-09,식품·제조,756.2,22.7,휴무,일
2023-04-10,식품·제조,2294.4,21.1,조업,월
2023-04-11,식품·제조,2425.5,16.4,조업,화
2023-04-12,식품·제조,2481.1,17.8,조업,수
2023-04-13,식품·제조,2524.1,18.8,조업,목
2023-04-14,식품·제조,2360.8,20.5,조업,금
2023-04-15,식품·제조,755.9,21.8,휴무,토
2023-04-16,식품·제조,684.9,20.8,휴무,일
2023-04-17,식품·제조,2164.7,22.1,조업,월
2023-04-18,식품·제조,2340.0,20.7,조업,화
2023-04-19,식품·제조,2302.9,18.9,조업,수
2023-04-20,식품·제조,2322.0,19.3,조업,목
2023-04-21,식품·제조,2299.3,21.3,조업,금
2023-04-22,식품·제조,708.6,17.9,휴무,토
2023-04-23,식품·제조,739.5,18.9,휴무,일
2023-04-24,식품·제조,2451.3,16.4,조업,월
2023-04-25,식품·제조,2349.5,17.4,조업,화
2023-04-26,식품·제조,2363.5,24.1,조업,수
2023-04-27,식품·제조,2407.2,20.6,조업,목
2023-04-28,식품·제조,2373.8,20.8,조업,금
2023-04-29,식품·제조,731.8,18.6,휴무,토
2023-04-30,식품·제조,689.1,19.7,휴무,일
2023-05-01,식품·제조,2279.5,30.1,조업,월
2023-05-02,식품·제조,2393.0,27.5,조업,화
2023-05-03,식품·제조,2258.5,27.2,조업,수
2023-05-04,식품·제조,2226.9,25.5,조업,목
2023-05-05,식품·제조,2210.7,26.5,조업,금
2023-05-06,식품·제조,685.8,28.9,휴무,토
2023-05-07,식품·제조,655.5,26.7,휴무,일
2023-05-08,식품·제조,2220.7,26.0,조업,월
2023-05-09,식품·제조,2460.2,27.4,조업,화
2023-05-10,식품·제조,2299.0,24.0,조업,수
2023-05-11,식품·제조,2362.6,28.5,조업,목
2023-05-12,식품·제조,2207.2,23.5,조업,금
2023-05-13,식품·제조,663.0,26.5,휴무,토
2023-05-14,식품·제조,650.0,29.4,휴무,일
2023-05-15,식품·제조,2261.4,30.2,조업,월
2023-05-16,식품·제조,2381.0,25.0,조업,화
2023-05-17,식품·제조,2267.9,23.6,조업,수
2023-05-18,식품·제조,2239.5,24.9,조업,목
2023-05-19,식품·제조,2220.5,26.7,조업,금
2023-05-20,식품·제조,721.2,28.3,휴무,토
2023-05-21,식품·제조,701.6,28.3,휴무,일
2023-05-22,식품·제조,2307.0,28.1,조업,월
2023-05-23,식품·제조,2152.1,28.5,조업,화
2023-05-24,식품·제조,2297.3,28.9,조업,수
2023-05-25,식품·제조,2226.6,27.0,조업,목
2023-05-26,식품·제조,2322.0,28.6,조업,금
2023-05-27,식품·제조,687.3,29.9,휴무,토
2023-05-28,식품·제조,673.1,30.3,휴무,일
2023-05-29,식품·제조,2339.5,29.6,조업,월
2023-05-30,식품·제조,2274.6,25.2,조업,화
2023-05-31,식품·제조,2139.6,25.2,조업,수
2023-06-01,식품·제조,2060.1,32.4,조업,목
2023-06-02,식품·제조,2102.6,37.1,조업,금
2023-06-03,식품·제조,670.2,29.5,휴무,토
2023-06-04,식품·제조,651.8,34.1,휴무,일
2023-06-05,식품·제조,2256.7,33.7,조업,월
2023-06-06,식품·제조,2320.3,34.9,조업,화
2023-06-07,식품·제조,2252.0,28.5,조업,수
2023-06-08,식품·제조,2088.5,31.9,조업,목
2023-06-09,식품·제조,2129.5,33.1,조업,금
2023-06-10,식품·제조,631.7,35.4,휴무,토
2023-06-11,식품·제조,695.5,34.4,휴무,일
2023-06-12,식품·제조,2228.2,33.4,조업,월
2023-06-13,식품·제조,2123.6,32.1,조업,화
2023-06-14,식품·제조,2269.1,32.7,조업,수
2023-06-15,식품·제조,2125.3,33.6,조업,목
2023-06-16,식품·제조,2271.5,31.8,조업,금
2023-06-17,식품·제조,615.9,34.4,휴무,토
2023-06-18,식품·제조,667.5,32.4,휴무,일
2023-06-19,식품·제조,1986.9,32.1,조업,월
2023-06-20,식품·제조,2139.6,32.5,조업,화
2023-06-21,식품·제조,2267.5,33.7,조업,수
2023-06-22,식품·제조,2156.6,31.9,조업,목
2023-06-23,식품·제조,2161.7,35.5,조업,금
2023-06-24,식품·제조,643.8,37.0,휴무,토
2023-06-25,식품·제조,685.4,32.7,휴무,일
2023-06-26,식품·제조,2190.8,30.8,조업,월
2023-06-27,식품·제조,2136.7,36.1,조업,화
2023-06-28,식품·제조,2261.6,31.7,조업,수
2023-06-29,식품·제조,2149.3,32.2,조업,목
2023-06-30,식품·제조,2089.8,35.0,조업,금
2023-07-01,식품·제조,634.8,38.7,휴무,토
2023-07-02,식품·제조,581.7,36.4,휴무,일
2023-07-03,식품·제조,2051.8,37.5,조업,월
2023-07-04,식품·제조,2155.4,36.3,조업,화
2023-07-05,식품·제조,1988.0,39.1,조업,수
2023-07-06,식품·제조,2178.5,37.8,조업,목
2023-07-07,식품·제조,1914.4,37.1,조업,금
2023-07-08,식품·제조,602.5,35.9,휴무,토
2023-07-09,식품·제조,611.0,32.1,휴무,일
2023-07-10,식품·제조,1968.5,32.1,조업,월
2023-07-11,식품·제조,2028.5,34.3,조업,화
2023-07-12,식품·제조,1973.5,37.6,조업,수
2023-07-13,식품·제조,2027.8,36.0,조업,목
2023-07-14,식품·제조,2017.8,33.1,조업,금
2023-07-15,식품·제조,592.5,34.4,휴무,토
2023-07-16,식품·제조,657.3,38.4,휴무,일
2023-07-17,식품·제조,2003.9,32.4,조업,월
2023-07-18,식품·제조,2074.4,38.6,조업,화
2023-07-19,식품·제조,2032.1,36.8,조업,수
2023-07-20,식품·제조,2029.9,34.8,조업,목
2023-07-21,식품·제조,1993.3,36.2,조업,금
2023-07-22,식품·제조,589.3,35.6,휴무,토
2023-07-23,식품·제조,630.2,37.3,휴무,일
2023-07-24,식품·제조,2050.6,35.9,조업,월
2023-07-25,식품·제조,1959.3,34.9,조업,화
2023-07-26,식품·제조,2013.0,30.9,조업,수
2023-07-27,식품·제조,2204.8,34.7,조업,목
2023-07-28,식품·제조,2022.5,35.2,조업,금
2023-07-29,식품·제조,609.1,34.9,휴무,토
2023-07-30,식품·제조,630.2,36.0,휴무,일
2023-07-31,식품·제조,2215.6,35.7,조업,월
2023-08-01,식품·제조,2081.6,30.7,조업,화
2023-08-02,식품·제조,2057.3,37.2,조업,수
2023-08-03,식품·제조,2206.8,29.5,조업,목
2023-08-04,식품·제조,2220.4,32.7,조업,금
2023-08-05,식품·제조,663.8,31.5,휴무,토
2023-08-06,식품·제조,605.8,33.9,휴무,일
2023-08-07,식품·제조,2118.1,34.9,조업,월
2023-08-08,식품·제조,2135.2,30.8,조업,화
2023-08-09,식품·제조,2160.5,33.0,조업,수
2023-08-10,식품·제조,2129.7,34.0,조업,목
2023-08-11,식품·제조,2108.5,36.0,조업,금
2023-08-12,식품·제조,622.7,32.0,휴무,토
2023-08-13,식품·제조,600.6,32.4,휴무,일
2023-08-14,식품·제조,2204.3,35.8,조업,월
2023-08-15,식품·제조,2093.1,34.1,조업,화
2023-08-16,식품·제조,2207.8,31.1,조업,수
2023-08-17,식품·제조,2185.2,33.2,조업,목
2023-08-18,식품·제조,2370.3,31.8,조업,금
2023-08-19,식품·제조,635.7,32.3,휴무,토
2023-08-20,식품·제조,626.3,32.8,휴무,일
2023-08-21,식품·제조,2278.9,31.0,조업,월
2023-08-22,식품·제조,2100.5,30.4,조업,화
2023-08-23,식품·제조,2092.2,27.3,조업,수
2023-08-24,식품·제조,2303.7,34.4,조업,목
2023-08-25,식품·제조,2255.3,31.0,조업,금
2023-08-26,식품·제조,646.9,34.7,휴무,토
2023-08-27,식품·제조,619.7,34.3,휴무,일
2023-08-28,식품·제조,2430.9,31.3,조업,월
2023-08-29,식품·제조,2174.9,33.2,조업,화
2023-08-30,식품·제조,2144.8,32.4,조업,수
2023-08-31,식품·제조,2101.6,30.9,조업,목
2023-09-01,식품·제조,2532.0,29.0,조업,금
2023-09-02,식품·제조,705.3,30.3,휴무,토
2023-09-03,식품·제조,691.2,26.3,휴무,일
2023-09-04,식품·제조,2461.3,23.9,조업,월
2023-09-05,식품·제조,2477.0,27.4,조업,화
2023-09-06,식품·제조,2256.8,26.7,조업,수
2023-09-07,식품·제조,2437.5,25.8,조업,목
2023-09-08,식품·제조,2345.3,26.0,조업,금
2023-09-09,식품·제조,716.9,27.1,휴무,토
2023-09-10,식품·제조,701.0,27.6,휴무,일
2023-09-11,식품·제조,2464.0,25.9,조업,월
2023-09-12,식품·제조,2464.9,27.6,조업,화
2023-09-13,식품·제조,2355.3,23.8,조업,수
2023-09-14,식품·제조,2461.4,28.7,조업,목
2023-09-15,식품·제조,2438.3,27.5,조업,금
2023-09-16,식품·제조,721.6,26.5,휴무,토
2023-09-17,식품·제조,722.3,26.1,휴무,일
2023-09-18,식품·제조,2434.6,28.7,조업,월
2023-09-19,식품·제조,2416.4,25.8,조업,화
2023-09-20,식품·제조,2363.1,23.8,조업,수
2023-09-21,식품·제조,2209.5,25.9,조업,목
2023-09-22,식품·제조,2400.9,24.3,조업,금
2023-09-23,식품·제조,676.7,22.6,휴무,토
2023-09-24,식품·제조,717.8,24.6,휴무,일
2023-09-25,식품·제조,2413.8,27.3,조업,월
2023-09-26,식품·제조,2479.4,30.6,조업,화
2023-09-27,식품·제조,2360.0,33.3,조업,수
2023-09-28,식품·제조,2331.7,31.4,조업,목
2023-09-29,식품·제조,2471.5,26.2,조업,금
2023-09-30,식품·제조,723.3,29.0,휴무,토
2023-10-01,식품·제조,733.5,17.0,휴무,일
2023-10-02,식품·제조,2615.9,20.9,조업,월
2023-10-03,식품·제조,2578.9,14.9,조업,화
2023-10-04,식품·제조,2615.3,19.7,조업,수
2023-10-05,식품·제조,2641.1,21.5,조업,목
2023-10-06,식품·제조,2722.3,18.5,조업,금
2023-10-07,식품·제조,793.1,19.7,휴무,토
2023-10-08,식품·제조,801.9,19.7,휴무,일
2023-10-09,식품·제조,2809.5,23.5,조업,월
2023-10-10,식품·제조,2609.4,20.1,조업,화
2023-10-11,식품·제조,2411.0,22.1,조업,수
2023-10-12,식품·제조,2593.9,18.0,조업,목
2023-10-13,식품·제조,2867.2,20.4,조업,금
2023-10-14,식품·제조,833.9,18.6,휴무,토
2023-10-15,식품·제조,818.5,21.0,휴무,일
2023-10-16,식품·제조,2801.8,21.0,조업,월
2023-10-17,식품·제조,2484.7,20.9,조업,화
2023-10-18,식품·제조,2580.1,18.9,조업,수
2023-10-19,식품·제조,2796.7,20.8,조업,목
2023-10-20,식품·제조,2588.5,21.1,조업,금
2023-10-21,식품·제조,757.4,18.3,휴무,토
2023-10-22,식품·제조,754.1,17.8,휴무,일
2023-10-23,식품·제조,2649.8,18.0,조업,월
2023-10-24,식품·제조,2555.7,18.5,조업,화
2023-10-25,식품·제조,2663.5,17.4,조업,수
2023-10-26,식품·제조,2364.4,20.3,조업,목
2023-10-27,식품·제조,2556.9,20.2,조업,금
2023-10-28,식품·제조,760.0,16.7,휴무,토
2023-10-29,식품·제조,776.7,22.1,휴무,일
2023-10-30,식품·제조,2462.3,17.9,조업,월
2023-10-31,식품·제조,2543.2,19.4,조업,화
2023-11-01,식품·제조,2795.1,8.4,조업,수
2023-11-02,식품·제조,2864.7,10.5,조업,목
2023-11-03,식품·제조,3089.3,12.5,조업,금
2023-11-04,식품·제조,841.5,13.8,휴무,토
2023-11-05,식품·제조,853.4,12.3,휴무,일
2023-11-06,식품·제조,3009.4,12.6,조업,월
2023-11-07,식품·제조,2751.1,14.2,조업,화
2023-11-08,식품·제조,2529.2,10.3,조업,수
2023-11-09,식품·제조,2863.9,14.2,조업,목
2023-11-10,식품·제조,2942.9,11.0,조업,금
2023-11-11,식품·제조,853.2,10.8,휴무,토
2023-11-12,식품·제조,815.0,15.1,휴무,일
2023-11-13,식품·제조,2783.3,11.9,조업,월
2023-11-14,식품·제조,2902.4,14.1,조업,화
2023-11-15,식품·제조,3078.9,15.4,조업,수
2023-11-16,식품·제조,2890.4,15.3,조업,목
2023-11-17,식품·제조,2650.7,11.3,조업,금
2023-11-18,식품·제조,899.3,15.3,휴무,토
2023-11-19,식품·제조,827.2,13.1,휴무,일
2023-11-20,식품·제조,2915.3,10.9,조업,월
2023-11-21,식품·제조,2913.7,12.7,조업,화
2023-11-22,식품·제조,3072.9,13.7,조업,수
2023-11-23,식품·제조,2965.7,8.0,조업,목
2023-11-24,식품·제조,2769.2,12.5,조업,금
2023-11-25,식품·제조,860.7,9.3,휴무,토
2023-11-26,식품·제조,888.3,15.5,휴무,일
2023-11-27,식품·제조,2757.9,15.1,조업,월
2023-11-28,식품·제조,2839.7,13.4,조업,화
2023-11-29,식품·제조,2715.1,10.8,조업,수
2023-11-30,식품·제조,2798.4,15.8,조업,목
2023-12-01,식품·제조,3464.3,6.0,조업,금
2023-12-02,식품·제조,1024.6,6.3,휴무,토
2023-12-03,식품·제조,1008.8,9.3,휴무,일
2023-12-04,식품·제조,3457.4,3.4,조업,월
2023-12-05,식품·제조,3206.8,4.4,조업,화
2023-12-06,식품·제조,3347.5,6.3,조업,수
2023-12-07,식품·제조,3210.4,6.7,조업,목
2023-12-08,식품·제조,3031.5,5.7,조업,금
2023-12-09,식품·제조,994.1,6.0,휴무,토
2023-12-10,식품·제조,991.6,5.8,휴무,일
2023-12-11,식품·제조,3248.3,8.2,조업,월
2023-12-12,식품·제조,3367.6,4.3,조업,화
2023-12-13,식품·제조,3380.5,7.9,조업,수
2023-12-14,식품·제조,3218.7,9.3,조업,목
2023-12-15,식품·제조,3072.7,7.1,조업,금
2023-12-16,식품·제조,930.3,6.3,휴무,토
2023-12-17,식품·제조,983.2,7.6,휴무,일
2023-12-18,식품·제조,3231.4,5.4,조업,월
2023-12-19,식품·제조,3311.2,7.7,조업,화
2023-12-20,식품·제조,2894.4,5.1,조업,수
2023-12-21,식품·제조,3178.7,4.9,조업,목
2023-12-22,식품·제조,3309.5,6.5,조업,금
2023-12-23,식품·제조,996.8,4.1,휴무,토
2023-12-24,식품·제조,1021.1,3.7,휴무,일
2023-12-25,식품·제조,3168.5,6.9,조업,월
2023-12-26,식품·제조,3250.9,11.5,조업,화
2023-12-27,식품·제조,3369.2,9.6,조업,수
2023-12-28,식품·제조,3126.6,5.0,조업,목
2023-12-29,식품·제조,3158.3,6.8,조업,금
2023-12-30,식품·제조,978.9,8.2,휴무,토
2023-12-31,식품·제조,985.6,12.0,휴무,일
2024-01-01,식품·제조,3368.2,4.9,조업,월
2024-01-02,식품·제조,3289.9,3.7,조업,화
2024-01-03,식품·제조,3074.4,2.2,조업,수
2024-01-04,식품·제조,3121.9,8.0,조업,목
2024-01-05,식품·제조,3345.8,6.1,조업,금
2024-01-06,식품·제조,963.0,8.0,휴무,토
2024-01-07,식품·제조,1061.4,4.6,휴무,일
2024-01-08,식품·제조,3528.2,4.0,조업,월
2024-01-09,식품·제조,3298.1,3.4,조업,화
2024-01-10,식품·제조,3357.5,3.2,조업,수
2024-01-11,식품·제조,3312.2,1.6,조업,목
2024-01-12,식품·제조,3656.5,5.9,조업,금
2024-01-13,식품·제조,940.0,11.0,휴무,토
2024-01-14,식품·제조,938.1,7.4,휴무,일
2024-01-15,식품·제조,3162.2,3.0,조업,월
2024-01-16,식품·제조,3686.6,4.0,조업,화
2024-01-17,식품·제조,3184.3,7.1,조업,수
2024-01-18,식품·제조,3361.3,4.7,조업,목
2024-01-19,식품·제조,3386.6,6.3,조업,금
2024-01-20,식품·제조,931.8,6.3,휴무,토
2024-01-21,식품·제조,1002.9,3.8,휴무,일
2024-01-22,식품·제조,3402.3,2.0,조업,월
2024-01-23,식품·제조,3402.0,3.2,조업,화
2024-01-24,식품·제조,3208.2,3.2,조업,수
2024-01-25,식품·제조,3332.2,7.1,조업,목
2024-01-26,식품·제조,3437.3,5.0,조업,금
2024-01-27,식품·제조,1004.2,7.5,휴무,토
2024-01-28,식품·제조,1016.1,6.3,휴무,일
2024-01-29,식품·제조,3454.2,5.6,조업,월
2024-01-30,식품·제조,3433.5,6.4,조업,화
2024-01-31,식품·제조,3675.9,4.3,조업,수
2024-02-01,식품·제조,2883.7,7.5,조업,목
2024-02-02,식품·제조,3318.6,6.9,조업,금
2024-02-03,식품·제조,957.4,4.0,휴무,토
2024-02-04,식품·제조,964.9,5.1,휴무,일
2024-02-05,식품·제조,3146.1,8.6,조업,월
2024-02-06,식품·제조,2952.6,5.0,조업,화
2024-02-07,식품·제조,3250.1,7.4,조업,수
2024-02-08,식품·제조,3032.6,6.7,조업,목
2024-02-09,식품·제조,3071.1,7.5,조업,금
2024-02-10,식품·제조,910.3,9.3,휴무,토
2024-02-11,식품·제조,947.2,7.2,휴무,일
2024-02-12,식품·제조,2992.3,1.7,조업,월
2024-02-13,식품·제조,3091.2,6.5,조업,화
2024-02-14,식품·제조,3191.6,7.4,조업,수
2024-02-15,식품·제조,3158.4,8.8,조업,목
2024-02-16,식품·제조,3175.0,6.9,조업,금
2024-02-17,식품·제조,883.1,11.2,휴무,토
2024-02-18,식품·제조,833.3,8.1,휴무,일
2024-02-19,식품·제조,3021.0,10.1,조업,월
2024-02-20,식품·제조,3145.0,8.8,조업,화
2024-02-21,식품·제조,2953.7,10.5,조업,수
2024-02-22,식품·제조,3329.4,2.3,조업,목
2024-02-23,식품·제조,3266.4,7.7,조업,금
2024-02-24,식품·제조,944.0,8.5,휴무,토
2024-02-25,식품·제조,961.1,8.9,휴무,일
2024-02-26,식품·제조,3152.5,7.9,조업,월
2024-02-27,식품·제조,2974.0,5.4,조업,화
2024-02-28,식품·제조,3102.1,3.9,조업,수
2024-02-29,식품·제조,3120.9,4.4,조업,목
2024-03-01,식품·제조,2685.8,13.6,조업,금
2024-03-02,식품·제조,808.5,13.6,휴무,토
2024-03-03,식품·제조,796.3,13.2,휴무,일
2024-03-04,식품·제조,2547.5,12.4,조업,월
2024-03-05,식품·제조,2689.1,14.4,조업,화
2024-03-06,식품·제조,2487.6,13.4,조업,수
2024-03-07,식품·제조,2443.1,9.4,조업,목
2024-03-08,식품·제조,2432.2,10.5,조업,금
2024-03-09,식품·제조,824.0,12.4,휴무,토
2024-03-10,식품·제조,846.0,12.3,휴무,일
2024-03-11,식품·제조,2711.8,13.2,조업,월
2024-03-12,식품·제조,2701.7,12.8,조업,화
2024-03-13,식품·제조,2456.7,12.8,조업,수
2024-03-14,식품·제조,2788.5,10.3,조업,목
2024-03-15,식품·제조,2468.9,14.4,조업,금
2024-03-16,식품·제조,806.3,11.2,휴무,토
2024-03-17,식품·제조,771.0,11.4,휴무,일
2024-03-18,식품·제조,2668.6,10.3,조업,월
2024-03-19,식품·제조,2718.4,11.1,조업,화
2024-03-20,식품·제조,2648.5,9.0,조업,수
2024-03-21,식품·제조,2465.5,10.2,조업,목
2024-03-22,식품·제조,2740.4,14.2,조업,금
2024-03-23,식품·제조,790.7,9.3,휴무,토
2024-03-24,식품·제조,797.3,11.7,휴무,일
2024-03-25,식품·제조,2495.0,9.5,조업,월
2024-03-26,식품·제조,2621.3,14.3,조업,화
2024-03-27,식품·제조,2713.6,13.5,조업,수
2024-03-28,식품·제조,2650.3,14.4,조업,목
2024-03-29,식품·제조,2358.0,15.1,조업,금
2024-03-30,식품·제조,785.0,12.2,휴무,토
2024-03-31,식품·제조,768.6,13.3,휴무,일
2024-04-01,식품·제조,2298.4,21.2,조업,월
2024-04-02,식품·제조,2361.3,21.0,조업,화
2024-04-03,식품·제조,2467.9,21.3,조업,수
2024-04-04,식품·제조,2527.7,20.1,조업,목
2024-04-05,식품·제조,2412.8,19.9,조업,금
2024-04-06,식품·제조,694.7,17.7,휴무,토
2024-04-07,식품·제조,732.5,18.8,휴무,일
2024-04-08,식품·제조,2346.1,20.9,조업,월
2024-04-09,식품·제조,2340.0,19.0,조업,화
2024-04-10,식품·제조,2365.4,20.8,조업,수
2024-04-11,식품·제조,2323.5,20.6,조업,목
2024-04-12,식품·제조,2374.2,18.8,조업,금
2024-04-13,식품·제조,723.8,22.4,휴무,토
2024-04-14,식품·제조,730.9,17.7,휴무,일
2024-04-15,식품·제조,2358.8,24.2,조업,월
2024-04-16,식품·제조,2443.2,22.8,조업,화
2024-04-17,식품·제조,2530.9,18.7,조업,수
2024-04-18,식품·제조,2296.9,20.5,조업,목
2024-04-19,식품·제조,2409.6,17.0,조업,금
2024-04-20,식품·제조,715.8,18.7,휴무,토
2024-04-21,식품·제조,712.3,22.4,휴무,일
2024-04-22,식품·제조,2477.0,19.3,조업,월
2024-04-23,식품·제조,2425.9,20.4,조업,화
2024-04-24,식품·제조,2557.9,23.0,조업,수
2024-04-25,식품·제조,2333.0,21.3,조업,목
2024-04-26,식품·제조,2266.5,21.2,조업,금
2024-04-27,식품·제조,738.5,18.7,휴무,토
2024-04-28,식품·제조,724.8,22.8,휴무,일
2024-04-29,식품·제조,2218.2,22.7,조업,월
2024-04-30,식품·제조,2414.6,17.2,조업,화
2024-05-01,식품·제조,2051.4,30.0,조업,수
2024-05-02,식품·제조,2173.5,26.2,조업,목
2024-05-03,식품·제조,2319.0,29.9,조업,금
2024-05-04,식품·제조,716.9,28.5,휴무,토
2024-05-05,식품·제조,681.2,30.6,휴무,일
2024-05-06,식품·제조,2340.0,27.0,조업,월
2024-05-07,식품·제조,2204.7,27.9,조업,화
2024-05-08,식품·제조,2260.9,28.2,조업,수
2024-05-09,식품·제조,2232.4,27.6,조업,목
2024-05-10,식품·제조,2365.5,23.4,조업,금
2024-05-11,식품·제조,650.8,30.4,휴무,토
2024-05-12,식품·제조,660.2,29.9,휴무,일
2024-05-13,식품·제조,2237.0,28.7,조업,월
2024-05-14,식품·제조,2131.2,26.2,조업,화
2024-05-15,식품·제조,2380.5,25.9,조업,수
2024-05-16,식품·제조,2224.7,26.9,조업,목
2024-05-17,식품·제조,2299.5,24.5,조업,금
2024-05-18,식품·제조,705.3,26.5,휴무,토
2024-05-19,식품·제조,639.6,27.5,휴무,일
2024-05-20,식품·제조,2312.0,23.5,조업,월
2024-05-21,식품·제조,2377.2,26.6,조업,화
2024-05-22,식품·제조,2257.3,25.3,조업,수
2024-05-23,식품·제조,2314.1,25.7,조업,목
2024-05-24,식품·제조,2363.2,24.8,조업,금
2024-05-25,식품·제조,673.0,28.3,휴무,토
2024-05-26,식품·제조,732.5,27.2,휴무,일
2024-05-27,식품·제조,2190.2,25.2,조업,월
2024-05-28,식품·제조,2336.0,30.8,조업,화
2024-05-29,식품·제조,2276.4,24.9,조업,수
2024-05-30,식품·제조,2394.3,26.1,조업,목
2024-05-31,식품·제조,2264.2,23.6,조업,금
2024-06-01,식품·제조,673.3,34.2,휴무,토
2024-06-02,식품·제조,647.1,33.4,휴무,일
2024-06-03,식품·제조,2228.2,33.6,조업,월
2024-06-04,식품·제조,2238.5,33.0,조업,화
2024-06-05,식품·제조,2092.3,35.7,조업,수
2024-06-06,식품·제조,2116.2,35.6,조업,목
2024-06-07,식품·제조,2214.9,35.0,조업,금
2024-06-08,식품·제조,602.4,30.3,휴무,토
2024-06-09,식품·제조,613.9,33.8,휴무,일
2024-06-10,식품·제조,2235.5,32.0,조업,월
2024-06-11,식품·제조,2020.5,33.4,조업,화
2024-06-12,식품·제조,2332.4,33.4,조업,수
2024-06-13,식품·제조,2125.3,32.6,조업,목
2024-06-14,식품·제조,2138.1,31.2,조업,금
2024-06-15,식품·제조,582.9,31.6,휴무,토
2024-06-16,식품·제조,651.4,30.3,휴무,일
2024-06-17,식품·제조,2246.4,32.3,조업,월
2024-06-18,식품·제조,2136.7,33.2,조업,화
2024-06-19,식품·제조,2247.7,31.0,조업,수
2024-06-20,식품·제조,2025.7,33.1,조업,목
2024-06-21,식품·제조,2174.1,35.0,조업,금
2024-06-22,식품·제조,635.1,33.4,휴무,토
2024-06-23,식품·제조,637.2,32.5,휴무,일
2024-06-24,식품·제조,2088.5,30.2,조업,월
2024-06-25,식품·제조,2117.6,33.0,조업,화
2024-06-26,식품·제조,2159.7,29.5,조업,수
2024-06-27,식품·제조,2129.1,34.6,조업,목
2024-06-28,식품·제조,2113.5,29.6,조업,금
2024-06-29,식품·제조,624.5,32.0,휴무,토
2024-06-30,식품·제조,651.2,34.9,휴무,일
2024-07-01,식품·제조,1984.4,36.4,조업,월
2024-07-02,식품·제조,1934.2,36.4,조업,화
2024-07-03,식품·제조,1926.6,33.4,조업,수
2024-07-04,식품·제조,2089.0,33.7,조업,목
2024-07-05,식품·제조,1899.9,32.9,조업,금
2024-07-06,식품·제조,645.6,34.2,휴무,토
2024-07-07,식품·제조,606.7,33.1,휴무,일
2024-07-08,식품·제조,2081.3,34.1,조업,월
2024-07-09,식품·제조,2067.5,38.8,조업,화
2024-07-10,식품·제조,1847.5,35.0,조업,수
2024-07-11,식품·제조,2014.5,37.4,조업,목
2024-07-12,식품·제조,2103.8,38.0,조업,금
2024-07-13,식품·제조,576.8,33.6,휴무,토
2024-07-14,식품·제조,558.4,33.2,휴무,일
2024-07-15,식품·제조,2033.5,35.2,조업,월
2024-07-16,식품·제조,2053.5,33.1,조업,화
2024-07-17,식품·제조,2198.4,33.6,조업,수
2024-07-18,식품·제조,1838.2,35.4,조업,목
2024-07-19,식품·제조,2121.1,39.0,조업,금
2024-07-20,식품·제조,653.4,36.3,휴무,토
2024-07-21,식품·제조,637.2,37.8,휴무,일
2024-07-22,식품·제조,2230.9,34.0,조업,월
2024-07-23,식품·제조,1951.8,36.8,조업,화
2024-07-24,식품·제조,2025.1,37.4,조업,수
2024-07-25,식품·제조,2069.5,32.1,조업,목
2024-07-26,식품·제조,2130.7,33.7,조업,금
2024-07-27,식품·제조,646.1,34.6,휴무,토
2024-07-28,식품·제조,614.1,39.9,휴무,일
2024-07-29,식품·제조,2025.1,34.2,조업,월
2024-07-30,식품·제조,2050.3,33.7,조업,화
2024-07-31,식품·제조,2087.4,33.8,조업,수
2024-08-01,식품·제조,2184.6,32.1,조업,목
2024-08-02,식품·제조,2160.6,32.2,조업,금
2024-08-03,식품·제조,615.7,31.3,휴무,토
2024-08-04,식품·제조,657.1,30.9,휴무,일
2024-08-05,식품·제조,2054.2,32.4,조업,월
2024-08-06,식품·제조,2078.3,28.8,조업,화
2024-08-07,식품·제조,2132.4,34.6,조업,수
2024-08-08,식품·제조,2167.7,35.5,조업,목
2024-08-09,식품·제조,2321.0,30.9,조업,금
2024-08-10,식품·제조,660.1,38.7,휴무,토
2024-08-11,식품·제조,631.7,33.1,휴무,일
2024-08-12,식품·제조,2137.1,35.8,조업,월
2024-08-13,식품·제조,2165.9,32.5,조업,화
2024-08-14,식품·제조,2254.7,34.3,조업,수
2024-08-15,식품·제조,2219.3,34.3,조업,목
2024-08-16,식품·제조,2043.9,30.8,조업,금
2024-08-17,식품·제조,658.6,33.6,휴무,토
2024-08-18,식품·제조,625.9,31.5,휴무,일
2024-08-19,식품·제조,2216.0,34.1,조업,월
2024-08-20,식품·제조,2190.6,30.3,조업,화
2024-08-21,식품·제조,2163.4,34.7,조업,수
2024-08-22,식품·제조,2161.4,34.9,조업,목
2024-08-23,식품·제조,2064.6,33.2,조업,금
2024-08-24,식품·제조,583.3,35.0,휴무,토
2024-08-25,식품·제조,699.1,34.0,휴무,일
2024-08-26,식품·제조,2204.3,31.9,조업,월
2024-08-27,식품·제조,2116.9,31.5,조업,화
2024-08-28,식품·제조,2175.8,32.3,조업,수
2024-08-29,식품·제조,2218.8,36.0,조업,목
2024-08-30,식품·제조,2263.6,32.6,조업,금
2024-08-31,식품·제조,625.7,30.8,휴무,토
2024-09-01,식품·제조,688.9,28.0,휴무,일
2024-09-02,식품·제조,2324.8,29.7,조업,월
2024-09-03,식품·제조,2266.2,23.8,조업,화
2024-09-04,식품·제조,2408.0,28.8,조업,수
2024-09-05,식품·제조,2171.4,27.1,조업,목
2024-09-06,식품·제조,2218.3,28.0,조업,금
2024-09-07,식품·제조,712.4,26.1,휴무,토
2024-09-08,식품·제조,698.2,28.6,휴무,일
2024-09-09,식품·제조,2183.2,31.8,조업,월
2024-09-10,식품·제조,2441.6,27.6,조업,화
2024-09-11,식품·제조,2536.7,28.7,조업,수
2024-09-12,식품·제조,2327.3,29.7,조업,목
2024-09-13,식품·제조,2475.7,28.7,조업,금
2024-09-14,식품·제조,722.6,26.0,휴무,토
2024-09-15,식품·제조,733.2,26.1,휴무,일
2024-09-16,식품·제조,2527.7,27.0,조업,월
2024-09-17,식품·제조,2351.8,26.3,조업,화
2024-09-18,식품·제조,2400.8,23.6,조업,수
2024-09-19,식품·제조,2380.2,25.7,조업,목
2024-09-20,식품·제조,2379.9,28.6,조업,금
2024-09-21,식품·제조,730.3,28.7,휴무,토
2024-09-22,식품·제조,742.5,28.3,휴무,일
2024-09-23,식품·제조,2210.9,32.5,조업,월
2024-09-24,식품·제조,2440.9,26.4,조업,화
2024-09-25,식품·제조,2278.9,30.5,조업,수
2024-09-26,식품·제조,2413.3,26.7,조업,목
2024-09-27,식품·제조,2336.9,24.9,조업,금
2024-09-28,식품·제조,675.6,30.2,휴무,토
2024-09-29,식품·제조,724.2,27.2,휴무,일
2024-09-30,식품·제조,2392.9,28.2,조업,월
2024-10-01,식품·제조,2477.3,19.3,조업,화
2024-10-02,식품·제조,2806.1,24.5,조업,수
2024-10-03,식품·제조,2546.2,19.7,조업,목
2024-10-04,식품·제조,2914.1,20.5,조업,금
2024-10-05,식품·제조,760.9,24.3,휴무,토
2024-10-06,식품·제조,830.6,19.0,휴무,일
2024-10-07,식품·제조,2614.7,19.6,조업,월
2024-10-08,식품·제조,2696.5,20.3,조업,화
2024-10-09,식품·제조,2523.7,17.5,조업,수
2024-10-10,식품·제조,2602.3,17.6,조업,목
2024-10-11,식품·제조,2611.8,20.6,조업,금
2024-10-12,식품·제조,777.1,21.4,휴무,토
2024-10-13,식품·제조,800.0,23.5,휴무,일
2024-10-14,식품·제조,2712.9,19.3,조업,월
2024-10-15,식품·제조,2678.9,18.4,조업,화
2024-10-16,식품·제조,2386.6,18.5,조업,수
2024-10-17,식품·제조,2701.8,19.6,조업,목
2024-10-18,식품·제조,2699.7,17.8,조업,금
2024-10-19,식품·제조,799.6,19.4,휴무,토
2024-10-20,식품·제조,763.6,19.6,휴무,일
2024-10-21,식품·제조,2597.2,21.8,조업,월
2024-10-22,식품·제조,2592.8,22.5,조업,화
2024-10-23,식품·제조,2602.0,17.7,조업,수
2024-10-24,식품·제조,2634.7,21.1,조업,목
2024-10-25,식품·제조,2703.7,20.8,조업,금
2024-10-26,식품·제조,772.7,23.9,휴무,토
2024-10-27,식품·제조,815.3,19.0,휴무,일
2024-10-28,식품·제조,2774.9,18.5,조업,월
2024-10-29,식품·제조,2669.8,19.7,조업,화
2024-10-30,식품·제조,2518.7,18.3,조업,수
2024-10-31,식품·제조,2549.9,21.1,조업,목
2024-11-01,식품·제조,2907.8,8.5,조업,금
2024-11-02,식품·제조,876.9,13.2,휴무,토
2024-11-03,식품·제조,916.0,11.7,휴무,일
2024-11-04,식품·제조,2974.6,12.8,조업,월
2024-11-05,식품·제조,2767.9,13.5,조업,화
2024-11-06,식품·제조,2954.1,11.1,조업,수
2024-11-07,식품·제조,2931.2,11.5,조업,목
2024-11-08,식품·제조,2777.2,10.6,조업,금
2024-11-09,식품·제조,822.3,12.8,휴무,토
2024-11-10,식품·제조,892.9,14.8,휴무,일
2024-11-11,식품·제조,2823.7,10.0,조업,월
2024-11-12,식품·제조,2954.3,8.9,조업,화
2024-11-13,식품·제조,2674.1,11.3,조업,수
2024-11-14,식품·제조,3017.1,12.7,조업,목
2024-11-15,식품·제조,2643.4,12.7,조업,금
2024-11-16,식품·제조,854.8,7.5,휴무,토
2024-11-17,식품·제조,862.3,12.6,휴무,일
2024-11-18,식품·제조,2815.5,10.1,조업,월
2024-11-19,식품·제조,3115.4,11.7,조업,화
2024-11-20,식품·제조,2811.5,12.7,조업,수
2024-11-21,식품·제조,2911.3,11.6,조업,목
2024-11-22,식품·제조,2936.7,13.3,조업,금
2024-11-23,식품·제조,841.2,14.8,휴무,토
2024-11-24,식품·제조,857.3,11.5,휴무,일
2024-11-25,식품·제조,2832.9,10.8,조업,월
2024-11-26,식품·제조,2975.7,14.9,조업,화
2024-11-27,식품·제조,2736.0,12.3,조업,수
2024-11-28,식품·제조,2754.3,10.1,조업,목
2024-11-29,식품·제조,2945.9,9.7,조업,금
2024-11-30,식품·제조,880.4,12.3,휴무,토
2024-12-01,식품·제조,960.2,5.9,휴무,일
2024-12-02,식품·제조,3169.3,9.1,조업,월
2024-12-03,식품·제조,3185.2,7.5,조업,화
2024-12-04,식품·제조,3308.5,7.8,조업,수
2024-12-05,식품·제조,3010.2,9.3,조업,목
2024-12-06,식품·제조,3313.7,11.8,조업,금
2024-12-07,식품·제조,986.2,7.9,휴무,토
2024-12-08,식품·제조,895.0,5.0,휴무,일
2024-12-09,식품·제조,3361.1,2.1,조업,월
2024-12-10,식품·제조,3272.4,9.6,조업,화
2024-12-11,식품·제조,3363.8,7.4,조업,수
2024-12-12,식품·제조,3156.6,6.8,조업,목
2024-12-13,식품·제조,3204.3,5.0,조업,금
2024-12-14,식품·제조,910.2,4.8,휴무,토
2024-12-15,식품·제조,981.3,2.0,휴무,일
2024-12-16,식품·제조,3248.0,5.0,조업,월
2024-12-17,식품·제조,3506.0,3.1,조업,화
2024-12-18,식품·제조,3015.6,7.5,조업,수
2024-12-19,식품·제조,3199.4,2.0,조업,목
2024-12-20,식품·제조,3148.1,8.8,조업,금
2024-12-21,식품·제조,961.0,3.4,휴무,토
2024-12-22,식품·제조,978.8,7.8,휴무,일
2024-12-23,식품·제조,3010.3,8.4,조업,월
2024-12-24,식품·제조,3052.8,7.3,조업,화
2024-12-25,식품·제조,3324.0,7.7,조업,수
2024-12-26,식품·제조,3263.6,12.1,조업,목
2024-12-27,식품·제조,3261.2,5.9,조업,금
2024-12-28,식품·제조,980.9,7.1,휴무,토
2024-12-29,식품·제조,914.6,9.1,휴무,일
2024-12-30,식품·제조,3398.1,10.0,조업,월
2024-12-31,식품·제조,3198.1,6.8,조업,화
2023-01-01,섬유·의류,474.1,4.1,휴무,일
2023-01-02,섬유·의류,1651.5,8.3,조업,월
2023-01-03,섬유·의류,1761.2,7.7,조업,화
2023-01-04,섬유·의류,1624.9,3.8,조업,수
2023-01-05,섬유·의류,1594.9,4.5,조업,목
2023-01-06,섬유·의류,1638.4,2.7,조업,금
2023-01-07,섬유·의류,516.3,4.5,휴무,토
2023-01-08,섬유·의류,492.0,7.1,휴무,일
2023-01-09,섬유·의류,1596.1,6.3,조업,월
2023-01-10,섬유·의류,1618.0,5.8,조업,화
2023-01-11,섬유·의류,1675.0,4.3,조업,수
2023-01-12,섬유·의류,1686.4,5.6,조업,목
2023-01-13,섬유·의류,1622.1,6.9,조업,금
2023-01-14,섬유·의류,511.0,5.0,휴무,토
2023-01-15,섬유·의류,545.2,0.1,휴무,일
2023-01-16,섬유·의류,1741.6,5.5,조업,월
2023-01-17,섬유·의류,1555.0,6.2,조업,화
2023-01-18,섬유·의류,1772.5,5.6,조업,수
2023-01-19,섬유·의류,1660.6,6.5,조업,목
2023-01-20,섬유·의류,1857.6,5.1,조업,금
2023-01-21,섬유·의류,496.5,6.7,휴무,토
2023-01-22,섬유·의류,528.0,9.8,휴무,일
2023-01-23,섬유·의류,1549.4,7.6,조업,월
2023-01-24,섬유·의류,1739.7,6.1,조업,화
2023-01-25,섬유·의류,1700.8,10.2,조업,수
2023-01-26,섬유·의류,1621.5,2.3,조업,목
2023-01-27,섬유·의류,1705.6,6.4,조업,금
2023-01-28,섬유·의류,519.0,6.3,휴무,토
2023-01-29,섬유·의류,535.3,3.9,휴무,일
2023-01-30,섬유·의류,1625.6,3.8,조업,월
2023-01-31,섬유·의류,1678.0,7.1,조업,화
2023-02-01,섬유·의류,1666.4,4.1,조업,수
2023-02-02,섬유·의류,1544.1,6.7,조업,목
2023-02-03,섬유·의류,1596.7,7.3,조업,금
2023-02-04,섬유·의류,464.7,7.7,휴무,토
2023-02-05,섬유·의류,451.7,5.7,휴무,일
2023-02-06,섬유·의류,1593.9,8.1,조업,월
2023-02-07,섬유·의류,1564.5,9.2,조업,화
2023-02-08,섬유·의류,1521.0,3.4,조업,수
2023-02-09,섬유·의류,1535.5,4.1,조업,목
2023-02-10,섬유·의류,1532.2,6.1,조업,금
2023-02-11,섬유·의류,440.8,8.2,휴무,토
2023-02-12,섬유·의류,466.1,9.3,휴무,일
2023-02-13,섬유·의류,1539.4,8.2,조업,월
2023-02-14,섬유·의류,1575.6,7.8,조업,화
2023-02-15,섬유·의류,1598.3,9.9,조업,수
2023-02-16,섬유·의류,1463.7,4.8,조업,목
2023-02-17,섬유·의류,1612.0,5.4,조업,금
2023-02-18,섬유·의류,479.4,8.0,휴무,토
2023-02-19,섬유·의류,455.9,8.2,휴무,일
2023-02-20,섬유·의류,1539.9,8.0,조업,월
2023-02-21,섬유·의류,1591.5,9.3,조업,화
2023-02-22,섬유·의류,1590.2,8.9,조업,수
2023-02-23,섬유·의류,1549.0,8.9,조업,목
2023-02-24,섬유·의류,1523.3,8.1,조업,금
2023-02-25,섬유·의류,468.0,3.5,휴무,토
2023-02-26,섬유·의류,454.2,9.6,휴무,일
2023-02-27,섬유·의류,1554.6,6.5,조업,월
2023-02-28,섬유·의류,1486.3,6.0,조업,화
2023-03-01,섬유·의류,1271.1,14.0,조업,수
2023-03-02,섬유·의류,1313.5,15.3,조업,목
2023-03-03,섬유·의류,1271.6,10.5,조업,금
2023-03-04,섬유·의류,387.5,14.1,휴무,토
2023-03-05,섬유·의류,392.2,12.0,휴무,일
2023-03-06,섬유·의류,1311.6,13.4,조업,월
2023-03-07,섬유·의류,1365.4,9.9,조업,화
2023-03-08,섬유·의류,1258.2,9.1,조업,수
2023-03-09,섬유·의류,1309.7,14.5,조업,목
2023-03-10,섬유·의류,1362.3,12.9,조업,금
2023-03-11,섬유·의류,382.4,11.1,휴무,토
2023-03-12,섬유·의류,407.0,14.2,휴무,일
2023-03-13,섬유·의류,1374.4,11.9,조업,월
2023-03-14,섬유·의류,1280.9,11.1,조업,화
2023-03-15,섬유·의류,1413.3,13.0,조업,수
2023-03-16,섬유·의류,1280.1,10.7,조업,목
2023-03-17,섬유·의류,1345.1,10.6,조업,금
2023-03-18,섬유·의류,415.9,9.5,휴무,토
2023-03-19,섬유·의류,390.6,9.3,휴무,일
2023-03-20,섬유·의류,1258.6,14.4,조업,월
2023-03-21,섬유·의류,1309.0,9.2,조업,화
2023-03-22,섬유·의류,1281.9,11.1,조업,수
2023-03-23,섬유·의류,1301.4,14.1,조업,목
2023-03-24,섬유·의류,1345.0,8.9,조업,금
2023-03-25,섬유·의류,388.7,11.4,휴무,토
2023-03-26,섬유·의류,405.3,15.3,휴무,일
2023-03-27,섬유·의류,1359.4,11.4,조업,월
2023-03-28,섬유·의류,1369.4,11.7,조업,화
2023-03-29,섬유·의류,1269.7,12.4,조업,수
2023-03-30,섬유·의류,1289.1,15.5,조업,목
2023-03-31,섬유·의류,1319.0,10.7,조업,금
2023-04-01,섬유·의류,362.2,24.3,휴무,토
2023-04-02,섬유·의류,366.3,23.7,휴무,일
2023-04-03,섬유·의류,1161.7,22.4,조업,월
2023-04-04,섬유·의류,1143.0,20.6,조업,화
2023-04-05,섬유·의류,1110.5,17.9,조업,수
2023-04-06,섬유·의류,1184.1,15.6,조업,목
2023-04-07,섬유·의류,1208.9,18.5,조업,금
2023-04-08,섬유·의류,370.7,19.4,휴무,토
2023-04-09,섬유·의류,381.6,21.8,휴무,일
2023-04-10,섬유·의류,1254.4,22.6,조업,월
2023-04-11,섬유·의류,1218.6,19.0,조업,화
2023-04-12,섬유·의류,1215.8,18.1,조업,수
2023-04-13,섬유·의류,1233.8,15.3,조업,목
2023-04-14,섬유·의류,1134.7,21.4,조업,금
2023-04-15,섬유·의류,357.3,18.5,휴무,토
2023-04-16,섬유·의류,385.2,21.1,휴무,일
2023-04-17,섬유·의류,1150.1,21.8,조업,월
2023-04-18,섬유·의류,1213.9,18.1,조업,화
2023-04-19,섬유·의류,1152.3,19.9,조업,수
2023-04-20,섬유·의류,1190.3,22.9,조업,목
2023-04-21,섬유·의류,1149.4,16.4,조업,금
2023-04-22,섬유·의류,365.4,20.0,휴무,토
2023-04-23,섬유·의류,352.8,19.0,휴무,일
2023-04-24,섬유·의류,1283.6,20.7,조업,월
2023-04-25,섬유·의류,1183.9,20.3,조업,화
2023-04-26,섬유·의류,1267.9,22.1,조업,수
2023-04-27,섬유·의류,1213.5,19.3,조업,목
2023-04-28,섬유·의류,1163.3,18.8,조업,금
2023-04-29,섬유·의류,369.5,20.3,휴무,토
2023-04-30,섬유·의류,346.5,16.7,휴무,일
2023-05-01,섬유·의류,1118.1,25.8,조업,월
2023-05-02,섬유·의류,1138.4,28.9,조업,화
2023-05-03,섬유·의류,1187.5,29.2,조업,수
2023-05-04,섬유·의류,1127.0,23.3,조업,목
2023-05-05,섬유·의류,1167.5,28.6,조업,금
2023-05-06,섬유·의류,326.2,28.2,휴무,토
2023-05-07,섬유·의류,347.7,28.7,휴무,일
2023-05-08,섬유·의류,1093.8,25.9,조업,월
2023-05-09,섬유·의류,1147.8,26.4,조업,화
2023-05-10,섬유·의류,1141.6,31.8,조업,수
2023-05-11,섬유·의류,1111.8,26.5,조업,목
2023-05-12,섬유·의류,1168.5,29.5,조업,금
2023-05-13,섬유·의류,322.9,30.5,휴무,토
2023-05-14,섬유·의류,351.1,25.2,휴무,일
2023-05-15,섬유·의류,1108.0,28.7,조업,월
2023-05-16,섬유·의류,1204.6,24.7,조업,화
2023-05-17,섬유·의류,1107.1,29.2,조업,수
2023-05-18,섬유·의류,1041.1,26.5,조업,목
2023-05-19,섬유·의류,1169.3,28.5,조업,금
2023-05-20,섬유·의류,352.5,27.2,휴무,토
2023-05-21,섬유·의류,314.4,28.8,휴무,일
2023-05-22,섬유·의류,1244.9,28.4,조업,월
2023-05-23,섬유·의류,1153.5,28.3,조업,화
2023-05-24,섬유·의류,1260.5,28.9,조업,수
2023-05-25,섬유·의류,1183.8,25.0,조업,목
2023-05-26,섬유·의류,1190.3,26.8,조업,금
2023-05-27,섬유·의류,342.8,27.2,휴무,토
2023-05-28,섬유·의류,350.1,28.7,휴무,일
2023-05-29,섬유·의류,1048.0,29.4,조업,월
2023-05-30,섬유·의류,1085.2,28.6,조업,화
2023-05-31,섬유·의류,993.1,27.4,조업,수
2023-06-01,섬유·의류,1052.4,31.9,조업,목
2023-06-02,섬유·의류,1010.9,32.5,조업,금
2023-06-03,섬유·의류,334.0,34.2,휴무,토
2023-06-04,섬유·의류,330.8,35.8,휴무,일
2023-06-05,섬유·의류,1081.3,30.7,조업,월
2023-06-06,섬유·의류,1144.2,33.2,조업,화
2023-06-07,섬유·의류,1096.2,31.8,조업,수
2023-06-08,섬유·의류,1116.2,31.6,조업,목
2023-06-09,섬유·의류,1146.0,31.0,조업,금
2023-06-10,섬유·의류,311.8,32.7,휴무,토
2023-06-11,섬유·의류,305.9,31.1,휴무,일
2023-06-12,섬유·의류,1068.9,30.8,조업,월
2023-06-13,섬유·의류,1095.0,36.0,조업,화
2023-06-14,섬유·의류,1015.9,34.3,조업,수
2023-06-15,섬유·의류,1187.2,33.4,조업,목
2023-06-16,섬유·의류,1198.3,32.0,조업,금
2023-06-17,섬유·의류,320.2,33.1,휴무,토
2023-06-18,섬유·의류,333.4,34.2,휴무,일
2023-06-19,섬유·의류,1050.1,35.1,조업,월
2023-06-20,섬유·의류,1032.1,34.8,조업,화
2023-06-21,섬유·의류,1103.8,33.8,조업,수
2023-06-22,섬유·의류,1032.4,36.0,조업,목
2023-06-23,섬유·의류,1048.1,31.4,조업,금
2023-06-24,섬유·의류,311.1,35.8,휴무,토
2023-06-25,섬유·의류,317.8,35.5,휴무,일
2023-06-26,섬유·의류,1094.9,32.9,조업,월
2023-06-27,섬유·의류,1090.0,33.9,조업,화
2023-06-28,섬유·의류,1135.6,32.4,조업,수
2023-06-29,섬유·의류,1090.9,33.3,조업,목
2023-06-30,섬유·의류,1100.4,35.6,조업,금
2023-07-01,섬유·의류,289.9,33.8,휴무,토
2023-07-02,섬유·의류,328.1,34.1,휴무,일
2023-07-03,섬유·의류,1031.6,34.1,조업,월
2023-07-04,섬유·의류,993.6,37.1,조업,화
2023-07-05,섬유·의류,995.2,34.1,조업,수
2023-07-06,섬유·의류,1021.1,35.6,조업,목
2023-07-07,섬유·의류,993.2,35.0,조업,금
2023-07-08,섬유·의류,307.4,32.4,휴무,토
2023-07-09,섬유·의류,333.4,37.6,휴무,일
2023-07-10,섬유·의류,983.2,31.8,조업,월
2023-07-11,섬유·의류,992.5,34.6,조업,화
2023-07-12,섬유·의류,1062.9,31.3,조업,수
2023-07-13,섬유·의류,1011.2,34.5,조업,목
2023-07-14,섬유·의류,1013.6,35.3,조업,금
2023-07-15,섬유·의류,315.7,40.1,휴무,토
2023-07-16,섬유·의류,295.6,35.8,휴무,일
2023-07-17,섬유·의류,1031.9,34.0,조업,월
2023-07-18,섬유·의류,991.5,35.3,조업,화
2023-07-19,섬유·의류,968.4,30.5,조업,수
2023-07-20,섬유·의류,1044.3,33.6,조업,목
2023-07-21,섬유·의류,1011.1,33.1,조업,금
2023-07-22,섬유·의류,297.8,34.2,휴무,토
2023-07-23,섬유·의류,298.2,31.9,휴무,일
2023-07-24,섬유·의류,1077.2,35.9,조업,월
2023-07-25,섬유·의류,965.7,33.3,조업,화
2023-07-26,섬유·의류,960.9,33.7,조업,수
2023-07-27,섬유·의류,994.8,32.9,조업,목
2023-07-28,섬유·의류,1063.5,37.2,조업,금
2023-07-29,섬유·의류,316.6,36.9,휴무,토
2023-07-30,섬유·의류,302.7,35.0,휴무,일
2023-07-31,섬유·의류,1032.8,37.8,조업,월
2023-08-01,섬유·의류,1104.4,34.0,조업,화
2023-08-02,섬유·의류,1015.2,30.9,조업,수
2023-08-03,섬유·의류,1111.7,35.6,조업,목
2023-08-04,섬유·의류,1059.9,33.4,조업,금
2023-08-05,섬유·의류,341.7,33.0,휴무,토
2023-08-06,섬유·의류,330.6,35.8,휴무,일
2023-08-07,섬유·의류,1041.5,32.3,조업,월
2023-08-08,섬유·의류,1018.6,33.6,조업,화
2023-08-09,섬유·의류,1044.8,34.3,조업,수
2023-08-10,섬유·의류,1053.8,33.0,조업,목
2023-08-11,섬유·의류,1086.6,33.2,조업,금
2023-08-12,섬유·의류,358.2,34.4,휴무,토
2023-08-13,섬유·의류,334.3,34.7,휴무,일
2023-08-14,섬유·의류,1141.2,30.4,조업,월
2023-08-15,섬유·의류,1125.7,32.1,조업,화
2023-08-16,섬유·의류,1089.1,31.1,조업,수
2023-08-17,섬유·의류,1115.0,29.5,조업,목
2023-08-18,섬유·의류,1021.8,34.3,조업,금
2023-08-19,섬유·의류,306.8,32.7,휴무,토
2023-08-20,섬유·의류,334.7,34.6,휴무,일
2023-08-21,섬유·의류,1045.4,35.2,조업,월
2023-08-22,섬유·의류,1086.9,31.1,조업,화
2023-08-23,섬유·의류,1120.0,30.0,조업,수
2023-08-24,섬유·의류,1128.4,33.9,조업,목
2023-08-25,섬유·의류,1023.8,32.6,조업,금
2023-08-26,섬유·의류,339.2,31.9,휴무,토
2023-08-27,섬유·의류,330.8,31.3,휴무,일
2023-08-28,섬유·의류,1079.2,30.6,조업,월
2023-08-29,섬유·의류,1118.6,30.8,조업,화
2023-08-30,섬유·의류,1028.8,37.3,조업,수
2023-08-31,섬유·의류,1063.5,29.6,조업,목
2023-09-01,섬유·의류,1184.3,27.0,조업,금
2023-09-02,섬유·의류,361.4,27.9,휴무,토
2023-09-03,섬유·의류,378.2,27.6,휴무,일
2023-09-04,섬유·의류,1197.7,30.9,조업,월
2023-09-05,섬유·의류,1109.0,27.9,조업,화
2023-09-06,섬유·의류,1243.2,27.7,조업,수
2023-09-07,섬유·의류,1273.3,26.0,조업,목
2023-09-08,섬유·의류,1175.4,27.8,조업,금
2023-09-09,섬유·의류,343.9,28.0,휴무,토
2023-09-10,섬유·의류,356.5,27.2,휴무,일
2023-09-11,섬유·의류,1215.0,29.1,조업,월
2023-09-12,섬유·의류,1290.7,27.5,조업,화
2023-09-13,섬유·의류,1176.9,32.3,조업,수
2023-09-14,섬유·의류,1211.8,28.5,조업,목
2023-09-15,섬유·의류,1147.1,26.9,조업,금
2023-09-16,섬유·의류,366.2,25.7,휴무,토
2023-09-17,섬유·의류,339.6,31.5,휴무,일
2023-09-18,섬유·의류,1169.0,28.1,조업,월
2023-09-19,섬유·의류,1225.6,23.3,조업,화
2023-09-20,섬유·의류,1127.6,27.4,조업,수
2023-09-21,섬유·의류,1177.2,29.3,조업,목
2023-09-22,섬유·의류,1143.6,20.4,조업,금
2023-09-23,섬유·의류,369.1,26.8,휴무,토
2023-09-24,섬유·의류,368.0,25.6,휴무,일
2023-09-25,섬유·의류,1186.2,27.4,조업,월
2023-09-26,섬유·의류,1212.4,25.9,조업,화
2023-09-27,섬유·의류,1230.9,30.7,조업,수
2023-09-28,섬유·의류,1193.2,26.6,조업,목
2023-09-29,섬유·의류,1190.3,27.8,조업,금
2023-09-30,섬유·의류,362.2,23.8,휴무,토
2023-10-01,섬유·의류,379.4,19.9,휴무,일
2023-10-02,섬유·의류,1188.3,22.3,조업,월
2023-10-03,섬유·의류,1341.9,20.9,조업,화
2023-10-04,섬유·의류,1315.9,23.1,조업,수
2023-10-05,섬유·의류,1362.4,19.7,조업,목
2023-10-06,섬유·의류,1281.6,21.1,조업,금
2023-10-07,섬유·의류,424.0,20.3,휴무,토
2023-10-08,섬유·의류,425.4,22.2,휴무,일
2023-10-09,섬유·의류,1300.8,19.9,조업,월
2023-10-10,섬유·의류,1279.8,20.1,조업,화
2023-10-11,섬유·의류,1348.5,19.1,조업,수
2023-10-12,섬유·의류,1252.5,18.5,조업,목
2023-10-13,섬유·의류,1402.6,20.7,조업,금
2023-10-14,섬유·의류,387.8,18.6,휴무,토
2023-10-15,섬유·의류,381.1,21.3,휴무,일
2023-10-16,섬유·의류,1349.4,19.5,조업,월
2023-10-17,섬유·의류,1332.6,22.3,조업,화
2023-10-18,섬유·의류,1366.0,21.9,조업,수
2023-10-19,섬유·의류,1260.3,18.1,조업,목
2023-10-20,섬유·의류,1298.0,22.5,조업,금
2023-10-21,섬유·의류,378.9,22.5,휴무,토
2023-10-22,섬유·의류,418.2,19.6,휴무,일
2023-10-23,섬유·의류,1272.8,17.9,조업,월
2023-10-24,섬유·의류,1345.0,18.2,조업,화
2023-10-25,섬유·의류,1396.5,19.9,조업,수
2023-10-26,섬유·의류,1312.9,20.3,조업,목
2023-10-27,섬유·의류,1266.0,20.9,조업,금
2023-10-28,섬유·의류,350.3,24.3,휴무,토
2023-10-29,섬유·의류,370.2,20.8,휴무,일
2023-10-30,섬유·의류,1257.8,20.2,조업,월
2023-10-31,섬유·의류,1369.8,18.4,조업,화
2023-11-01,섬유·의류,1465.8,14.4,조업,수
2023-11-02,섬유·의류,1501.0,14.1,조업,목
2023-11-03,섬유·의류,1516.0,13.9,조업,금
2023-11-04,섬유·의류,416.9,11.6,휴무,토
2023-11-05,섬유·의류,413.7,13.9,휴무,일
2023-11-06,섬유·의류,1360.1,12.0,조업,월
2023-11-07,섬유·의류,1386.9,14.2,조업,화
2023-11-08,섬유·의류,1422.0,14.8,조업,수
2023-11-09,섬유·의류,1434.1,11.9,조업,목
2023-11-10,섬유·의류,1456.7,11.6,조업,금
2023-11-11,섬유·의류,430.2,14.0,휴무,토
2023-11-12,섬유·의류,404.6,11.1,휴무,일
2023-11-13,섬유·의류,1477.5,13.0,조업,월
2023-11-14,섬유·의류,1535.4,9.9,조업,화
2023-11-15,섬유·의류,1330.9,13.9,조업,수
2023-11-16,섬유·의류,1399.6,14.9,조업,목
2023-11-17,섬유·의류,1456.5,11.0,조업,금
2023-11-18,섬유·의류,437.6,12.3,휴무,토
2023-11-19,섬유·의류,435.9,10.9,휴무,일
2023-11-20,섬유·의류,1517.1,13.0,조업,월
2023-11-21,섬유·의류,1548.9,12.1,조업,화
2023-11-22,섬유·의류,1423.4,12.8,조업,수
2023-11-23,섬유·의류,1433.9,10.5,조업,목
2023-11-24,섬유·의류,1435.7,11.6,조업,금
2023-11-25,섬유·의류,402.6,11.5,휴무,토
2023-11-26,섬유·의류,438.6,12.0,휴무,일
2023-11-27,섬유·의류,1526.3,14.6,조업,월
2023-11-28,섬유·의류,1496.3,11.4,조업,화
2023-11-29,섬유·의류,1479.0,11.5,조업,수
2023-11-30,섬유·의류,1473.1,9.7,조업,목
2023-12-01,섬유·의류,1629.4,10.3,조업,금
2023-12-02,섬유·의류,484.0,9.1,휴무,토
2023-12-03,섬유·의류,475.2,4.5,휴무,일
2023-12-04,섬유·의류,1604.6,5.8,조업,월
2023-12-05,섬유·의류,1640.1,10.8,조업,화
2023-12-06,섬유·의류,1682.6,8.5,조업,수
2023-12-07,섬유·의류,1629.9,6.3,조업,목
2023-12-08,섬유·의류,1646.8,3.5,조업,금
2023-12-09,섬유·의류,446.7,6.1,휴무,토
2023-12-10,섬유·의류,487.6,4.3,휴무,일
2023-12-11,섬유·의류,1622.7,7.2,조업,월
2023-12-12,섬유·의류,1617.0,9.1,조업,화
2023-12-13,섬유·의류,1695.4,6.2,조업,수
2023-12-14,섬유·의류,1596.5,10.4,조업,목
2023-12-15,섬유·의류,1662.5,4.5,조업,금
2023-12-16,섬유·의류,501.2,8.8,휴무,토
2023-12-17,섬유·의류,495.2,7.7,휴무,일
2023-12-18,섬유·의류,1628.0,5.7,조업,월
2023-12-19,섬유·의류,1765.6,6.6,조업,화
2023-12-20,섬유·의류,1553.7,11.8,조업,수
2023-12-21,섬유·의류,1609.4,7.5,조업,목
2023-12-22,섬유·의류,1594.8,8.0,조업,금
2023-12-23,섬유·의류,491.1,7.3,휴무,토
2023-12-24,섬유·의류,503.6,8.4,휴무,일
2023-12-25,섬유·의류,1606.1,9.2,조업,월
2023-12-26,섬유·의류,1551.7,3.8,조업,화
2023-12-27,섬유·의류,1645.7,7.0,조업,수
2023-12-28,섬유·의류,1662.8,7.9,조업,목
2023-12-29,섬유·의류,1579.5,7.4,조업,금
2023-12-30,섬유·의류,482.6,5.5,휴무,토
2023-12-31,섬유·의류,497.9,7.6,휴무,일
2024-01-01,섬유·의류,1648.6,3.6,조업,월
2024-01-02,섬유·의류,1751.3,2.6,조업,화
2024-01-03,섬유·의류,1653.7,5.4,조업,수
2024-01-04,섬유·의류,1677.8,4.6,조업,목
2024-01-05,섬유·의류,1742.6,2.9,조업,금
2024-01-06,섬유·의류,496.8,4.0,휴무,토
2024-01-07,섬유·의류,517.3,5.2,휴무,일
2024-01-08,섬유·의류,1677.7,5.5,조업,월
2024-01-09,섬유·의류,1825.0,4.5,조업,화
2024-01-10,섬유·의류,1728.0,8.2,조업,수
2024-01-11,섬유·의류,1699.7,4.4,조업,목
2024-01-12,섬유·의류,1621.9,3.1,조업,금
2024-01-13,섬유·의류,508.6,6.5,휴무,토
2024-01-14,섬유·의류,531.0,7.7,휴무,일
2024-01-15,섬유·의류,1665.1,7.6,조업,월
2024-01-16,섬유·의류,1607.6,5.4,조업,화
2024-01-17,섬유·의류,1673.7,5.9,조업,수
2024-01-18,섬유·의류,1654.6,4.4,조업,목
2024-01-19,섬유·의류,1792.0,4.8,조업,금
2024-01-20,섬유·의류,498.9,8.6,휴무,토
2024-01-21,섬유·의류,568.3,5.1,휴무,일
2024-01-22,섬유·의류,1544.4,8.1,조업,월
2024-01-23,섬유·의류,1573.4,5.5,조업,화
2024-01-24,섬유·의류,1634.9,1.1,조업,수
2024-01-25,섬유·의류,1539.3,6.3,조업,목
2024-01-26,섬유·의류,1526.7,7.3,조업,금
2024-01-27,섬유·의류,502.3,3.3,휴무,토
2024-01-28,섬유·의류,498.0,6.4,휴무,일
2024-01-29,섬유·의류,1636.2,2.6,조업,월
2024-01-30,섬유·의류,1704.4,5.1,조업,화
2024-01-31,섬유·의류,1581.9,8.0,조업,수
2024-02-01,섬유·의류,1531.3,10.3,조업,목
2024-02-02,섬유·의류,1533.2,6.0,조업,금
2024-02-03,섬유·의류,447.2,8.5,휴무,토
2024-02-04,섬유·의류,427.9,4.9,휴무,일
2024-02-05,섬유·의류,1599.8,9.6,조업,월
2024-02-06,섬유·의류,1523.5,11.2,조업,화
2024-02-07,섬유·의류,1531.3,9.2,조업,수
2024-02-08,섬유·의류,1659.1,9.5,조업,목
2024-02-09,섬유·의류,1486.5,7.6,조업,금
2024-02-10,섬유·의류,483.8,7.1,휴무,토
2024-02-11,섬유·의류,462.7,1.9,휴무,일
2024-02-12,섬유·의류,1552.0,9.8,조업,월
2024-02-13,섬유·의류,1601.1,8.3,조업,화
2024-02-14,섬유·의류,1598.0,8.7,조업,수
2024-02-15,섬유·의류,1567.4,7.2,조업,목
2024-02-16,섬유·의류,1582.2,7.8,조업,금
2024-02-17,섬유·의류,420.5,5.3,휴무,토
2024-02-18,섬유·의류,476.9,7.6,휴무,일
2024-02-19,섬유·의류,1555.2,9.9,조업,월
2024-02-20,섬유·의류,1649.8,6.9,조업,화
2024-02-21,섬유·의류,1589.3,4.9,조업,수
2024-02-22,섬유·의류,1492.7,3.1,조업,목
2024-02-23,섬유·의류,1690.3,8.7,조업,금
2024-02-24,섬유·의류,503.6,2.9,휴무,토
2024-02-25,섬유·의류,468.5,7.1,휴무,일
2024-02-26,섬유·의류,1625.0,7.7,조업,월
2024-02-27,섬유·의류,1669.4,9.8,조업,화
2024-02-28,섬유·의류,1675.4,7.7,조업,수
2024-02-29,섬유·의류,1550.9,9.6,조업,목
2024-03-01,섬유·의류,1215.4,11.0,조업,금
2024-03-02,섬유·의류,403.5,10.9,휴무,토
2024-03-03,섬유·의류,405.2,11.5,휴무,일
2024-03-04,섬유·의류,1328.6,15.0,조업,월
2024-03-05,섬유·의류,1227.2,14.9,조업,화
2024-03-06,섬유·의류,1220.3,11.6,조업,수
2024-03-07,섬유·의류,1341.5,12.9,조업,목
2024-03-08,섬유·의류,1370.2,9.2,조업,금
2024-03-09,섬유·의류,403.2,12.2,휴무,토
2024-03-10,섬유·의류,423.5,14.5,휴무,일
2024-03-11,섬유·의류,1335.9,15.3,조업,월
2024-03-12,섬유·의류,1274.2,11.3,조업,화
2024-03-13,섬유·의류,1348.7,13.3,조업,수
2024-03-14,섬유·의류,1242.5,10.5,조업,목
2024-03-15,섬유·의류,1481.1,11.7,조업,금
2024-03-16,섬유·의류,385.6,13.1,휴무,토
2024-03-17,섬유·의류,373.9,9.9,휴무,일
2024-03-18,섬유·의류,1365.2,11.9,조업,월
2024-03-19,섬유·의류,1429.8,12.4,조업,화
2024-03-20,섬유·의류,1329.7,14.8,조업,수
2024-03-21,섬유·의류,1452.1,14.4,조업,목
2024-03-22,섬유·의류,1319.5,14.0,조업,금
2024-03-23,섬유·의류,426.2,10.5,휴무,토
2024-03-24,섬유·의류,391.3,10.3,휴무,일
2024-03-25,섬유·의류,1353.9,13.8,조업,월
2024-03-26,섬유·의류,1382.5,10.5,조업,화
2024-03-27,섬유·의류,1308.3,10.8,조업,수
2024-03-28,섬유·의류,1237.0,11.1,조업,목
2024-03-29,섬유·의류,1335.8,12.1,조업,금
2024-03-30,섬유·의류,401.9,12.9,휴무,토
2024-03-31,섬유·의류,444.6,12.9,휴무,일
2024-04-01,섬유·의류,1153.3,22.7,조업,월
2024-04-02,섬유·의류,1166.2,17.0,조업,화
2024-04-03,섬유·의류,1173.5,17.7,조업,수
2024-04-04,섬유·의류,1191.5,21.3,조업,목
2024-04-05,섬유·의류,1235.7,20.8,조업,금
2024-04-06,섬유·의류,360.0,20.8,휴무,토
2024-04-07,섬유·의류,357.3,17.8,휴무,일
2024-04-08,섬유·의류,1310.9,16.8,조업,월
2024-04-09,섬유·의류,1123.8,18.3,조업,화
2024-04-10,섬유·의류,1185.6,20.6,조업,수
2024-04-11,섬유·의류,1159.5,22.1,조업,목
2024-04-12,섬유·의류,1207.0,20.9,조업,금
2024-04-13,섬유·의류,348.6,18.7,휴무,토
2024-04-14,섬유·의류,354.1,19.7,휴무,일
2024-04-15,섬유·의류,1236.8,19.0,조업,월
2024-04-16,섬유·의류,1203.4,23.6,조업,화
2024-04-17,섬유·의류,1219.0,21.9,조업,수
2024-04-18,섬유·의류,1176.1,20.7,조업,목
2024-04-19,섬유·의류,1175.0,23.8,조업,금
2024-04-20,섬유·의류,366.1,21.0,휴무,토
2024-04-21,섬유·의류,347.0,21.0,휴무,일
2024-04-22,섬유·의류,1278.8,20.7,조업,월
2024-04-23,섬유·의류,1173.2,17.7,조업,화
2024-04-24,섬유·의류,1194.6,18.1,조업,수
2024-04-25,섬유·의류,1186.5,22.6,조업,목
2024-04-26,섬유·의류,1248.9,19.8,조업,금
2024-04-27,섬유·의류,365.0,27.1,휴무,토
2024-04-28,섬유·의류,356.6,23.2,휴무,일
2024-04-29,섬유·의류,1250.9,22.6,조업,월
2024-04-30,섬유·의류,1296.1,21.1,조업,화
2024-05-01,섬유·의류,1288.0,29.0,조업,수
2024-05-02,섬유·의류,1139.9,25.9,조업,목
2024-05-03,섬유·의류,1075.5,26.6,조업,금
2024-05-04,섬유·의류,326.0,23.7,휴무,토
2024-05-05,섬유·의류,353.7,26.3,휴무,일
2024-05-06,섬유·의류,1154.3,27.2,조업,월
2024-05-07,섬유·의류,1102.7,26.7,조업,화
2024-05-08,섬유·의류,1174.0,24.5,조업,수
2024-05-09,섬유·의류,1141.8,28.7,조업,목
2024-05-10,섬유·의류,1164.2,29.8,조업,금
2024-05-11,섬유·의류,307.3,27.6,휴무,토
2024-05-12,섬유·의류,338.2,30.6,휴무,일
2024-05-13,섬유·의류,1182.5,29.8,조업,월
2024-05-14,섬유·의류,1200.0,28.5,조업,화
2024-05-15,섬유·의류,1106.7,25.3,조업,수
2024-05-16,섬유·의류,1120.2,25.6,조업,목
2024-05-17,섬유·의류,1140.8,29.4,조업,금
2024-05-18,섬유·의류,302.9,25.5,휴무,토
2024-05-19,섬유·의류,333.9,27.3,휴무,일
2024-05-20,섬유·의류,1122.5,28.0,조업,월
2024-05-21,섬유·의류,1104.5,24.8,조업,화
2024-05-22,섬유·의류,1202.6,29.0,조업,수
2024-05-23,섬유·의류,1212.9,30.1,조업,목
2024-05-24,섬유·의류,983.7,27.7,조업,금
2024-05-25,섬유·의류,333.3,26.0,휴무,토
2024-05-26,섬유·의류,337.1,27.3,휴무,일
2024-05-27,섬유·의류,1153.3,25.9,조업,월
2024-05-28,섬유·의류,1111.1,29.6,조업,화
2024-05-29,섬유·의류,1194.8,24.0,조업,수
2024-05-30,섬유·의류,1179.9,27.4,조업,목
2024-05-31,섬유·의류,1109.0,25.7,조업,금
2024-06-01,섬유·의류,330.5,31.7,휴무,토
2024-06-02,섬유·의류,317.5,32.9,휴무,일
2024-06-03,섬유·의류,1055.7,35.5,조업,월
2024-06-04,섬유·의류,1068.2,33.6,조업,화
2024-06-05,섬유·의류,1062.4,31.2,조업,수
2024-06-06,섬유·의류,1063.7,36.9,조업,목
2024-06-07,섬유·의류,1088.4,34.3,조업,금
2024-06-08,섬유·의류,334.8,33.8,휴무,토
2024-06-09,섬유·의류,325.3,32.8,휴무,일
2024-06-10,섬유·의류,1064.1,35.6,조업,월
2024-06-11,섬유·의류,1081.0,32.6,조업,화
2024-06-12,섬유·의류,1147.5,35.5,조업,수
2024-06-13,섬유·의류,1112.7,31.7,조업,목
2024-06-14,섬유·의류,1142.7,32.7,조업,금
2024-06-15,섬유·의류,338.8,30.8,휴무,토
2024-06-16,섬유·의류,341.6,32.3,휴무,일
2024-06-17,섬유·의류,1023.2,34.7,조업,월
2024-06-18,섬유·의류,1065.1,32.8,조업,화
2024-06-19,섬유·의류,1132.3,37.0,조업,수
2024-06-20,섬유·의류,1089.1,33.6,조업,목
2024-06-21,섬유·의류,1104.6,30.0,조업,금
2024-06-22,섬유·의류,336.8,32.4,휴무,토
2024-06-23,섬유·의류,346.6,32.6,휴무,일
2024-06-24,섬유·의류,1034.7,29.9,조업,월
2024-06-25,섬유·의류,1181.7,30.6,조업,화
2024-06-26,섬유·의류,1091.3,35.0,조업,수
2024-06-27,섬유·의류,1051.8,34.8,조업,목
2024-06-28,섬유·의류,1054.7,29.7,조업,금
2024-06-29,섬유·의류,334.6,32.0,휴무,토
2024-06-30,섬유·의류,314.9,34.2,휴무,일
2024-07-01,섬유·의류,1069.5,34.5,조업,월
2024-07-02,섬유·의류,1034.0,36.3,조업,화
2024-07-03,섬유·의류,969.7,36.9,조업,수
2024-07-04,섬유·의류,1011.1,32.1,조업,목
2024-07-05,섬유·의류,1040.7,34.0,조업,금
2024-07-06,섬유·의류,314.0,35.9,휴무,토
2024-07-07,섬유·의류,291.1,33.8,휴무,일
2024-07-08,섬유·의류,993.1,35.9,조업,월
2024-07-09,섬유·의류,1084.0,35.2,조업,화
2024-07-10,섬유·의류,997.8,33.8,조업,수
2024-07-11,섬유·의류,1026.9,35.5,조업,목
2024-07-12,섬유·의류,1048.5,37.9,조업,금
2024-07-13,섬유·의류,312.9,33.9,휴무,토
2024-07-14,섬유·의류,315.4,37.5,휴무,일
2024-07-15,섬유·의류,1021.4,34.7,조업,월
2024-07-16,섬유·의류,952.7,34.3,조업,화
2024-07-17,섬유·의류,966.4,35.3,조업,수
2024-07-18,섬유·의류,962.9,31.6,조업,목
2024-07-19,섬유·의류,969.3,31.6,조업,금
2024-07-20,섬유·의류,280.7,36.4,휴무,토
2024-07-21,섬유·의류,320.0,36.1,휴무,일
2024-07-22,섬유·의류,1078.3,36.1,조업,월
2024-07-23,섬유·의류,1056.3,34.9,조업,화
2024-07-24,섬유·의류,1041.4,34.2,조업,수
2024-07-25,섬유·의류,1018.7,34.5,조업,목
2024-07-26,섬유·의류,975.9,37.6,조업,금
2024-07-27,섬유·의류,281.6,36.2,휴무,토
2024-07-28,섬유·의류,302.0,34.5,휴무,일
2024-07-29,섬유·의류,959.7,35.0,조업,월
2024-07-30,섬유·의류,1008.8,36.3,조업,화
2024-07-31,섬유·의류,1060.7,35.0,조업,수
2024-08-01,섬유·의류,1005.0,30.4,조업,목
2024-08-02,섬유·의류,1041.4,34.5,조업,금
2024-08-03,섬유·의류,325.2,34.4,휴무,토
2024-08-04,섬유·의류,307.1,35.5,휴무,일
2024-08-05,섬유·의류,1052.3,32.7,조업,월
2024-08-06,섬유·의류,1037.8,28.4,조업,화
2024-08-07,섬유·의류,1082.2,31.2,조업,수
2024-08-08,섬유·의류,1159.3,33.1,조업,목
2024-08-09,섬유·의류,1027.6,33.8,조업,금
2024-08-10,섬유·의류,322.7,33.9,휴무,토
2024-08-11,섬유·의류,333.9,34.6,휴무,일
2024-08-12,섬유·의류,1088.6,30.1,조업,월
2024-08-13,섬유·의류,1087.9,37.1,조업,화
2024-08-14,섬유·의류,1119.7,33.4,조업,수
2024-08-15,섬유·의류,1053.9,35.0,조업,목
2024-08-16,섬유·의류,1067.6,34.9,조업,금
2024-08-17,섬유·의류,327.1,35.0,휴무,토
2024-08-18,섬유·의류,351.0,30.3,휴무,일
2024-08-19,섬유·의류,1040.8,30.6,조업,월
2024-08-20,섬유·의류,1106.2,32.2,조업,화
2024-08-21,섬유·의류,1062.7,28.0,조업,수
2024-08-22,섬유·의류,1125.2,30.9,조업,목
2024-08-23,섬유·의류,1050.3,35.0,조업,금
2024-08-24,섬유·의류,329.9,32.0,휴무,토
2024-08-25,섬유·의류,333.9,30.7,휴무,일
2024-08-26,섬유·의류,1074.9,31.9,조업,월
2024-08-27,섬유·의류,1135.6,32.5,조업,화
2024-08-28,섬유·의류,1057.7,32.2,조업,수
2024-08-29,섬유·의류,1076.5,34.6,조업,목
2024-08-30,섬유·의류,1131.5,34.2,조업,금
2024-08-31,섬유·의류,321.7,32.3,휴무,토
2024-09-01,섬유·의류,349.4,25.9,휴무,일
2024-09-02,섬유·의류,1218.6,26.8,조업,월
2024-09-03,섬유·의류,1195.0,27.1,조업,화
2024-09-04,섬유·의류,1220.3,27.3,조업,수
2024-09-05,섬유·의류,1198.3,27.6,조업,목
2024-09-06,섬유·의류,1147.3,24.0,조업,금
2024-09-07,섬유·의류,361.2,29.8,휴무,토
2024-09-08,섬유·의류,361.6,27.5,휴무,일
2024-09-09,섬유·의류,1202.9,28.2,조업,월
2024-09-10,섬유·의류,1209.4,26.2,조업,화
2024-09-11,섬유·의류,1197.8,31.9,조업,수
2024-09-12,섬유·의류,1235.4,26.9,조업,목
2024-09-13,섬유·의류,1224.3,26.1,조업,금
2024-09-14,섬유·의류,332.4,27.9,휴무,토
2024-09-15,섬유·의류,359.9,25.5,휴무,일
2024-09-16,섬유·의류,1202.1,25.5,조업,월
2024-09-17,섬유·의류,1199.6,28.4,조업,화
2024-09-18,섬유·의류,1187.0,23.6,조업,수
2024-09-19,섬유·의류,1139.6,24.7,조업,목
2024-09-20,섬유·의류,1242.4,25.1,조업,금
2024-09-21,섬유·의류,377.0,29.7,휴무,토
2024-09-22,섬유·의류,357.2,26.9,휴무,일
2024-09-23,섬유·의류,1123.1,27.9,조업,월
2024-09-24,섬유·의류,1141.6,28.4,조업,화
2024-09-25,섬유·의류,1249.9,27.7,조업,수
2024-09-26,섬유·의류,1249.8,24.7,조업,목
2024-09-27,섬유·의류,1182.2,28.2,조업,금
2024-09-28,섬유·의류,341.5,24.7,휴무,토
2024-09-29,섬유·의류,360.9,27.4,휴무,일
2024-09-30,섬유·의류,1126.8,26.9,조업,월
2024-10-01,섬유·의류,1325.1,19.0,조업,화
2024-10-02,섬유·의류,1284.4,20.5,조업,수
2024-10-03,섬유·의류,1341.4,21.1,조업,목
2024-10-04,섬유·의류,1286.6,18.2,조업,금
2024-10-05,섬유·의류,413.7,21.6,휴무,토
2024-10-06,섬유·의류,371.3,18.3,휴무,일
2024-10-07,섬유·의류,1370.2,23.1,조업,월
2024-10-08,섬유·의류,1304.5,17.5,조업,화
2024-10-09,섬유·의류,1257.6,20.4,조업,수
2024-10-10,섬유·의류,1293.5,21.3,조업,목
2024-10-11,섬유·의류,1358.7,17.8,조업,금
2024-10-12,섬유·의류,396.7,19.4,휴무,토
2024-10-13,섬유·의류,385.9,21.4,휴무,일
2024-10-14,섬유·의류,1324.1,21.5,조업,월
2024-10-15,섬유·의류,1310.7,18.6,조업,화
2024-10-16,섬유·의류,1321.2,21.1,조업,수
2024-10-17,섬유·의류,1437.5,23.0,조업,목
2024-10-18,섬유·의류,1239.4,20.8,조업,금
2024-10-19,섬유·의류,394.2,22.6,휴무,토
2024-10-20,섬유·의류,431.5,22.7,휴무,일
2024-10-21,섬유·의류,1330.1,18.1,조업,월
2024-10-22,섬유·의류,1237.4,18.0,조업,화
2024-10-23,섬유·의류,1342.6,17.3,조업,수
2024-10-24,섬유·의류,1286.6,20.1,조업,목
2024-10-25,섬유·의류,1349.3,21.9,조업,금
2024-10-26,섬유·의류,398.8,18.1,휴무,토
2024-10-27,섬유·의류,395.9,18.2,휴무,일
2024-10-28,섬유·의류,1282.6,19.4,조업,월
2024-10-29,섬유·의류,1325.1,18.2,조업,화
2024-10-30,섬유·의류,1280.2,21.7,조업,수
2024-10-31,섬유·의류,1227.9,22.9,조업,목
2024-11-01,섬유·의류,1438.7,11.9,조업,금
2024-11-02,섬유·의류,430.8,14.8,휴무,토
2024-11-03,섬유·의류,403.2,10.5,휴무,일
2024-11-04,섬유·의류,1430.3,12.5,조업,월
2024-11-05,섬유·의류,1434.0,12.7,조업,화
2024-11-06,섬유·의류,1497.7,13.5,조업,수
2024-11-07,섬유·의류,1437.7,10.6,조업,목
2024-11-08,섬유·의류,1451.9,14.7,조업,금
2024-11-09,섬유·의류,434.0,15.4,휴무,토
2024-11-10,섬유·의류,425.5,8.7,휴무,일
2024-11-11,섬유·의류,1407.5,11.1,조업,월
2024-11-12,섬유·의류,1445.9,15.3,조업,화
2024-11-13,섬유·의류,1484.8,12.0,조업,수
2024-11-14,섬유·의류,1381.3,12.9,조업,목
2024-11-15,섬유·의류,1555.4,13.9,조업,금
2024-11-16,섬유·의류,430.5,13.9,휴무,토
2024-11-17,섬유·의류,408.9,12.2,휴무,일
2024-11-18,섬유·의류,1436.3,13.2,조업,월
2024-11-19,섬유·의류,1379.9,14.0,조업,화
2024-11-20,섬유·의류,1348.3,11.4,조업,수
2024-11-21,섬유·의류,1520.4,16.6,조업,목
2024-11-22,섬유·의류,1422.6,14.0,조업,금
2024-11-23,섬유·의류,398.3,9.8,휴무,토
2024-11-24,섬유·의류,429.8,10.9,휴무,일
2024-11-25,섬유·의류,1426.6,13.5,조업,월
2024-11-26,섬유·의류,1459.5,16.5,조업,화
2024-11-27,섬유·의류,1455.9,12.1,조업,수
2024-11-28,섬유·의류,1338.0,9.1,조업,목
2024-11-29,섬유·의류,1390.3,12.8,조업,금
2024-11-30,섬유·의류,436.0,6.7,휴무,토
2024-12-01,섬유·의류,491.9,4.6,휴무,일
2024-12-02,섬유·의류,1642.4,8.7,조업,월
2024-12-03,섬유·의류,1616.7,8.8,조업,화
2024-12-04,섬유·의류,1589.9,6.8,조업,수
2024-12-05,섬유·의류,1515.5,4.2,조업,목
2024-12-06,섬유·의류,1641.8,5.6,조업,금
2024-12-07,섬유·의류,463.0,6.7,휴무,토
2024-12-08,섬유·의류,481.6,10.0,휴무,일
2024-12-09,섬유·의류,1708.1,5.3,조업,월
2024-12-10,섬유·의류,1696.9,7.2,조업,화
2024-12-11,섬유·의류,1554.0,5.8,조업,수
2024-12-12,섬유·의류,1465.8,6.9,조업,목
2024-12-13,섬유·의류,1644.9,9.2,조업,금
2024-12-14,섬유·의류,507.5,3.2,휴무,토
2024-12-15,섬유·의류,444.5,7.1,휴무,일
2024-12-16,섬유·의류,1570.5,5.7,조업,월
2024-12-17,섬유·의류,1588.1,12.2,조업,화
2024-12-18,섬유·의류,1611.0,11.6,조업,수
2024-12-19,섬유·의류,1569.9,7.6,조업,목
2024-12-20,섬유·의류,1539.4,11.3,조업,금
2024-12-21,섬유·의류,515.3,5.2,휴무,토
2024-12-22,섬유·의류,473.4,6.2,휴무,일
2024-12-23,섬유·의류,1565.1,5.5,조업,월
2024-12-24,섬유·의류,1578.8,4.1,조업,화
2024-12-25,섬유·의류,1591.4,2.1,조업,수
2024-12-26,섬유·의류,1599.5,6.6,조업,목
2024-12-27,섬유·의류,1534.7,9.2,조업,금
2024-12-28,섬유·의류,483.5,9.1,휴무,토
2024-12-29,섬유·의류,519.7,8.6,휴무,일
2024-12-30,섬유·의류,1682.4,9.5,조업,월
2024-12-31,섬유·의류,1680.5,5.6,조업,화
2023-01-01,기타 산업,327.6,4.3,휴무,일
2023-01-02,기타 산업,1024.0,4.5,조업,월
2023-01-03,기타 산업,1063.7,5.5,조업,화
2023-01-04,기타 산업,1099.3,5.9,조업,수
2023-01-05,기타 산업,1030.4,4.5,조업,목
2023-01-06,기타 산업,1028.6,6.5,조업,금
2023-01-07,기타 산업,313.3,4.6,휴무,토
2023-01-08,기타 산업,300.4,8.0,휴무,일
2023-01-09,기타 산업,1109.5,1.5,조업,월
2023-01-10,기타 산업,1089.3,4.2,조업,화
2023-01-11,기타 산업,1076.5,5.0,조업,수
2023-01-12,기타 산업,1100.8,3.3,조업,목
2023-01-13,기타 산업,1041.9,6.6,조업,금
2023-01-14,기타 산업,330.2,1.3,휴무,토
2023-01-15,기타 산업,339.0,6.0,휴무,일
2023-01-16,기타 산업,1067.7,4.7,조업,월
2023-01-17,기타 산업,1025.9,6.3,조업,화
2023-01-18,기타 산업,1012.2,3.2,조업,수
2023-01-19,기타 산업,1040.4,5.1,조업,목
2023-01-20,기타 산업,1055.3,4.5,조업,금
2023-01-21,기타 산업,319.0,8.0,휴무,토
2023-01-22,기타 산업,309.6,6.5,휴무,일
2023-01-23,기타 산업,993.2,5.9,조업,월
2023-01-24,기타 산업,1024.7,2.1,조업,화
2023-01-25,기타 산업,1063.9,4.0,조업,수
2023-01-26,기타 산업,1012.1,-1.5,조업,목
2023-01-27,기타 산업,1025.6,1.9,조업,금
2023-01-28,기타 산업,333.4,4.4,휴무,토
2023-01-29,기타 산업,315.4,5.5,휴무,일
2023-01-30,기타 산업,1087.6,3.3,조업,월
2023-01-31,기타 산업,1043.5,5.3,조업,화
2023-02-01,기타 산업,1025.0,11.6,조업,수
2023-02-02,기타 산업,951.0,9.3,조업,목
2023-02-03,기타 산업,994.3,8.6,조업,금
2023-02-04,기타 산업,294.1,4.4,휴무,토
2023-02-05,기타 산업,311.1,7.7,휴무,일
2023-02-06,기타 산업,926.4,8.4,조업,월
2023-02-07,기타 산업,1012.1,5.4,조업,화
2023-02-08,기타 산업,963.2,7.9,조업,수
2023-02-09,기타 산업,998.7,7.7,조업,목
2023-02-10,기타 산업,1014.2,7.5,조업,금
2023-02-11,기타 산업,283.7,8.7,휴무,토
2023-02-12,기타 산업,303.3,6.1,휴무,일
2023-02-13,기타 산업,1050.0,8.0,조업,월
2023-02-14,기타 산업,947.5,4.3,조업,화
2023-02-15,기타 산업,999.0,9.4,조업,수
2023-02-16,기타 산업,946.3,7.6,조업,목
2023-02-17,기타 산업,974.6,8.5,조업,금
2023-02-18,기타 산업,294.0,5.3,휴무,토
2023-02-19,기타 산업,263.9,5.7,휴무,일
2023-02-20,기타 산업,997.5,9.0,조업,월
2023-02-21,기타 산업,915.6,6.9,조업,화
2023-02-22,기타 산업,978.1,9.7,조업,수
2023-02-23,기타 산업,1038.6,8.8,조업,목
2023-02-24,기타 산업,1002.1,4.9,조업,금
2023-02-25,기타 산업,305.7,10.2,휴무,토
2023-02-26,기타 산업,291.1,8.2,휴무,일
2023-02-27,기타 산업,861.4,7.5,조업,월
2023-02-28,기타 산업,964.9,4.1,조업,화
2023-03-01,기타 산업,826.3,16.2,조업,수
2023-03-02,기타 산업,835.9,14.8,조업,목
2023-03-03,기타 산업,814.5,13.8,조업,금
2023-03-04,기타 산업,237.7,13.3,휴무,토
2023-03-05,기타 산업,252.1,12.8,휴무,일
2023-03-06,기타 산업,847.0,11.7,조업,월
2023-03-07,기타 산업,858.7,12.4,조업,화
2023-03-08,기타 산업,861.9,12.3,조업,수
2023-03-09,기타 산업,779.2,11.7,조업,목
2023-03-10,기타 산업,888.8,16.5,조업,금
2023-03-11,기타 산업,266.1,11.3,휴무,토
2023-03-12,기타 산업,245.9,11.9,휴무,일
2023-03-13,기타 산업,849.6,12.3,조업,월
2023-03-14,기타 산업,818.2,10.7,조업,화
2023-03-15,기타 산업,789.5,13.4,조업,수
2023-03-16,기타 산업,835.6,14.8,조업,목
2023-03-17,기타 산업,828.1,9.6,조업,금
2023-03-18,기타 산업,258.6,11.9,휴무,토
2023-03-19,기타 산업,240.6,12.4,휴무,일
2023-03-20,기타 산업,821.2,9.9,조업,월
2023-03-21,기타 산업,863.5,11.5,조업,화
2023-03-22,기타 산업,849.0,11.9,조업,수
2023-03-23,기타 산업,796.7,9.9,조업,목
2023-03-24,기타 산업,831.9,13.8,조업,금
2023-03-25,기타 산업,239.9,11.5,휴무,토
2023-03-26,기타 산업,261.4,13.5,휴무,일
2023-03-27,기타 산업,828.2,12.8,조업,월
2023-03-28,기타 산업,820.2,13.1,조업,화
2023-03-29,기타 산업,857.7,13.1,조업,수
2023-03-30,기타 산업,820.1,10.8,조업,목
2023-03-31,기타 산업,788.4,11.8,조업,금
2023-04-01,기타 산업,229.4,20.0,휴무,토
2023-04-02,기타 산업,245.9,21.5,휴무,일
2023-04-03,기타 산업,700.6,18.8,조업,월
2023-04-04,기타 산업,757.0,19.3,조업,화
2023-04-05,기타 산업,735.9,20.4,조업,수
2023-04-06,기타 산업,742.4,18.5,조업,목
2023-04-07,기타 산업,726.8,25.0,조업,금
2023-04-08,기타 산업,215.1,19.6,휴무,토
2023-04-09,기타 산업,231.1,19.5,휴무,일
2023-04-10,기타 산업,731.1,23.7,조업,월
2023-04-11,기타 산업,741.6,18.5,조업,화
2023-04-12,기타 산업,769.3,21.6,조업,수
2023-04-13,기타 산업,768.1,19.3,조업,목
2023-04-14,기타 산업,747.3,22.4,조업,금
2023-04-15,기타 산업,226.8,19.8,휴무,토
2023-04-16,기타 산업,203.4,22.8,휴무,일
2023-04-17,기타 산업,718.7,20.7,조업,월
2023-04-18,기타 산업,738.9,19.7,조업,화
2023-04-19,기타 산업,754.1,18.2,조업,수
2023-04-20,기타 산업,732.7,20.8,조업,목
2023-04-21,기타 산업,648.5,19.2,조업,금
2023-04-22,기타 산업,225.3,21.4,휴무,토
2023-04-23,기타 산업,217.3,20.8,휴무,일
2023-04-24,기타 산업,774.2,23.4,조업,월
2023-04-25,기타 산업,744.4,19.1,조업,화
2023-04-26,기타 산업,724.5,18.5,조업,수
2023-04-27,기타 산업,751.3,21.8,조업,목
2023-04-28,기타 산업,730.4,19.4,조업,금
2023-04-29,기타 산업,237.2,18.7,휴무,토
2023-04-30,기타 산업,237.3,18.9,휴무,일
2023-05-01,기타 산업,700.7,31.6,조업,월
2023-05-02,기타 산업,779.5,28.0,조업,화
2023-05-03,기타 산업,718.5,25.4,조업,수
2023-05-04,기타 산업,684.3,25.5,조업,목
2023-05-05,기타 산업,659.3,26.3,조업,금
2023-05-06,기타 산업,195.4,29.5,휴무,토
2023-05-07,기타 산업,223.0,27.2,휴무,일
2023-05-08,기타 산업,666.8,26.1,조업,월
2023-05-09,기타 산업,698.1,24.3,조업,화
2023-05-10,기타 산업,690.3,28.0,조업,수
2023-05-11,기타 산업,728.4,27.0,조업,목
2023-05-12,기타 산업,686.0,24.5,조업,금
2023-05-13,기타 산업,208.8,27.9,휴무,토
2023-05-14,기타 산업,216.9,27.6,휴무,일
2023-05-15,기타 산업,704.3,31.3,조업,월
2023-05-16,기타 산업,740.6,28.3,조업,화
2023-05-17,기타 산업,729.6,27.8,조업,수
2023-05-18,기타 산업,709.3,26.0,조업,목
2023-05-19,기타 산업,711.6,26.7,조업,금
2023-05-20,기타 산업,212.1,23.9,휴무,토
2023-05-21,기타 산업,222.0,28.2,휴무,일
2023-05-22,기타 산업,694.3,27.5,조업,월
2023-05-23,기타 산업,711.1,28.4,조업,화
2023-05-24,기타 산업,703.9,25.9,조업,수
2023-05-25,기타 산업,700.2,28.7,조업,목
2023-05-26,기타 산업,756.3,25.5,조업,금
2023-05-27,기타 산업,214.4,26.3,휴무,토
2023-05-28,기타 산업,218.8,25.5,휴무,일
2023-05-29,기타 산업,751.4,30.0,조업,월
2023-05-30,기타 산업,734.5,29.0,조업,화
2023-05-31,기타 산업,634.9,30.5,조업,수
2023-06-01,기타 산업,683.5,32.4,조업,목
2023-06-02,기타 산업,692.3,32.8,조업,금
2023-06-03,기타 산업,207.7,32.0,휴무,토
2023-06-04,기타 산업,207.2,32.6,휴무,일
2023-06-05,기타 산업,710.8,34.0,조업,월
2023-06-06,기타 산업,684.1,34.1,조업,화
2023-06-07,기타 산업,645.2,34.8,조업,수
2023-06-08,기타 산업,685.7,31.5,조업,목
2023-06-09,기타 산업,661.4,28.6,조업,금
2023-06-10,기타 산업,182.6,32.9,휴무,토
2023-06-11,기타 산업,188.2,33.6,휴무,일
2023-06-12,기타 산업,654.7,35.6,조업,월
2023-06-13,기타 산업,721.0,33.9,조업,화
2023-06-14,기타 산업,704.4,33.0,조업,수
2023-06-15,기타 산업,668.0,36.2,조업,목
2023-06-16,기타 산업,679.5,35.1,조업,금
2023-06-17,기타 산업,203.4,30.9,휴무,토
2023-06-18,기타 산업,216.7,29.6,휴무,일
2023-06-19,기타 산업,686.0,31.7,조업,월
2023-06-20,기타 산업,649.7,35.1,조업,화
2023-06-21,기타 산업,680.6,29.9,조업,수
2023-06-22,기타 산업,667.2,33.9,조업,목
2023-06-23,기타 산업,671.8,36.3,조업,금
2023-06-24,기타 산업,203.0,28.3,휴무,토
2023-06-25,기타 산업,200.2,33.0,휴무,일
2023-06-26,기타 산업,694.0,33.5,조업,월
2023-06-27,기타 산업,709.6,35.3,조업,화
2023-06-28,기타 산업,670.0,33.4,조업,수
2023-06-29,기타 산업,692.0,33.9,조업,목
2023-06-30,기타 산업,709.3,33.0,조업,금
2023-07-01,기타 산업,186.6,31.8,휴무,토
2023-07-02,기타 산업,186.5,34.9,휴무,일
2023-07-03,기타 산업,666.7,37.3,조업,월
2023-07-04,기타 산업,606.2,34.7,조업,화
2023-07-05,기타 산업,627.8,35.0,조업,수
2023-07-06,기타 산업,599.9,35.2,조업,목
2023-07-07,기타 산업,620.4,35.4,조업,금
2023-07-08,기타 산업,203.1,36.0,휴무,토
2023-07-09,기타 산업,189.9,36.7,휴무,일
2023-07-10,기타 산업,667.1,35.3,조업,월
2023-07-11,기타 산업,667.6,38.1,조업,화
2023-07-12,기타 산업,664.1,35.5,조업,수
2023-07-13,기타 산업,631.1,36.4,조업,목
2023-07-14,기타 산업,614.4,33.6,조업,금
2023-07-15,기타 산업,193.2,34.6,휴무,토
2023-07-16,기타 산업,191.5,36.1,휴무,일
2023-07-17,기타 산업,616.1,35.0,조업,월
2023-07-18,기타 산업,612.3,37.3,조업,화
2023-07-19,기타 산업,646.6,33.3,조업,수
2023-07-20,기타 산업,607.3,34.3,조업,목
2023-07-21,기타 산업,665.1,39.1,조업,금
2023-07-22,기타 산업,194.5,37.2,휴무,토
2023-07-23,기타 산업,179.9,35.1,휴무,일
2023-07-24,기타 산업,614.0,31.4,조업,월
2023-07-25,기타 산업,638.5,36.2,조업,화
2023-07-26,기타 산업,674.1,35.3,조업,수
2023-07-27,기타 산업,650.4,34.9,조업,목
2023-07-28,기타 산업,579.4,35.9,조업,금
2023-07-29,기타 산업,191.7,34.1,휴무,토
2023-07-30,기타 산업,194.9,34.7,휴무,일
2023-07-31,기타 산업,621.4,36.9,조업,월
2023-08-01,기타 산업,667.0,34.0,조업,화
2023-08-02,기타 산업,691.5,34.9,조업,수
2023-08-03,기타 산업,641.1,34.0,조업,목
2023-08-04,기타 산업,703.2,32.4,조업,금
2023-08-05,기타 산업,204.9,33.2,휴무,토
2023-08-06,기타 산업,205.3,32.5,휴무,일
2023-08-07,기타 산업,700.4,38.1,조업,월
2023-08-08,기타 산업,637.2,34.2,조업,화
2023-08-09,기타 산업,714.0,33.5,조업,수
2023-08-10,기타 산업,628.8,34.2,조업,목
2023-08-11,기타 산업,672.7,34.5,조업,금
2023-08-12,기타 산업,214.1,33.1,휴무,토
2023-08-13,기타 산업,202.2,33.3,휴무,일
2023-08-14,기타 산업,680.8,33.2,조업,월
2023-08-15,기타 산업,632.5,33.5,조업,화
2023-08-16,기타 산업,729.5,32.1,조업,수
2023-08-17,기타 산업,620.9,33.4,조업,목
2023-08-18,기타 산업,670.5,35.1,조업,금
2023-08-19,기타 산업,192.4,36.5,휴무,토
2023-08-20,기타 산업,197.8,29.7,휴무,일
2023-08-21,기타 산업,652.9,32.9,조업,월
2023-08-22,기타 산업,690.4,29.8,조업,화
2023-08-23,기타 산업,612.5,34.4,조업,수
2023-08-24,기타 산업,658.4,32.9,조업,목
2023-08-25,기타 산업,647.6,36.4,조업,금
2023-08-26,기타 산업,205.2,31.9,휴무,토
2023-08-27,기타 산업,206.9,32.0,휴무,일
2023-08-28,기타 산업,722.1,32.4,조업,월
2023-08-29,기타 산업,682.9,33.7,조업,화
2023-08-30,기타 산업,674.6,33.5,조업,수
2023-08-31,기타 산업,669.3,32.8,조업,목
2023-09-01,기타 산업,758.6,26.1,조업,금
2023-09-02,기타 산업,216.3,28.6,휴무,토
2023-09-03,기타 산업,223.8,28.5,휴무,일
2023-09-04,기타 산업,741.4,27.8,조업,월
2023-09-05,기타 산업,766.0,29.0,조업,화
2023-09-06,기타 산업,766.0,30.6,조업,수
2023-09-07,기타 산업,677.4,27.1,조업,목
2023-09-08,기타 산업,757.0,25.1,조업,금
2023-09-09,기타 산업,226.7,30.8,휴무,토
2023-09-10,기타 산업,224.3,25.5,휴무,일
2023-09-11,기타 산업,749.0,26.6,조업,월
2023-09-12,기타 산업,773.8,28.5,조업,화
2023-09-13,기타 산업,756.5,28.1,조업,수
2023-09-14,기타 산업,776.3,25.3,조업,목
2023-09-15,기타 산업,750.7,29.0,조업,금
2023-09-16,기타 산업,224.0,24.7,휴무,토
2023-09-17,기타 산업,247.2,24.6,휴무,일
2023-09-18,기타 산업,735.1,28.0,조업,월
2023-09-19,기타 산업,763.6,29.8,조업,화
2023-09-20,기타 산업,758.9,30.1,조업,수
2023-09-21,기타 산업,716.1,30.3,조업,목
2023-09-22,기타 산업,760.9,27.5,조업,금
2023-09-23,기타 산업,235.1,24.8,휴무,토
2023-09-24,기타 산업,238.0,29.2,휴무,일
2023-09-25,기타 산업,743.6,27.5,조업,월
2023-09-26,기타 산업,714.9,27.1,조업,화
2023-09-27,기타 산업,822.4,30.9,조업,수
2023-09-28,기타 산업,748.1,26.2,조업,목
2023-09-29,기타 산업,774.5,25.5,조업,금
2023-09-30,기타 산업,235.0,28.5,휴무,토
2023-10-01,기타 산업,244.5,20.9,휴무,일
2023-10-02,기타 산업,848.7,24.3,조업,월
2023-10-03,기타 산업,837.6,20.6,조업,화
2023-10-04,기타 산업,909.0,17.1,조업,수
2023-10-05,기타 산업,860.6,20.8,조업,목
2023-10-06,기타 산업,816.4,17.9,조업,금
2023-10-07,기타 산업,258.1,19.4,휴무,토
2023-10-08,기타 산업,248.1,22.0,휴무,일
2023-10-09,기타 산업,823.9,20.1,조업,월
2023-10-10,기타 산업,820.5,18.7,조업,화
2023-10-11,기타 산업,830.6,21.9,조업,수
2023-10-12,기타 산업,838.2,20.8,조업,목
2023-10-13,기타 산업,789.2,19.7,조업,금
2023-10-14,기타 산업,250.8,19.9,휴무,토
2023-10-15,기타 산업,240.7,18.5,휴무,일
2023-10-16,기타 산업,808.2,18.7,조업,월
2023-10-17,기타 산업,827.4,22.7,조업,화
2023-10-18,기타 산업,846.1,17.1,조업,수
2023-10-19,기타 산업,824.5,18.1,조업,목
2023-10-20,기타 산업,821.2,16.4,조업,금
2023-10-21,기타 산업,245.0,20.9,휴무,토
2023-10-22,기타 산업,254.3,20.0,휴무,일
2023-10-23,기타 산업,838.7,21.2,조업,월
2023-10-24,기타 산업,789.4,19.3,조업,화
2023-10-25,기타 산업,820.5,20.7,조업,수
2023-10-26,기타 산업,839.5,20.5,조업,목
2023-10-27,기타 산업,837.2,19.6,조업,금
2023-10-28,기타 산업,236.6,19.4,휴무,토
2023-10-29,기타 산업,233.8,20.1,휴무,일
2023-10-30,기타 산업,844.3,25.6,조업,월
2023-10-31,기타 산업,813.8,18.4,조업,화
2023-11-01,기타 산업,890.8,10.7,조업,수
2023-11-02,기타 산업,864.3,14.2,조업,목
2023-11-03,기타 산업,914.1,12.8,조업,금
2023-11-04,기타 산업,279.1,13.1,휴무,토
2023-11-05,기타 산업,266.4,15.2,휴무,일
2023-11-06,기타 산업,912.9,10.6,조업,월
2023-11-07,기타 산업,926.6,13.8,조업,화
2023-11-08,기타 산업,963.9,12.7,조업,수
2023-11-09,기타 산업,928.8,10.7,조업,목
2023-11-10,기타 산업,957.6,12.9,조업,금
2023-11-11,기타 산업,265.5,10.2,휴무,토
2023-11-12,기타 산업,269.4,12.8,휴무,일
2023-11-13,기타 산업,932.8,14.6,조업,월
2023-11-14,기타 산업,971.8,13.9,조업,화
2023-11-15,기타 산업,942.1,15.3,조업,수
2023-11-16,기타 산업,892.0,12.0,조업,목
2023-11-17,기타 산업,910.9,15.3,조업,금
2023-11-18,기타 산업,267.6,13.8,휴무,토
2023-11-19,기타 산업,271.9,12.7,휴무,일
2023-11-20,기타 산업,875.6,15.1,조업,월
2023-11-21,기타 산업,905.1,12.2,조업,화
2023-11-22,기타 산업,879.1,12.7,조업,수
2023-11-23,기타 산업,926.9,12.0,조업,목
2023-11-24,기타 산업,857.9,14.0,조업,금
2023-11-25,기타 산업,266.8,14.9,휴무,토
2023-11-26,기타 산업,271.6,13.8,휴무,일
2023-11-27,기타 산업,973.0,11.5,조업,월
2023-11-28,기타 산업,882.6,13.2,조업,화
2023-11-29,기타 산업,840.7,15.5,조업,수
2023-11-30,기타 산업,863.5,11.1,조업,목
2023-12-01,기타 산업,983.1,7.3,조업,금
2023-12-02,기타 산업,293.5,5.8,휴무,토
2023-12-03,기타 산업,312.4,5.1,휴무,일
2023-12-04,기타 산업,1087.9,4.7,조업,월
2023-12-05,기타 산업,942.3,9.5,조업,화
2023-12-06,기타 산업,986.3,8.6,조업,수
2023-12-07,기타 산업,1040.0,7.0,조업,목
2023-12-08,기타 산업,971.7,8.9,조업,금
2023-12-09,기타 산업,298.6,5.8,휴무,토
2023-12-10,기타 산업,307.0,6.6,휴무,일
2023-12-11,기타 산업,1010.7,9.7,조업,월
2023-12-12,기타 산업,965.4,3.4,조업,화
2023-12-13,기타 산업,956.8,6.0,조업,수
2023-12-14,기타 산업,1023.6,5.5,조업,목
2023-12-15,기타 산업,932.0,8.8,조업,금
2023-12-16,기타 산업,297.6,10.8,휴무,토
2023-12-17,기타 산업,316.6,7.5,휴무,일
2023-12-18,기타 산업,996.5,9.3,조업,월
2023-12-19,기타 산업,1025.2,8.3,조업,화
2023-12-20,기타 산업,1059.4,6.3,조업,수
2023-12-21,기타 산업,971.5,5.7,조업,목
2023-12-22,기타 산업,988.1,6.9,조업,금
2023-12-23,기타 산업,290.8,4.7,휴무,토
2023-12-24,기타 산업,315.7,7.5,휴무,일
2023-12-25,기타 산업,1100.5,7.5,조업,월
2023-12-26,기타 산업,1033.4,5.0,조업,화
2023-12-27,기타 산업,1032.6,5.5,조업,수
2023-12-28,기타 산업,1040.8,6.9,조업,목
2023-12-29,기타 산업,1046.2,4.6,조업,금
2023-12-30,기타 산업,295.4,7.4,휴무,토
2023-12-31,기타 산업,304.3,7.1,휴무,일
2024-01-01,기타 산업,1020.1,0.6,조업,월
2024-01-02,기타 산업,1057.7,4.4,조업,화
2024-01-03,기타 산업,1062.8,4.0,조업,수
2024-01-04,기타 산업,1051.0,7.7,조업,목
2024-01-05,기타 산업,1022.1,3.9,조업,금
2024-01-06,기타 산업,317.4,4.7,휴무,토
2024-01-07,기타 산업,321.1,2.5,휴무,일
2024-01-08,기타 산업,1008.6,6.6,조업,월
2024-01-09,기타 산업,1113.2,3.3,조업,화
2024-01-10,기타 산업,1074.9,4.4,조업,수
2024-01-11,기타 산업,1017.6,7.6,조업,목
2024-01-12,기타 산업,977.3,5.0,조업,금
2024-01-13,기타 산업,318.4,7.0,휴무,토
2024-01-14,기타 산업,328.8,3.2,휴무,일
2024-01-15,기타 산업,1038.8,7.9,조업,월
2024-01-16,기타 산업,1073.6,0.7,조업,화
2024-01-17,기타 산업,969.5,5.3,조업,수
2024-01-18,기타 산업,1039.0,2.7,조업,목
2024-01-19,기타 산업,1069.9,2.6,조업,금
2024-01-20,기타 산업,318.3,2.7,휴무,토
2024-01-21,기타 산업,330.9,5.2,휴무,일
2024-01-22,기타 산업,1083.0,2.4,조업,월
2024-01-23,기타 산업,1002.5,5.7,조업,화
2024-01-24,기타 산업,1070.1,1.7,조업,수
2024-01-25,기타 산업,1039.8,4.6,조업,목
2024-01-26,기타 산업,975.4,2.5,조업,금
2024-01-27,기타 산업,326.5,3.3,휴무,토
2024-01-28,기타 산업,330.8,3.0,휴무,일
2024-01-29,기타 산업,1038.9,4.6,조업,월
2024-01-30,기타 산업,1051.2,1.9,조업,화
2024-01-31,기타 산업,969.1,4.1,조업,수
2024-02-01,기타 산업,1033.8,10.6,조업,목
2024-02-02,기타 산업,970.7,4.5,조업,금
2024-02-03,기타 산업,283.6,8.3,휴무,토
2024-02-04,기타 산업,285.5,9.9,휴무,일
2024-02-05,기타 산업,917.1,10.0,조업,월
2024-02-06,기타 산업,952.0,7.4,조업,화
2024-02-07,기타 산업,946.3,7.5,조업,수
2024-02-08,기타 산업,943.7,4.8,조업,목
2024-02-09,기타 산업,1006.4,7.9,조업,금
2024-02-10,기타 산업,281.6,6.8,휴무,토
2024-02-11,기타 산업,286.6,9.4,휴무,일
2024-02-12,기타 산업,947.3,5.9,조업,월
2024-02-13,기타 산업,986.8,4.0,조업,화
2024-02-14,기타 산업,975.9,6.2,조업,수
2024-02-15,기타 산업,989.1,8.6,조업,목
2024-02-16,기타 산업,1029.9,5.6,조업,금
2024-02-17,기타 산업,322.7,8.2,휴무,토
2024-02-18,기타 산업,290.2,6.9,휴무,일
2024-02-19,기타 산업,937.6,10.4,조업,월
2024-02-20,기타 산업,1000.5,8.8,조업,화
2024-02-21,기타 산업,920.4,4.2,조업,수
2024-02-22,기타 산업,949.2,7.4,조업,목
2024-02-23,기타 산업,943.6,6.8,조업,금
2024-02-24,기타 산업,298.2,7.3,휴무,토
2024-02-25,기타 산업,284.0,6.4,휴무,일
2024-02-26,기타 산업,918.7,7.2,조업,월
2024-02-27,기타 산업,967.5,8.8,조업,화
2024-02-28,기타 산업,1013.2,7.3,조업,수
2024-02-29,기타 산업,985.7,4.7,조업,목
2024-03-01,기타 산업,854.6,16.3,조업,금
2024-03-02,기타 산업,251.4,12.6,휴무,토
2024-03-03,기타 산업,263.8,12.0,휴무,일
2024-03-04,기타 산업,861.5,14.3,조업,월
2024-03-05,기타 산업,793.4,12.1,조업,화
2024-03-06,기타 산업,782.5,9.5,조업,수
2024-03-07,기타 산업,876.2,9.9,조업,목
2024-03-08,기타 산업,822.6,9.4,조업,금
2024-03-09,기타 산업,240.6,13.6,휴무,토
2024-03-10,기타 산업,264.0,14.2,휴무,일
2024-03-11,기타 산업,772.3,11.8,조업,월
2024-03-12,기타 산업,828.6,16.5,조업,화
2024-03-13,기타 산업,771.1,12.7,조업,수
2024-03-14,기타 산업,785.9,11.9,조업,목
2024-03-15,기타 산업,775.8,15.0,조업,금
2024-03-16,기타 산업,241.7,12.2,휴무,토
2024-03-17,기타 산업,239.7,11.8,휴무,일
2024-03-18,기타 산업,869.5,11.7,조업,월
2024-03-19,기타 산업,836.8,8.6,조업,화
2024-03-20,기타 산업,843.7,10.6,조업,수
2024-03-21,기타 산업,848.9,9.9,조업,목
2024-03-22,기타 산업,795.9,10.4,조업,금
2024-03-23,기타 산업,231.4,8.6,휴무,토
2024-03-24,기타 산업,245.7,14.1,휴무,일
2024-03-25,기타 산업,873.3,9.0,조업,월
2024-03-26,기타 산업,798.7,15.9,조업,화
2024-03-27,기타 산업,845.7,12.8,조업,수
2024-03-28,기타 산업,841.9,11.4,조업,목
2024-03-29,기타 산업,860.6,12.6,조업,금
2024-03-30,기타 산업,250.4,13.9,휴무,토
2024-03-31,기타 산업,227.3,14.0,휴무,일
2024-04-01,기타 산업,745.6,18.6,조업,월
2024-04-02,기타 산업,772.3,20.9,조업,화
2024-04-03,기타 산업,782.1,19.2,조업,수
2024-04-04,기타 산업,759.2,21.0,조업,목
2024-04-05,기타 산업,743.2,21.1,조업,금
2024-04-06,기타 산업,214.6,17.0,휴무,토
2024-04-07,기타 산업,231.9,20.9,휴무,일
2024-04-08,기타 산업,788.8,21.7,조업,월
2024-04-09,기타 산업,742.2,20.5,조업,화
2024-04-10,기타 산업,740.7,22.2,조업,수
2024-04-11,기타 산업,721.1,19.4,조업,목
2024-04-12,기타 산업,787.8,22.0,조업,금
2024-04-13,기타 산업,208.9,16.9,휴무,토
2024-04-14,기타 산업,230.7,23.9,휴무,일
2024-04-15,기타 산업,735.7,21.1,조업,월
2024-04-16,기타 산업,761.7,21.3,조업,화
2024-04-17,기타 산업,748.8,20.0,조업,수
2024-04-18,기타 산업,786.0,20.4,조업,목
2024-04-19,기타 산업,756.7,17.3,조업,금
2024-04-20,기타 산업,220.7,21.0,휴무,토
2024-04-21,기타 산업,202.1,18.5,휴무,일
2024-04-22,기타 산업,822.0,22.9,조업,월
2024-04-23,기타 산업,701.0,21.6,조업,화
2024-04-24,기타 산업,732.6,21.0,조업,수
2024-04-25,기타 산업,768.2,22.6,조업,목
2024-04-26,기타 산업,778.1,18.5,조업,금
2024-04-27,기타 산업,228.7,19.2,휴무,토
2024-04-28,기타 산업,244.5,16.5,휴무,일
2024-04-29,기타 산업,740.6,20.5,조업,월
2024-04-30,기타 산업,703.4,17.4,조업,화
2024-05-01,기타 산업,747.3,28.0,조업,수
2024-05-02,기타 산업,732.0,28.1,조업,목
2024-05-03,기타 산업,683.1,24.2,조업,금
2024-05-04,기타 산업,221.2,28.8,휴무,토
2024-05-05,기타 산업,218.4,27.0,휴무,일
2024-05-06,기타 산업,662.7,28.3,조업,월
2024-05-07,기타 산업,722.3,27.3,조업,화
2024-05-08,기타 산업,725.4,28.8,조업,수
2024-05-09,기타 산업,720.9,28.2,조업,목
2024-05-10,기타 산업,722.6,28.6,조업,금
2024-05-11,기타 산업,219.3,26.0,휴무,토
2024-05-12,기타 산업,217.3,29.0,휴무,일
2024-05-13,기타 산업,722.9,29.6,조업,월
2024-05-14,기타 산업,685.2,28.9,조업,화
2024-05-15,기타 산업,651.8,27.5,조업,수
2024-05-16,기타 산업,751.5,25.5,조업,목
2024-05-17,기타 산업,666.1,30.7,조업,금
2024-05-18,기타 산업,217.6,28.5,휴무,토
2024-05-19,기타 산업,202.4,29.0,휴무,일
2024-05-20,기타 산업,738.5,27.1,조업,월
2024-05-21,기타 산업,708.3,30.2,조업,화
2024-05-22,기타 산업,692.0,27.3,조업,수
2024-05-23,기타 산업,726.8,25.8,조업,목
2024-05-24,기타 산업,705.9,25.8,조업,금
2024-05-25,기타 산업,217.3,25.3,휴무,토
2024-05-26,기타 산업,219.5,28.3,휴무,일
2024-05-27,기타 산업,719.5,26.8,조업,월
2024-05-28,기타 산업,705.9,26.4,조업,화
2024-05-29,기타 산업,703.5,26.5,조업,수
2024-05-30,기타 산업,694.1,27.4,조업,목
2024-05-31,기타 산업,760.4,27.7,조업,금
2024-06-01,기타 산업,196.4,29.1,휴무,토
2024-06-02,기타 산업,191.7,34.4,휴무,일
2024-06-03,기타 산업,577.6,33.3,조업,월
2024-06-04,기타 산업,648.0,30.9,조업,화
2024-06-05,기타 산업,651.7,29.2,조업,수
2024-06-06,기타 산업,647.9,31.5,조업,목
2024-06-07,기타 산업,648.5,32.8,조업,금
2024-06-08,기타 산업,209.6,32.0,휴무,토
2024-06-09,기타 산업,209.7,35.8,휴무,일
2024-06-10,기타 산업,640.1,34.9,조업,월
2024-06-11,기타 산업,683.8,30.9,조업,화
2024-06-12,기타 산업,600.9,32.9,조업,수
2024-06-13,기타 산업,685.3,34.3,조업,목
2024-06-14,기타 산업,702.0,31.5,조업,금
2024-06-15,기타 산업,200.7,32.4,휴무,토
2024-06-16,기타 산업,204.5,31.4,휴무,일
2024-06-17,기타 산업,631.1,30.4,조업,월
2024-06-18,기타 산업,625.7,32.0,조업,화
2024-06-19,기타 산업,646.2,32.6,조업,수
2024-06-20,기타 산업,687.7,33.1,조업,목
2024-06-21,기타 산업,681.6,34.0,조업,금
2024-06-22,기타 산업,200.2,34.8,휴무,토
2024-06-23,기타 산업,192.5,28.6,휴무,일
2024-06-24,기타 산업,702.0,38.0,조업,월
2024-06-25,기타 산업,688.7,30.3,조업,화
2024-06-26,기타 산업,657.5,30.3,조업,수
2024-06-27,기타 산업,683.4,33.6,조업,목
2024-06-28,기타 산업,669.0,33.9,조업,금
2024-06-29,기타 산업,193.5,35.0,휴무,토
2024-06-30,기타 산업,193.5,33.5,휴무,일
2024-07-01,기타 산업,630.5,35.0,조업,월
2024-07-02,기타 산업,662.9,31.8,조업,화
2024-07-03,기타 산업,664.4,36.2,조업,수
2024-07-04,기타 산업,630.9,36.2,조업,목
2024-07-05,기타 산업,658.5,37.1,조업,금
2024-07-06,기타 산업,194.9,36.8,휴무,토
2024-07-07,기타 산업,182.7,36.2,휴무,일
2024-07-08,기타 산업,670.3,35.2,조업,월
2024-07-09,기타 산업,608.7,34.4,조업,화
2024-07-10,기타 산업,643.5,36.6,조업,수
2024-07-11,기타 산업,652.9,35.3,조업,목
2024-07-12,기타 산업,646.4,33.1,조업,금
2024-07-13,기타 산업,196.2,33.4,휴무,토
2024-07-14,기타 산업,200.7,37.4,휴무,일
2024-07-15,기타 산업,663.2,38.0,조업,월
2024-07-16,기타 산업,612.5,35.6,조업,화
2024-07-17,기타 산업,646.7,36.8,조업,수
2024-07-18,기타 산업,615.6,31.2,조업,목
2024-07-19,기타 산업,640.7,39.8,조업,금
2024-07-20,기타 산업,196.9,33.8,휴무,토
2024-07-21,기타 산업,182.3,34.6,휴무,일
2024-07-22,기타 산업,593.5,37.3,조업,월
2024-07-23,기타 산업,613.1,35.8,조업,화
2024-07-24,기타 산업,631.4,37.6,조업,수
2024-07-25,기타 산업,677.7,33.4,조업,목
2024-07-26,기타 산업,639.7,37.0,조업,금
2024-07-27,기타 산업,184.2,32.3,휴무,토
2024-07-28,기타 산업,194.4,35.0,휴무,일
2024-07-29,기타 산업,576.1,35.4,조업,월
2024-07-30,기타 산업,616.7,34.8,조업,화
2024-07-31,기타 산업,659.6,36.5,조업,수
2024-08-01,기타 산업,693.7,31.7,조업,목
2024-08-02,기타 산업,690.5,33.9,조업,금
2024-08-03,기타 산업,201.5,34.2,휴무,토
2024-08-04,기타 산업,205.0,34.6,휴무,일
2024-08-05,기타 산업,674.4,33.8,조업,월
2024-08-06,기타 산업,673.1,34.1,조업,화
2024-08-07,기타 산업,662.1,33.6,조업,수
2024-08-08,기타 산업,668.9,33.7,조업,목
2024-08-09,기타 산업,697.9,33.9,조업,금
2024-08-10,기타 산업,201.9,35.8,휴무,토
2024-08-11,기타 산업,193.2,34.2,휴무,일
2024-08-12,기타 산업,655.5,33.8,조업,월
2024-08-13,기타 산업,723.4,34.4,조업,화
2024-08-14,기타 산업,705.5,36.3,조업,수
2024-08-15,기타 산업,655.4,31.7,조업,목
2024-08-16,기타 산업,696.4,33.3,조업,금
2024-08-17,기타 산업,206.7,35.6,휴무,토
2024-08-18,기타 산업,198.9,32.7,휴무,일
2024-08-19,기타 산업,680.7,34.0,조업,월
2024-08-20,기타 산업,704.6,31.7,조업,화
2024-08-21,기타 산업,718.1,33.6,조업,수
2024-08-22,기타 산업,653.1,35.6,조업,목
2024-08-23,기타 산업,682.0,33.8,조업,금
2024-08-24,기타 산업,193.5,34.3,휴무,토
2024-08-25,기타 산업,218.9,33.7,휴무,일
2024-08-26,기타 산업,649.8,33.9,조업,월
2024-08-27,기타 산업,643.2,31.8,조업,화
2024-08-28,기타 산업,722.8,35.2,조업,수
2024-08-29,기타 산업,667.5,32.7,조업,목
2024-08-30,기타 산업,693.7,36.6,조업,금
2024-08-31,기타 산업,203.1,30.1,휴무,토
2024-09-01,기타 산업,221.6,27.7,휴무,일
2024-09-02,기타 산업,717.9,27.3,조업,월
2024-09-03,기타 산업,745.4,26.7,조업,화
2024-09-04,기타 산업,728.3,27.4,조업,수
2024-09-05,기타 산업,769.7,28.6,조업,목
2024-09-06,기타 산업,772.8,24.6,조업,금
2024-09-07,기타 산업,235.6,26.4,휴무,토
2024-09-08,기타 산업,221.1,28.4,휴무,일
2024-09-09,기타 산업,744.3,28.3,조업,월
2024-09-10,기타 산업,772.8,28.0,조업,화
2024-09-11,기타 산업,756.1,28.9,조업,수
2024-09-12,기타 산업,710.8,27.2,조업,목
2024-09-13,기타 산업,717.6,25.9,조업,금
2024-09-14,기타 산업,222.5,29.5,휴무,토
2024-09-15,기타 산업,232.7,24.8,휴무,일
2024-09-16,기타 산업,779.3,23.9,조업,월
2024-09-17,기타 산업,762.6,26.2,조업,화
2024-09-18,기타 산업,789.2,29.9,조업,수
2024-09-19,기타 산업,745.9,29.0,조업,목
2024-09-20,기타 산업,744.1,30.1,조업,금
2024-09-21,기타 산업,214.9,27.6,휴무,토
2024-09-22,기타 산업,225.8,26.8,휴무,일
2024-09-23,기타 산업,771.1,26.6,조업,월
2024-09-24,기타 산업,767.9,26.9,조업,화
2024-09-25,기타 산업,732.2,27.2,조업,수
2024-09-26,기타 산업,748.2,26.2,조업,목
2024-09-27,기타 산업,719.8,28.2,조업,금
2024-09-28,기타 산업,219.6,27.7,휴무,토
2024-09-29,기타 산업,225.3,26.0,휴무,일
2024-09-30,기타 산업,750.1,27.9,조업,월
2024-10-01,기타 산업,841.5,21.2,조업,화
2024-10-02,기타 산업,851.4,16.4,조업,수
2024-10-03,기타 산업,840.7,18.2,조업,목
2024-10-04,기타 산업,852.1,18.1,조업,금
2024-10-05,기타 산업,249.6,18.8,휴무,토
2024-10-06,기타 산업,245.7,19.3,휴무,일
2024-10-07,기타 산업,820.3,17.0,조업,월
2024-10-08,기타 산업,850.0,22.6,조업,화
2024-10-09,기타 산업,776.9,20.7,조업,수
2024-10-10,기타 산업,874.7,18.0,조업,목
2024-10-11,기타 산업,795.2,23.2,조업,금
2024-10-12,기타 산업,233.9,23.6,휴무,토
2024-10-13,기타 산업,258.3,18.9,휴무,일
2024-10-14,기타 산업,792.4,19.8,조업,월
2024-10-15,기타 산업,786.6,22.1,조업,화
2024-10-16,기타 산업,835.3,17.9,조업,수
2024-10-17,기타 산업,797.7,19.5,조업,목
2024-10-18,기타 산업,794.7,19.1,조업,금
2024-10-19,기타 산업,246.4,19.1,휴무,토
2024-10-20,기타 산업,249.8,23.0,휴무,일
2024-10-21,기타 산업,875.2,19.7,조업,월
2024-10-22,기타 산업,891.0,17.5,조업,화
2024-10-23,기타 산업,778.3,17.5,조업,수
2024-10-24,기타 산업,803.2,18.3,조업,목
2024-10-25,기타 산업,794.7,19.4,조업,금
2024-10-26,기타 산업,250.6,17.8,휴무,토
2024-10-27,기타 산업,246.2,18.8,휴무,일
2024-10-28,기타 산업,827.9,17.3,조업,월
2024-10-29,기타 산업,804.0,24.1,조업,화
2024-10-30,기타 산업,820.8,16.2,조업,수
2024-10-31,기타 산업,806.8,17.4,조업,목
2024-11-01,기타 산업,876.2,13.0,조업,금
2024-11-02,기타 산업,278.3,11.8,휴무,토
2024-11-03,기타 산업,259.3,13.2,휴무,일
2024-11-04,기타 산업,884.7,8.9,조업,월
2024-11-05,기타 산업,1004.6,12.7,조업,화
2024-11-06,기타 산업,854.6,10.0,조업,수
2024-11-07,기타 산업,950.9,13.5,조업,목
2024-11-08,기타 산업,860.9,14.3,조업,금
2024-11-09,기타 산업,272.8,12.6,휴무,토
2024-11-10,기타 산업,278.5,13.1,휴무,일
2024-11-11,기타 산업,904.2,15.5,조업,월
2024-11-12,기타 산업,891.2,10.2,조업,화
2024-11-13,기타 산업,850.3,12.6,조업,수
2024-11-14,기타 산업,863.7,9.0,조업,목
2024-11-15,기타 산업,930.9,11.0,조업,금
2024-11-16,기타 산업,262.1,8.3,휴무,토
2024-11-17,기타 산업,273.7,13.2,휴무,일
2024-11-18,기타 산업,941.1,12.6,조업,월
2024-11-19,기타 산업,916.1,10.6,조업,화
2024-11-20,기타 산업,892.9,10.7,조업,수
2024-11-21,기타 산업,909.1,14.1,조업,목
2024-11-22,기타 산업,929.4,13.3,조업,금
2024-11-23,기타 산업,279.9,9.0,휴무,토
2024-11-24,기타 산업,263.9,12.0,휴무,일
2024-11-25,기타 산업,869.5,13.1,조업,월
2024-11-26,기타 산업,942.1,8.7,조업,화
2024-11-27,기타 산업,906.9,11.4,조업,수
2024-11-28,기타 산업,882.6,12.3,조업,목
2024-11-29,기타 산업,915.2,11.8,조업,금
2024-11-30,기타 산업,259.7,11.4,휴무,토
2024-12-01,기타 산업,314.4,7.1,휴무,일
2024-12-02,기타 산업,973.5,4.3,조업,월
2024-12-03,기타 산업,1026.1,10.0,조업,화
2024-12-04,기타 산업,1007.3,5.8,조업,수
2024-12-05,기타 산업,1013.4,6.4,조업,목
2024-12-06,기타 산업,948.0,5.7,조업,금
2024-12-07,기타 산업,296.9,5.6,휴무,토
2024-12-08,기타 산업,296.2,7.3,휴무,일
2024-12-09,기타 산업,953.2,5.1,조업,월
2024-12-10,기타 산업,1055.8,6.9,조업,화
2024-12-11,기타 산업,1107.4,7.7,조업,수
2024-12-12,기타 산업,1000.7,3.3,조업,목
2024-12-13,기타 산업,972.1,9.5,조업,금
2024-12-14,기타 산업,290.2,5.8,휴무,토
2024-12-15,기타 산업,304.8,8.5,휴무,일
2024-12-16,기타 산업,1044.3,7.3,조업,월
2024-12-17,기타 산업,978.9,7.7,조업,화
2024-12-18,기타 산업,1026.9,7.2,조업,수
2024-12-19,기타 산업,1058.2,4.9,조업,목
2024-12-20,기타 산업,1109.0,6.5,조업,금
2024-12-21,기타 산업,308.3,4.2,휴무,토
2024-12-22,기타 산업,302.4,5.7,휴무,일
2024-12-23,기타 산업,1032.4,5.4,조업,월
2024-12-24,기타 산업,980.7,6.9,조업,화
2024-12-25,기타 산업,1002.2,5.4,조업,수
2024-12-26,기타 산업,939.5,4.6,조업,목
2024-12-27,기타 산업,1073.3,13.1,조업,금
2024-12-28,기타 산업,304.9,5.0,휴무,토
2024-12-29,기타 산업,300.9,5.6,휴무,일
2024-12-30,기타 산업,977.2,6.3,조업,월
2024-12-31,기타 산업,1040.0,8.1,조업,화
