날짜,지역,수요량(MJ),기온(°C),요일
2023-01-01,안동,2681.3,6.0,일
2023-01-02,안동,3228.5,6.3,월
2023-01-03,안동,2964.9,4.5,화
2023-01-04,안동,3115.1,8.2,수
2023-01-05,안동,3081.4,4.1,목
2023-01-06,안동,2930.1,4.1,금
2023-01-07,안동,2441.7,5.5,토
2023-01-08,안동,2624.1,1.6,일
2023-01-09,안동,3047.1,3.0,월
2023-01-10,안동,2788.2,3.2,화
2023-01-11,안동,2966.1,7.9,수
2023-01-12,안동,2786.3,5.1,목
2023-01-13,안동,3016.6,3.9,금
2023-01-14,안동,2750.7,2.7,토
2023-01-15,안동,2660.6,3.8,일
2023-01-16,안동,3277.8,3.8,월
2023-01-17,안동,2841.3,5.0,화
2023-01-18,안동,2816.9,6.6,수
2023-01-19,안동,2706.0,5.4,목
2023-01-20,안동,3029.5,2.3,금
2023-01-21,안동,2723.1,6.5,토
2023-01-22,안동,2659.4,4.8,일
2023-01-23,안동,2892.0,2.0,월
2023-01-24,안동,3158.6,4.1,화
2023-01-25,안동,2735.5,5.7,수
2023-01-26,안동,2942.2,5.6,목
2023-01-27,안동,3091.8,3.6,금
2023-01-28,안동,2825.7,7.1,토
2023-01-29,안동,2658.3,3.3,일
2023-01-30,안동,3146.3,5.7,월
2023-01-31,안동,2972.2,4.0,화
2023-02-01,안동,2594.9,4.8,수
2023-02-02,안동,2947.2,8.6,목
2023-02-03,안동,2898.5,6.9,금
2023-02-04,안동,2403.9,7.7,토
2023-02-05,안동,2675.0,7.7,일
2023-02-06,안동,2975.9,6.9,월
2023-02-07,안동,2873.4,1.8,화
2023-02-08,안동,2718.7,7.2,수
2023-02-09,안동,2485.7,7.2,목
2023-02-10,안동,2809.3,6.6,금
2023-02-11,안동,2419.6,10.0,토
2023-02-12,안동,2421.7,5.4,일
2023-02-13,안동,2805.4,8.8,월
2023-02-14,안동,2830.8,6.0,화
2023-02-15,안동,2893.7,7.2,수
2023-02-16,안동,2714.8,5.6,목
2023-02-17,안동,2558.0,6.2,금
2023-02-18,안동,2516.4,7.6,토
2023-02-19,안동,2454.9,7.0,일
2023-02-20,안동,2702.0,4.2,월
2023-02-21,안동,2649.3,6.3,화
2023-02-22,안동,2815.8,6.7,수
2023-02-23,안동,2784.1,10.8,목
2023-02-24,안동,2749.7,7.5,금
2023-02-25,안동,2480.7,3.2,토
2023-02-26,안동,2789.9,7.1,일
2023-02-27,안동,2801.6,6.6,월
2023-02-28,안동,2598.7,6.9,화
2023-03-01,안동,1992.2,14.8,수
2023-03-02,안동,1832.7,14.1,목
2023-03-03,안동,1785.4,15.3,금
2023-03-04,안동,1917.3,13.7,토
2023-03-05,안동,1679.1,10.5,일
2023-03-06,안동,1871.7,12.7,월
2023-03-07,안동,1926.6,9.4,화
2023-03-08,안동,1965.5,10.4,수
2023-03-09,안동,2068.8,10.7,목
2023-03-10,안동,1889.1,10.9,금
2023-03-11,안동,1621.7,14.1,토
2023-03-12,안동,1840.9,13.0,일
2023-03-13,안동,1937.7,9.3,월
2023-03-14,안동,1995.1,13.0,화
2023-03-15,안동,1793.2,10.0,수
2023-03-16,안동,1948.5,13.5,목
2023-03-17,안동,1953.3,13.0,금
2023-03-18,안동,1748.1,11.1,토
2023-03-19,안동,1666.3,13.1,일
2023-03-20,안동,1965.5,16.2,월
2023-03-21,안동,1983.0,10.1,화
2023-03-22,안동,1995.6,10.6,수
2023-03-23,안동,1841.2,14.8,목
2023-03-24,안동,1959.6,14.4,금
2023-03-25,안동,1891.9,14.1,토
2023-03-26,안동,1662.9,12.0,일
2023-03-27,안동,1841.7,10.7,월
2023-03-28,안동,1952.8,12.3,화
2023-03-29,안동,1999.4,13.1,수
2023-03-30,안동,2059.5,12.5,목
2023-03-31,안동,2181.1,12.0,금
2023-04-01,안동,1137.1,21.3,토
2023-04-02,안동,1216.7,17.9,일
2023-04-03,안동,1367.1,19.6,월
2023-04-04,안동,1315.2,20.9,화
2023-04-05,안동,1220.0,18.3,수
2023-04-06,안동,1376.5,19.1,목
2023-04-07,안동,1237.8,20.4,금
2023-04-08,안동,1210.9,20.3,토
2023-04-09,안동,1197.1,18.2,일
2023-04-10,안동,1244.6,20.1,월
2023-04-11,안동,1357.0,20.7,화
2023-04-12,안동,1389.6,22.2,수
2023-04-13,안동,1258.1,17.2,목
2023-04-14,안동,1353.9,21.0,금
2023-04-15,안동,1416.9,21.0,토
2023-04-16,안동,1255.5,21.1,일
2023-04-17,안동,1363.0,21.9,월
2023-04-18,안동,1370.1,19.4,화
2023-04-19,안동,1304.4,18.5,수
2023-04-20,안동,1325.4,19.0,목
2023-04-21,안동,1196.8,24.6,금
2023-04-22,안동,1092.2,21.4,토
2023-04-23,안동,1252.7,19.1,일
2023-04-24,안동,1248.9,20.1,월
2023-04-25,안동,1364.9,18.6,화
2023-04-26,안동,1334.3,18.5,수
2023-04-27,안동,1277.0,20.1,목
2023-04-28,안동,1361.8,24.3,금
2023-04-29,안동,1199.1,15.9,토
2023-04-30,안동,1238.6,18.7,일
2023-05-01,안동,954.5,25.9,월
2023-05-02,안동,1001.6,28.5,화
2023-05-03,안동,943.9,25.1,수
2023-05-04,안동,928.6,26.6,목
2023-05-05,안동,979.4,31.0,금
2023-05-06,안동,903.7,25.0,토
2023-05-07,안동,908.6,31.7,일
2023-05-08,안동,936.8,24.5,월
2023-05-09,안동,926.0,30.0,화
2023-05-10,안동,997.2,28.4,수
2023-05-11,안동,957.1,25.6,목
2023-05-12,안동,910.8,21.0,금
2023-05-13,안동,810.1,27.0,토
2023-05-14,안동,802.2,30.8,일
2023-05-15,안동,966.3,26.6,월
2023-05-16,안동,891.1,30.4,화
2023-05-17,안동,960.5,29.8,수
2023-05-18,안동,982.2,25.5,목
2023-05-19,안동,931.2,27.9,금
2023-05-20,안동,847.4,27.6,토
2023-05-21,안동,892.6,27.7,일
2023-05-22,안동,900.6,30.7,월
2023-05-23,안동,866.3,31.8,화
2023-05-24,안동,988.2,27.2,수
2023-05-25,안동,930.1,28.1,목
2023-05-26,안동,936.3,27.1,금
2023-05-27,안동,900.7,26.3,토
2023-05-28,안동,834.1,28.2,일
2023-05-29,안동,974.8,29.3,월
2023-05-30,안동,990.2,29.1,화
2023-05-31,안동,933.1,25.8,수
2023-06-01,안동,618.3,34.5,목
2023-06-02,안동,603.5,32.9,금
2023-06-03,안동,524.0,35.5,토
2023-06-04,안동,534.5,34.1,일
2023-06-05,안동,633.0,32.6,월
2023-06-06,안동,624.4,34.6,화
2023-06-07,안동,600.6,35.6,수
2023-06-08,안동,590.7,34.4,목
2023-06-09,안동,596.1,33.6,금
2023-06-10,안동,556.1,33.2,토
2023-06-11,안동,596.5,31.4,일
2023-06-12,안동,563.6,31.0,월
2023-06-13,안동,623.7,35.3,화
2023-06-14,안동,618.9,34.2,수
2023-06-15,안동,573.1,33.0,목
2023-06-16,안동,579.7,33.1,금
2023-06-17,안동,536.0,34.9,토
2023-06-18,안동,531.3,31.3,일
2023-06-19,안동,583.1,33.8,월
2023-06-20,안동,607.3,31.3,화
2023-06-21,안동,584.8,33.5,수
2023-06-22,안동,607.0,32.0,목
2023-06-23,안동,557.8,30.1,금
2023-06-24,안동,534.2,31.6,토
2023-06-25,안동,579.8,33.6,일
2023-06-26,안동,595.2,34.7,월
2023-06-27,안동,569.9,33.0,화
2023-06-28,안동,591.3,33.0,수
2023-06-29,안동,575.2,33.6,목
2023-06-30,안동,646.0,34.0,금
2023-07-01,안동,440.7,34.8,토
2023-07-02,안동,423.3,36.4,일
2023-07-03,안동,480.3,35.4,월
2023-07-04,안동,461.4,35.2,화
2023-07-05,안동,492.0,35.0,수
2023-07-06,안동,503.0,37.9,목
2023-07-07,안동,461.6,39.3,금
2023-07-08,안동,436.0,36.7,토
2023-07-09,안동,414.5,39.4,일
2023-07-10,안동,465.6,33.3,월
2023-07-11,안동,467.4,30.8,화
2023-07-12,안동,483.6,33.5,수
2023-07-13,안동,525.0,35.7,목
2023-07-14,안동,466.2,36.9,금
2023-07-15,안동,442.6,33.2,토
2023-07-16,안동,471.6,32.4,일
2023-07-17,안동,468.7,37.4,월
2023-07-18,안동,512.5,31.6,화
2023-07-19,안동,509.7,34.8,수
2023-07-20,안동,465.6,31.8,목
2023-07-21,안동,481.1,35.0,금
2023-07-22,안동,445.5,34.1,토
2023-07-23,안동,428.9,32.9,일
2023-07-24,안동,492.3,35.2,월
2023-07-25,안동,453.0,36.4,화
2023-07-26,안동,510.7,31.9,수
2023-07-27,안동,462.0,35.7,목
2023-07-28,안동,482.8,38.1,금
2023-07-29,안동,433.5,37.4,토
2023-07-30,안동,469.9,39.1,일
2023-07-31,안동,503.3,34.5,월
2023-08-01,안동,641.1,34.3,화
2023-08-02,안동,620.6,31.1,수
2023-08-03,안동,547.2,35.1,목
2023-08-04,안동,538.8,30.6,금
2023-08-05,안동,559.4,32.5,토
2023-08-06,안동,542.0,36.0,일
2023-08-07,안동,558.6,36.2,월
2023-08-08,안동,598.3,29.6,화
2023-08-09,안동,599.0,33.8,수
2023-08-10,안동,597.3,28.9,목
2023-08-11,안동,620.1,30.4,금
2023-08-12,안동,514.6,33.7,토
2023-08-13,안동,511.4,32.0,일
2023-08-14,안동,628.7,32.9,월
2023-08-15,안동,615.1,31.0,화
2023-08-16,안동,576.2,31.9,수
2023-08-17,안동,568.9,32.8,목
2023-08-18,안동,564.1,31.9,금
2023-08-19,안동,541.0,36.9,토
2023-08-20,안동,545.8,31.6,일
2023-08-21,안동,593.4,32.8,월
2023-08-22,안동,622.7,34.2,화
2023-08-23,안동,582.7,31.9,수
2023-08-24,안동,530.9,32.4,목
2023-08-25,안동,641.0,30.0,금
2023-08-26,안동,533.3,36.3,토
2023-08-27,안동,548.4,34.1,일
2023-08-28,안동,633.6,39.1,월
2023-08-29,안동,571.3,32.7,화
2023-08-30,안동,606.1,29.8,수
2023-08-31,안동,557.3,31.5,목
2023-09-01,안동,908.1,26.2,금
2023-09-02,안동,902.1,30.9,토
2023-09-03,안동,927.9,27.5,일
2023-09-04,안동,918.7,27.7,월
2023-09-05,안동,985.9,30.5,화
2023-09-06,안동,950.9,25.4,수
2023-09-07,안동,893.6,25.7,목
2023-09-08,안동,1051.7,29.4,금
2023-09-09,안동,888.3,24.7,토
2023-09-10,안동,843.0,26.2,일
2023-09-11,안동,918.5,26.3,월
2023-09-12,안동,920.1,27.6,화
2023-09-13,안동,957.6,28.0,수
2023-09-14,안동,916.4,27.0,목
2023-09-15,안동,996.3,26.3,금
2023-09-16,안동,821.8,28.5,토
2023-09-17,안동,896.5,27.7,일
2023-09-18,안동,986.1,24.2,월
2023-09-19,안동,987.4,26.2,화
2023-09-20,안동,873.4,26.0,수
2023-09-21,안동,962.3,24.2,목
2023-09-22,안동,916.6,28.0,금
2023-09-23,안동,792.2,28.8,토
2023-09-24,안동,811.7,27.4,일
2023-09-25,안동,962.3,26.2,월
2023-09-26,안동,941.5,25.8,화
2023-09-27,안동,932.3,29.5,수
2023-09-28,안동,905.8,29.2,목
2023-09-29,안동,1029.2,28.6,금
2023-09-30,안동,829.6,22.6,토
2023-10-01,안동,1282.8,21.2,일
2023-10-02,안동,1396.5,20.7,월
2023-10-03,안동,1428.8,20.2,화
2023-10-04,안동,1458.3,22.3,수
2023-10-05,안동,1410.3,20.7,목
2023-10-06,안동,1408.9,19.0,금
2023-10-07,안동,1268.7,20.8,토
2023-10-08,안동,1430.5,20.6,일
2023-10-09,안동,1416.5,21.7,월
2023-10-10,안동,1410.6,22.4,화
2023-10-11,안동,1367.4,15.9,수
2023-10-12,안동,1414.7,16.3,목
2023-10-13,안동,1560.7,20.0,금
2023-10-14,안동,1281.8,20.7,토
2023-10-15,안동,1152.7,21.7,일
2023-10-16,안동,1495.5,20.5,월
2023-10-17,안동,1522.4,17.0,화
2023-10-18,안동,1410.1,20.7,수
2023-10-19,안동,1603.5,21.3,목
2023-10-20,안동,1457.9,20.4,금
2023-10-21,안동,1240.9,19.1,토
2023-10-22,안동,1240.5,21.7,일
2023-10-23,안동,1405.6,20.1,월
2023-10-24,안동,1464.0,21.0,화
2023-10-25,안동,1403.3,22.1,수
2023-10-26,안동,1369.5,19.5,목
2023-10-27,안동,1467.2,19.1,금
2023-10-28,안동,1236.2,21.5,토
2023-10-29,안동,1383.8,21.7,일
2023-10-30,안동,1575.1,20.8,월
2023-10-31,안동,1350.4,18.5,화
2023-11-01,안동,2321.6,8.9,수
2023-11-02,안동,2154.0,13.8,목
2023-11-03,안동,2038.4,13.1,금
2023-11-04,안동,1956.6,17.4,토
2023-11-05,안동,2014.5,12.7,일
2023-11-06,안동,2184.2,13.5,월
2023-11-07,안동,2210.9,10.9,화
2023-11-08,안동,2305.3,16.3,수
2023-11-09,안동,2104.8,15.7,목
2023-11-10,안동,2146.4,10.5,금
2023-11-11,안동,2050.4,12.6,토
2023-11-12,안동,2092.7,9.1,일
2023-11-13,안동,2113.9,12.2,월
2023-11-14,안동,1981.3,10.5,화
2023-11-15,안동,2167.9,14.1,수
2023-11-16,안동,2020.1,9.9,목
2023-11-17,안동,2340.3,11.8,금
2023-11-18,안동,1797.9,12.0,토
2023-11-19,안동,1917.5,12.0,일
2023-11-20,안동,2154.1,7.1,월
2023-11-21,안동,2235.2,12.0,화
2023-11-22,안동,2281.7,16.2,수
2023-11-23,안동,2040.5,12.0,목
2023-11-24,안동,2166.4,17.6,금
2023-11-25,안동,1941.7,12.5,토
2023-11-26,안동,1930.0,12.9,일
2023-11-27,안동,2100.9,11.4,월
2023-11-28,안동,2101.3,12.4,화
2023-11-29,안동,2171.5,11.1,수
2023-11-30,안동,2322.4,12.0,목
2023-12-01,안동,3037.2,1.7,금
2023-12-02,안동,2323.3,9.5,토
2023-12-03,안동,2543.9,6.3,일
2023-12-04,안동,2768.0,4.2,월
2023-12-05,안동,3132.3,4.8,화
2023-12-06,안동,3063.1,8.9,수
2023-12-07,안동,2717.4,8.5,목
2023-12-08,안동,2950.5,6.0,금
2023-12-09,안동,2684.4,4.6,토
2023-12-10,안동,2543.4,6.5,일
2023-12-11,안동,2944.0,8.4,월
2023-12-12,안동,3046.9,6.3,화
2023-12-13,안동,2968.7,4.8,수
2023-12-14,안동,2835.4,8.2,목
2023-12-15,안동,2699.8,7.7,금
2023-12-16,안동,2568.0,8.9,토
2023-12-17,안동,2728.0,6.0,일
2023-12-18,안동,2677.2,5.6,월
2023-12-19,안동,2967.3,3.9,화
2023-12-20,안동,3132.7,4.4,수
2023-12-21,안동,3124.3,2.8,목
2023-12-22,안동,2866.1,7.4,금
2023-12-23,안동,2643.7,5.9,토
2023-12-24,안동,2735.0,6.9,일
2023-12-25,안동,2901.6,7.2,월
2023-12-26,안동,2871.8,6.3,화
2023-12-27,안동,2633.7,7.6,수
2023-12-28,안동,2987.0,4.3,목
2023-12-29,안동,2853.5,7.4,금
2023-12-30,안동,2637.0,7.0,토
2023-12-31,안동,2491.1,5.9,일
2024-01-01,안동,2853.2,5.4,월
2024-01-02,안동,2744.6,5.8,화
2024-01-03,안동,3070.9,7.1,수
2024-01-04,안동,3147.4,5.5,목
2024-01-05,안동,3152.2,8.3,금
2024-01-06,안동,2527.3,1.3,토
2024-01-07,안동,2703.5,3.8,일
2024-01-08,안동,2891.1,6.0,월
2024-01-09,안동,2886.7,5.4,화
2024-01-10,안동,2789.0,3.8,수
2024-01-11,안동,2797.2,3.2,목
2024-01-12,안동,3158.0,3.0,금
2024-01-13,안동,3055.4,3.1,토
2024-01-14,안동,2725.0,6.0,일
2024-01-15,안동,3105.0,3.3,월
2024-01-16,안동,3018.3,3.8,화
2024-01-17,안동,2985.6,10.1,수
2024-01-18,안동,2894.5,7.3,목
2024-01-19,안동,3265.6,4.9,금
2024-01-20,안동,2944.7,3.7,토
2024-01-21,안동,2624.1,6.4,일
2024-01-22,안동,3145.9,6.3,월
2024-01-23,안동,2764.5,6.2,화
2024-01-24,안동,2962.9,3.5,수
2024-01-25,안동,3093.1,4.9,목
2024-01-26,안동,2799.7,5.4,금
2024-01-27,안동,2782.4,5.8,토
2024-01-28,안동,2845.9,6.1,일
2024-01-29,안동,3068.9,6.7,월
2024-01-30,안동,2750.9,4.9,화
2024-01-31,안동,3031.2,5.9,수
2024-02-01,안동,2583.8,7.6,목
2024-02-02,안동,2905.3,4.8,금
2024-02-03,안동,2568.6,6.9,토
2024-02-04,안동,2487.7,7.1,일
2024-02-05,안동,2688.8,8.9,월
2024-02-06,안동,2696.2,7.2,화
2024-02-07,안동,2717.3,6.1,수
2024-02-08,안동,2693.9,7.5,목
2024-02-09,안동,2636.5,9.5,금
2024-02-10,안동,2429.4,6.6,토
2024-02-11,안동,2508.4,9.9,일
2024-02-12,안동,2555.0,9.1,월
2024-02-13,안동,2882.8,7.5,화
2024-02-14,안동,2907.0,7.2,수
2024-02-15,안동,2954.5,6.0,목
2024-02-16,안동,2709.9,11.6,금
2024-02-17,안동,2664.5,6.1,토
2024-02-18,안동,2419.1,10.2,일
2024-02-19,안동,2721.1,6.2,월
2024-02-20,안동,2633.2,4.3,화
2024-02-21,안동,2654.0,5.0,수
2024-02-22,안동,2792.3,6.9,목
2024-02-23,안동,2622.2,10.1,금
2024-02-24,안동,2457.4,9.0,토
2024-02-25,안동,2567.8,6.9,일
2024-02-26,안동,2812.8,4.8,월
2024-02-27,안동,2828.0,7.3,화
2024-02-28,안동,3098.8,7.6,수
2024-02-29,안동,2686.7,5.7,목
2024-03-01,안동,1866.7,11.3,금
2024-03-02,안동,1830.7,11.2,토
2024-03-03,안동,1678.7,15.3,일
2024-03-04,안동,1965.3,10.8,월
2024-03-05,안동,1980.8,11.4,화
2024-03-06,안동,1774.5,12.9,수
2024-03-07,안동,2092.4,15.6,목
2024-03-08,안동,1882.8,11.3,금
2024-03-09,안동,1756.9,13.1,토
2024-03-10,안동,1901.7,13.8,일
2024-03-11,안동,1843.4,12.1,월
2024-03-12,안동,1849.8,9.7,화
2024-03-13,안동,2092.3,12.4,수
2024-03-14,안동,1941.5,11.5,목
2024-03-15,안동,2034.1,12.5,금
2024-03-16,안동,1682.1,17.6,토
2024-03-17,안동,1818.2,11.5,일
2024-03-18,안동,2097.3,13.9,월
2024-03-19,안동,1885.5,13.7,화
2024-03-20,안동,2026.4,13.7,수
2024-03-21,안동,1968.7,14.1,목
2024-03-22,안동,2032.3,14.6,금
2024-03-23,안동,1784.0,15.3,토
2024-03-24,안동,1740.7,12.2,일
2024-03-25,안동,1841.6,14.9,월
2024-03-26,안동,1882.2,13.2,화
2024-03-27,안동,2042.7,12.6,수
2024-03-28,안동,1924.5,12.9,목
2024-03-29,안동,1991.6,9.8,금
2024-03-30,안동,1914.9,13.8,토
2024-03-31,안동,1746.9,11.9,일
2024-04-01,안동,1424.1,20.5,월
2024-04-02,안동,1338.4,19.8,화
2024-04-03,안동,1332.3,21.2,수
2024-04-04,안동,1332.8,19.1,목
2024-04-05,안동,1252.2,22.1,금
2024-04-06,안동,1146.4,20.3,토
2024-04-07,안동,1097.5,22.4,일
2024-04-08,안동,1344.9,18.9,월
2024-04-09,안동,1315.7,23.1,화
2024-04-10,안동,1444.2,18.9,수
2024-04-11,안동,1174.9,17.1,목
2024-04-12,안동,1286.9,20.9,금
2024-04-13,안동,1230.1,18.0,토
2024-04-14,안동,1154.5,20.5,일
2024-04-15,안동,1377.6,17.4,월
2024-04-16,안동,1313.5,21.3,화
2024-04-17,안동,1249.4,23.7,수
2024-04-18,안동,1274.3,16.9,목
2024-04-19,안동,1336.1,19.9,금
2024-04-20,안동,1208.9,19.5,토
2024-04-21,안동,1273.8,17.5,일
2024-04-22,안동,1393.7,19.8,월
2024-04-23,안동,1350.1,20.7,화
2024-04-24,안동,1349.5,21.1,수
2024-04-25,안동,1407.7,21.3,목
2024-04-26,안동,1366.8,20.4,금
2024-04-27,안동,1273.5,19.8,토
2024-04-28,안동,1295.0,18.6,일
2024-04-29,안동,1225.6,19.9,월
2024-04-30,안동,1275.1,20.3,화
2024-05-01,안동,928.7,29.2,수
2024-05-02,안동,869.3,26.6,목
2024-05-03,안동,843.7,26.6,금
2024-05-04,안동,896.8,24.3,토
2024-05-05,안동,882.4,29.1,일
2024-05-06,안동,957.7,25.6,월
2024-05-07,안동,904.4,27.5,화
2024-05-08,안동,1002.1,30.5,수
2024-05-09,안동,961.3,27.1,목
2024-05-10,안동,862.0,27.9,금
2024-05-11,안동,834.5,27.0,토
2024-05-12,안동,851.9,25.5,일
2024-05-13,안동,990.8,31.1,월
2024-05-14,안동,987.5,26.4,화
2024-05-15,안동,1004.4,30.3,수
2024-05-16,안동,928.9,27.6,목
2024-05-17,안동,978.9,28.9,금
2024-05-18,안동,891.4,29.3,토
2024-05-19,안동,840.9,29.6,일
2024-05-20,안동,969.5,30.1,월
2024-05-21,안동,926.9,31.7,화
2024-05-22,안동,969.5,31.0,수
2024-05-23,안동,936.8,26.2,목
2024-05-24,안동,980.4,26.9,금
2024-05-25,안동,839.2,28.5,토
2024-05-26,안동,956.5,27.5,일
2024-05-27,안동,980.9,31.0,월
2024-05-28,안동,965.8,27.6,화
2024-05-29,안동,910.9,28.7,수
2024-05-30,안동,879.9,27.0,목
2024-05-31,안동,991.1,28.3,금
2024-06-01,안동,582.5,32.0,토
2024-06-02,안동,500.5,30.5,일
2024-06-03,안동,631.4,33.4,월
2024-06-04,안동,586.2,36.4,화
2024-06-05,안동,598.8,35.1,수
2024-06-06,안동,626.5,32.6,목
2024-06-07,안동,552.7,34.3,금
2024-06-08,안동,577.3,35.9,토
2024-06-09,안동,550.7,31.7,일
2024-06-10,안동,607.8,34.0,월
2024-06-11,안동,579.9,31.9,화
2024-06-12,안동,635.2,32.9,수
2024-06-13,안동,588.9,34.1,목
2024-06-14,안동,514.5,34.5,금
2024-06-15,안동,493.0,35.3,토
2024-06-16,안동,509.8,32.3,일
2024-06-17,안동,634.8,30.4,월
2024-06-18,안동,610.4,32.1,화
2024-06-19,안동,614.3,32.9,수
2024-06-20,안동,561.5,33.1,목
2024-06-21,안동,585.2,35.0,금
2024-06-22,안동,528.4,29.9,토
2024-06-23,안동,563.0,36.0,일
2024-06-24,안동,589.5,32.3,월
2024-06-25,안동,662.3,32.3,화
2024-06-26,안동,612.9,33.8,수
2024-06-27,안동,607.2,35.1,목
2024-06-28,안동,594.1,32.5,금
2024-06-29,안동,539.0,32.8,토
2024-06-30,안동,541.4,34.4,일
2024-07-01,안동,478.1,36.5,월
2024-07-02,안동,432.0,35.2,화
2024-07-03,안동,488.3,36.8,수
2024-07-04,안동,410.5,37.0,목
2024-07-05,안동,476.6,39.2,금
2024-07-06,안동,409.5,37.2,토
2024-07-07,안동,409.2,36.2,일
2024-07-08,안동,525.9,33.8,월
2024-07-09,안동,485.2,34.6,화
2024-07-10,안동,491.9,36.7,수
2024-07-11,안동,488.8,35.3,목
2024-07-12,안동,478.6,39.8,금
2024-07-13,안동,454.7,35.4,토
2024-07-14,안동,457.6,37.2,일
2024-07-15,안동,452.6,36.3,월
2024-07-16,안동,452.5,38.3,화
2024-07-17,안동,461.9,35.6,수
2024-07-18,안동,487.9,34.9,목
2024-07-19,안동,490.1,35.6,금
2024-07-20,안동,441.8,38.2,토
2024-07-21,안동,452.8,34.5,일
2024-07-22,안동,450.5,37.4,월
2024-07-23,안동,496.8,36.2,화
2024-07-24,안동,513.0,34.4,수
2024-07-25,안동,483.0,34.7,목
2024-07-26,안동,480.4,34.7,금
2024-07-27,안동,400.9,32.8,토
2024-07-28,안동,413.7,38.2,일
2024-07-29,안동,428.3,33.0,월
2024-07-30,안동,448.2,33.7,화
2024-07-31,안동,504.2,38.3,수
2024-08-01,안동,667.6,31.6,목
2024-08-02,안동,590.3,35.0,금
2024-08-03,안동,601.9,28.0,토
2024-08-04,안동,495.6,30.2,일
2024-08-05,안동,673.2,35.0,월
2024-08-06,안동,616.9,35.8,화
2024-08-07,안동,625.6,34.2,수
2024-08-08,안동,608.4,34.5,목
2024-08-09,안동,598.1,33.2,금
2024-08-10,안동,532.4,31.5,토
2024-08-11,안동,537.3,29.6,일
2024-08-12,안동,566.9,31.0,월
2024-08-13,안동,641.8,33.4,화
2024-08-14,안동,552.9,34.8,수
2024-08-15,안동,628.2,31.0,목
2024-08-16,안동,593.3,31.0,금
2024-08-17,안동,513.9,34.1,토
2024-08-18,안동,504.0,33.2,일
2024-08-19,안동,609.6,31.8,월
2024-08-20,안동,613.2,29.8,화
2024-08-21,안동,616.6,33.0,수
2024-08-22,안동,640.9,33.4,목
2024-08-23,안동,587.1,33.2,금
2024-08-24,안동,554.7,33.2,토
2024-08-25,안동,541.1,33.1,일
2024-08-26,안동,580.1,31.6,월
2024-08-27,안동,652.5,30.2,화
2024-08-28,안동,579.2,30.5,수
2024-08-29,안동,626.8,31.6,목
2024-08-30,안동,637.4,32.4,금
2024-08-31,안동,547.5,31.6,토
2024-09-01,안동,956.7,25.8,일
2024-09-02,안동,974.9,25.1,월
2024-09-03,안동,979.9,28.8,화
2024-09-04,안동,953.8,27.1,수
2024-09-05,안동,952.9,27.6,목
2024-09-06,안동,1066.1,29.4,금
2024-09-07,안동,804.8,26.4,토
2024-09-08,안동,975.4,27.3,일
2024-09-09,안동,1038.7,25.9,월
2024-09-10,안동,933.4,30.9,화
2024-09-11,안동,1038.2,28.6,수
2024-09-12,안동,950.2,26.7,목
2024-09-13,안동,911.3,26.3,금
2024-09-14,안동,811.1,26.2,토
2024-09-15,안동,830.7,27.6,일
2024-09-16,안동,885.3,28.0,월
2024-09-17,안동,1000.0,28.2,화
2024-09-18,안동,978.0,23.5,수
2024-09-19,안동,901.9,30.0,목
2024-09-20,안동,980.1,30.8,금
2024-09-21,안동,861.6,26.1,토
2024-09-22,안동,867.3,28.6,일
2024-09-23,안동,915.8,28.6,월
2024-09-24,안동,892.1,27.8,화
2024-09-25,안동,916.6,27.3,수
2024-09-26,안동,1019.3,26.0,목
2024-09-27,안동,989.2,29.7,금
2024-09-28,안동,850.3,25.3,토
2024-09-29,안동,870.1,29.9,일
2024-09-30,안동,978.9,32.1,월
2024-10-01,안동,1417.7,20.4,화
2024-10-02,안동,1429.0,20.3,수
2024-10-03,안동,1508.9,21.4,목
2024-10-04,안동,1344.2,18.4,금
2024-10-05,안동,1328.9,16.3,토
2024-10-06,안동,1156.5,17.8,일
2024-10-07,안동,1619.5,20.8,월
2024-10-08,안동,1500.4,20.0,화
2024-10-09,안동,1432.9,20.2,수
2024-10-10,안동,1419.1,21.8,목
2024-10-11,안동,1463.2,20.5,금
2024-10-12,안동,1360.3,18.7,토
2024-10-13,안동,1247.0,19.7,일
2024-10-14,안동,1375.3,21.1,월
2024-10-15,안동,1439.3,20.1,화
2024-10-16,안동,1474.2,22.2,수
2024-10-17,안동,1498.9,19.9,목
2024-10-18,안동,1480.2,22.8,금
2024-10-19,안동,1211.0,20.0,토
2024-10-20,안동,1276.2,17.9,일
2024-10-21,안동,1426.5,18.8,월
2024-10-22,안동,1478.1,20.1,화
2024-10-23,안동,1475.0,19.9,수
2024-10-24,안동,1297.8,20.1,목
2024-10-25,안동,1429.6,18.1,금
2024-10-26,안동,1334.9,17.6,토
2024-10-27,안동,1375.0,23.1,일
2024-10-28,안동,1547.3,19.6,월
2024-10-29,안동,1415.7,20.3,화
2024-10-30,안동,1418.2,18.8,수
2024-10-31,안동,1452.3,19.2,목
2024-11-01,안동,2160.3,12.8,금
2024-11-02,안동,2059.7,13.4,토
2024-11-03,안동,1799.7,14.4,일
2024-11-04,안동,2260.9,7.4,월
2024-11-05,안동,2135.7,9.8,화
2024-11-06,안동,1965.4,10.2,수
2024-11-07,안동,2242.0,13.6,목
2024-11-08,안동,1880.2,11.3,금
2024-11-09,안동,1982.1,11.4,토
2024-11-10,안동,1961.8,9.5,일
2024-11-11,안동,2222.6,12.5,월
2024-11-12,안동,2054.9,12.7,화
2024-11-13,안동,2142.9,14.9,수
2024-11-14,안동,2059.2,12.4,목
2024-11-15,안동,2064.4,11.6,금
2024-11-16,안동,2110.4,12.2,토
2024-11-17,안동,1787.2,9.8,일
2024-11-18,안동,2137.4,15.4,월
2024-11-19,안동,2272.3,11.2,화
2024-11-20,안동,2357.2,11.3,수
2024-11-21,안동,2107.3,13.9,목
2024-11-22,안동,2094.6,16.8,금
2024-11-23,안동,1973.1,14.0,토
2024-11-24,안동,2095.8,15.1,일
2024-11-25,안동,2078.6,12.6,월
2024-11-26,안동,2086.8,13.4,화
2024-11-27,안동,2174.7,16.5,수
2024-11-28,안동,2179.9,11.8,목
2024-11-29,안동,2055.1,9.8,금
2024-11-30,안동,1880.1,14.9,토
2024-12-01,안동,2661.6,4.9,일
2024-12-02,안동,2983.5,9.4,월
2024-12-03,안동,2771.0,9.0,화
2024-12-04,안동,3096.2,4.2,수
2024-12-05,안동,2843.9,6.4,목
2024-12-06,안동,2960.1,9.7,금
2024-12-07,안동,2872.6,7.9,토
2024-12-08,안동,2712.2,5.7,일
2024-12-09,안동,2918.7,7.1,월
2024-12-10,안동,2953.1,10.1,화
2024-12-11,안동,3034.4,8.1,수
2024-12-12,안동,2759.2,6.3,목
2024-12-13,안동,2596.8,4.9,금
2024-12-14,안동,2449.0,11.1,토
2024-12-15,안동,2556.1,6.6,일
2024-12-16,안동,2997.5,7.6,월
2024-12-17,안동,2796.0,8.7,화
2024-12-18,안동,2920.7,6.7,수
2024-12-19,안동,3111.5,6.5,목
2024-12-20,안동,2985.8,8.0,금
2024-12-21,안동,2744.1,8.3,토
2024-12-22,안동,2423.9,7.4,일
2024-12-23,안동,2786.2,7.8,월
2024-12-24,안동,2964.4,6.0,화
2024-12-25,안동,2883.1,9.5,수
2024-12-26,안동,3125.1,7.6,목
2024-12-27,안동,3254.6,7.5,금
2024-12-28,안동,2363.8,8.1,토
2024-12-29,안동,2641.4,8.5,일
2024-12-30,안동,2976.9,9.6,월
2024-12-31,안동,2703.7,6.7,화
2023-01-01,영주,1648.1,4.6,일
2023-01-02,영주,1968.8,3.8,월
2023-01-03,영주,1950.2,8.3,화
2023-01-04,영주,1955.0,2.6,수
2023-01-05,영주,1854.2,7.4,목
2023-01-06,영주,1913.9,4.7,금
2023-01-07,영주,1777.0,3.4,토
2023-01-08,영주,1757.4,4.8,일
2023-01-09,영주,1870.7,3.2,월
2023-01-10,영주,1876.8,6.4,화
2023-01-11,영주,1874.3,8.5,수
2023-01-12,영주,2001.7,5.4,목
2023-01-13,영주,1744.1,2.2,금
2023-01-14,영주,1829.9,1.9,토
2023-01-15,영주,1941.4,3.9,일
2023-01-16,영주,1930.1,3.9,월
2023-01-17,영주,2104.3,8.1,화
2023-01-18,영주,2028.1,9.1,수
2023-01-19,영주,1969.2,7.0,목
2023-01-20,영주,1859.8,6.6,금
2023-01-21,영주,1721.0,3.4,토
2023-01-22,영주,1682.2,4.7,일
2023-01-23,영주,2003.9,6.4,월
2023-01-24,영주,2053.8,5.2,화
2023-01-25,영주,1894.0,2.7,수
2023-01-26,영주,1734.0,3.6,목
2023-01-27,영주,1900.9,4.8,금
2023-01-28,영주,1775.5,8.0,토
2023-01-29,영주,1880.8,3.0,일
2023-01-30,영주,1968.2,7.4,월
2023-01-31,영주,1820.8,4.5,화
2023-02-01,영주,1855.3,6.3,수
2023-02-02,영주,1895.3,10.8,목
2023-02-03,영주,1661.0,6.0,금
2023-02-04,영주,1443.5,7.3,토
2023-02-05,영주,1571.9,7.7,일
2023-02-06,영주,1619.2,6.1,월
2023-02-07,영주,1712.6,8.0,화
2023-02-08,영주,1506.8,4.7,수
2023-02-09,영주,1915.4,7.0,목
2023-02-10,영주,1719.3,10.3,금
2023-02-11,영주,1620.7,5.8,토
2023-02-12,영주,1607.4,5.0,일
2023-02-13,영주,1867.4,8.5,월
2023-02-14,영주,1741.6,6.8,화
2023-02-15,영주,1686.8,5.3,수
2023-02-16,영주,1791.8,6.6,목
2023-02-17,영주,1688.8,8.8,금
2023-02-18,영주,1562.1,10.0,토
2023-02-19,영주,1524.4,7.0,일
2023-02-20,영주,1837.3,2.2,월
2023-02-21,영주,1734.8,8.5,화
2023-02-22,영주,1804.9,7.1,수
2023-02-23,영주,1713.0,3.9,목
2023-02-24,영주,1649.2,8.6,금
2023-02-25,영주,1476.1,7.6,토
2023-02-26,영주,1580.7,7.9,일
2023-02-27,영주,1862.0,3.8,월
2023-02-28,영주,1688.2,5.5,화
2023-03-01,영주,1294.3,12.9,수
2023-03-02,영주,1227.8,10.5,목
2023-03-03,영주,1266.4,13.4,금
2023-03-04,영주,1081.4,12.9,토
2023-03-05,영주,1106.3,10.8,일
2023-03-06,영주,1045.2,10.4,월
2023-03-07,영주,1279.3,13.4,화
2023-03-08,영주,1162.2,7.8,수
2023-03-09,영주,1349.9,13.7,목
2023-03-10,영주,1179.4,12.5,금
2023-03-11,영주,1177.3,12.1,토
2023-03-12,영주,1057.6,11.2,일
2023-03-13,영주,1165.7,11.5,월
2023-03-14,영주,1323.4,12.7,화
2023-03-15,영주,1208.6,13.1,수
2023-03-16,영주,1128.3,11.9,목
2023-03-17,영주,1219.2,14.3,금
2023-03-18,영주,1277.5,12.1,토
2023-03-19,영주,1060.2,13.1,일
2023-03-20,영주,1294.3,11.6,월
2023-03-21,영주,1136.0,12.7,화
2023-03-22,영주,1183.1,14.3,수
2023-03-23,영주,1290.1,16.2,목
2023-03-24,영주,1302.4,11.6,금
2023-03-25,영주,1148.6,12.6,토
2023-03-26,영주,1055.0,13.5,일
2023-03-27,영주,1287.0,11.2,월
2023-03-28,영주,1199.3,11.8,화
2023-03-29,영주,1249.9,10.6,수
2023-03-30,영주,1158.7,16.6,목
2023-03-31,영주,1310.4,12.5,금
2023-04-01,영주,774.5,19.8,토
2023-04-02,영주,773.6,17.9,일
2023-04-03,영주,883.0,19.6,월
2023-04-04,영주,950.5,22.4,화
2023-04-05,영주,855.2,21.2,수
2023-04-06,영주,826.6,20.4,목
2023-04-07,영주,829.1,20.7,금
2023-04-08,영주,807.2,20.3,토
2023-04-09,영주,800.5,18.0,일
2023-04-10,영주,836.5,22.6,월
2023-04-11,영주,815.9,15.8,화
2023-04-12,영주,840.5,22.6,수
2023-04-13,영주,820.3,18.0,목
2023-04-14,영주,864.5,21.7,금
2023-04-15,영주,743.5,19.5,토
2023-04-16,영주,722.4,19.2,일
2023-04-17,영주,827.9,23.2,월
2023-04-18,영주,905.5,22.4,화
2023-04-19,영주,823.3,22.0,수
2023-04-20,영주,840.5,20.8,목
2023-04-21,영주,855.1,18.2,금
2023-04-22,영주,802.3,17.6,토
2023-04-23,영주,765.0,19.1,일
2023-04-24,영주,830.6,20.6,월
2023-04-25,영주,821.5,21.2,화
2023-04-26,영주,784.9,21.7,수
2023-04-27,영주,923.1,20.3,목
2023-04-28,영주,813.0,18.0,금
2023-04-29,영주,764.2,21.0,토
2023-04-30,영주,775.9,20.7,일
2023-05-01,영주,646.0,28.8,월
2023-05-02,영주,604.6,28.3,화
2023-05-03,영주,670.1,28.8,수
2023-05-04,영주,582.2,27.2,목
2023-05-05,영주,608.3,29.7,금
2023-05-06,영주,574.1,23.2,토
2023-05-07,영주,548.3,26.4,일
2023-05-08,영주,617.8,28.2,월
2023-05-09,영주,598.7,28.9,화
2023-05-10,영주,604.1,28.5,수
2023-05-11,영주,630.8,29.0,목
2023-05-12,영주,645.2,25.6,금
2023-05-13,영주,573.1,26.4,토
2023-05-14,영주,601.4,28.2,일
2023-05-15,영주,601.3,27.1,월
2023-05-16,영주,602.7,27.5,화
2023-05-17,영주,562.5,29.1,수
2023-05-18,영주,579.3,25.4,목
2023-05-19,영주,664.3,29.4,금
2023-05-20,영주,546.2,27.3,토
2023-05-21,영주,582.8,27.6,일
2023-05-22,영주,619.3,25.6,월
2023-05-23,영주,627.3,29.5,화
2023-05-24,영주,642.6,27.9,수
2023-05-25,영주,632.7,22.1,목
2023-05-26,영주,556.0,26.2,금
2023-05-27,영주,588.6,28.5,토
2023-05-28,영주,577.0,27.2,일
2023-05-29,영주,652.2,30.7,월
2023-05-30,영주,634.7,30.8,화
2023-05-31,영주,563.0,27.7,수
2023-06-01,영주,366.4,32.5,목
2023-06-02,영주,379.1,37.3,금
2023-06-03,영주,353.7,33.2,토
2023-06-04,영주,373.4,33.1,일
2023-06-05,영주,386.2,31.7,월
2023-06-06,영주,357.3,31.5,화
2023-06-07,영주,381.8,31.8,수
2023-06-08,영주,369.3,32.1,목
2023-06-09,영주,380.9,30.2,금
2023-06-10,영주,357.3,30.0,토
2023-06-11,영주,319.2,33.2,일
2023-06-12,영주,368.1,32.4,월
2023-06-13,영주,408.1,33.6,화
2023-06-14,영주,384.7,29.2,수
2023-06-15,영주,395.3,32.7,목
2023-06-16,영주,368.1,33.4,금
2023-06-17,영주,330.5,32.4,토
2023-06-18,영주,344.6,35.1,일
2023-06-19,영주,381.3,36.8,월
2023-06-20,영주,353.6,31.6,화
2023-06-21,영주,352.2,29.4,수
2023-06-22,영주,392.2,33.5,목
2023-06-23,영주,399.6,29.8,금
2023-06-24,영주,346.8,32.0,토
2023-06-25,영주,359.7,36.2,일
2023-06-26,영주,365.5,32.5,월
2023-06-27,영주,368.7,28.7,화
2023-06-28,영주,363.6,32.6,수
2023-06-29,영주,384.0,32.7,목
2023-06-30,영주,370.1,32.5,금
2023-07-01,영주,281.5,35.3,토
2023-07-02,영주,294.8,32.8,일
2023-07-03,영주,306.3,34.8,월
2023-07-04,영주,309.6,36.4,화
2023-07-05,영주,310.4,36.9,수
2023-07-06,영주,311.5,33.8,목
2023-07-07,영주,307.7,32.7,금
2023-07-08,영주,272.5,34.9,토
2023-07-09,영주,249.5,34.7,일
2023-07-10,영주,307.4,33.9,월
2023-07-11,영주,290.3,35.3,화
2023-07-12,영주,292.7,37.5,수
2023-07-13,영주,312.5,36.9,목
2023-07-14,영주,333.2,33.7,금
2023-07-15,영주,288.1,32.6,토
2023-07-16,영주,266.2,37.0,일
2023-07-17,영주,302.2,37.8,월
2023-07-18,영주,310.0,35.6,화
2023-07-19,영주,318.4,34.7,수
2023-07-20,영주,279.2,36.6,목
2023-07-21,영주,280.6,37.6,금
2023-07-22,영주,290.9,37.1,토
2023-07-23,영주,269.7,32.8,일
2023-07-24,영주,302.7,32.8,월
2023-07-25,영주,317.9,34.4,화
2023-07-26,영주,327.4,37.6,수
2023-07-27,영주,302.8,33.9,목
2023-07-28,영주,293.7,31.6,금
2023-07-29,영주,297.6,36.9,토
2023-07-30,영주,267.2,32.5,일
2023-07-31,영주,310.3,34.9,월
2023-08-01,영주,390.6,31.4,화
2023-08-02,영주,382.2,32.0,수
2023-08-03,영주,382.6,34.1,목
2023-08-04,영주,380.4,32.1,금
2023-08-05,영주,337.9,32.8,토
2023-08-06,영주,371.8,32.5,일
2023-08-07,영주,376.8,34.1,월
2023-08-08,영주,376.1,34.4,화
2023-08-09,영주,389.6,35.3,수
2023-08-10,영주,391.1,32.8,목
2023-08-11,영주,361.0,29.8,금
2023-08-12,영주,346.7,30.6,토
2023-08-13,영주,382.7,36.5,일
2023-08-14,영주,392.1,34.3,월
2023-08-15,영주,372.1,29.4,화
2023-08-16,영주,370.6,31.4,수
2023-08-17,영주,373.5,32.7,목
2023-08-18,영주,396.8,29.0,금
2023-08-19,영주,348.4,30.8,토
2023-08-20,영주,328.4,37.1,일
2023-08-21,영주,377.0,27.9,월
2023-08-22,영주,420.0,35.2,화
2023-08-23,영주,392.0,30.5,수
2023-08-24,영주,380.5,32.1,목
2023-08-25,영주,353.8,38.3,금
2023-08-26,영주,352.3,33.5,토
2023-08-27,영주,345.9,35.2,일
2023-08-28,영주,375.0,33.6,월
2023-08-29,영주,375.9,33.5,화
2023-08-30,영주,375.4,34.2,수
2023-08-31,영주,381.9,33.7,목
2023-09-01,영주,610.4,29.8,금
2023-09-02,영주,585.6,24.0,토
2023-09-03,영주,532.8,25.7,일
2023-09-04,영주,654.1,26.3,월
2023-09-05,영주,708.0,23.2,화
2023-09-06,영주,618.8,29.6,수
2023-09-07,영주,620.7,27.4,목
2023-09-08,영주,631.7,28.5,금
2023-09-09,영주,553.3,28.6,토
2023-09-10,영주,546.6,27.1,일
2023-09-11,영주,646.7,27.1,월
2023-09-12,영주,522.0,28.7,화
2023-09-13,영주,618.0,28.8,수
2023-09-14,영주,600.1,27.5,목
2023-09-15,영주,641.0,29.7,금
2023-09-16,영주,562.0,26.0,토
2023-09-17,영주,512.8,25.6,일
2023-09-18,영주,638.4,26.2,월
2023-09-19,영주,627.7,29.4,화
2023-09-20,영주,627.8,29.0,수
2023-09-21,영주,625.2,26.2,목
2023-09-22,영주,635.1,29.1,금
2023-09-23,영주,570.3,29.9,토
2023-09-24,영주,580.3,28.2,일
2023-09-25,영주,585.0,27.4,월
2023-09-26,영주,589.2,27.2,화
2023-09-27,영주,607.6,26.1,수
2023-09-28,영주,602.6,25.9,목
2023-09-29,영주,618.5,23.7,금
2023-09-30,영주,528.3,27.5,토
2023-10-01,영주,864.9,21.3,일
2023-10-02,영주,883.0,16.8,월
2023-10-03,영주,874.9,18.5,화
2023-10-04,영주,909.1,21.7,수
2023-10-05,영주,826.0,19.5,목
2023-10-06,영주,861.1,21.3,금
2023-10-07,영주,837.7,20.1,토
2023-10-08,영주,772.1,22.7,일
2023-10-09,영주,926.4,14.0,월
2023-10-10,영주,974.9,23.6,화
2023-10-11,영주,895.4,20.4,수
2023-10-12,영주,873.3,21.6,목
2023-10-13,영주,941.2,21.0,금
2023-10-14,영주,940.2,22.1,토
2023-10-15,영주,805.2,20.8,일
2023-10-16,영주,836.8,19.9,월
2023-10-17,영주,899.2,18.6,화
2023-10-18,영주,925.0,19.0,수
2023-10-19,영주,969.5,18.4,목
2023-10-20,영주,917.6,20.0,금
2023-10-21,영주,832.6,19.3,토
2023-10-22,영주,790.4,21.7,일
2023-10-23,영주,904.1,18.7,월
2023-10-24,영주,880.4,17.3,화
2023-10-25,영주,958.1,19.0,수
2023-10-26,영주,926.9,20.5,목
2023-10-27,영주,911.7,21.7,금
2023-10-28,영주,821.9,20.8,토
2023-10-29,영주,802.1,20.5,일
2023-10-30,영주,911.8,15.1,월
2023-10-31,영주,960.5,22.8,화
2023-11-01,영주,1462.1,14.4,수
2023-11-02,영주,1390.6,12.7,목
2023-11-03,영주,1355.2,11.3,금
2023-11-04,영주,1313.9,13.7,토
2023-11-05,영주,1211.4,12.2,일
2023-11-06,영주,1418.4,12.5,월
2023-11-07,영주,1218.9,9.6,화
2023-11-08,영주,1293.0,11.4,수
2023-11-09,영주,1366.8,11.5,목
2023-11-10,영주,1477.0,11.6,금
2023-11-11,영주,1257.9,13.2,토
2023-11-12,영주,1168.7,13.7,일
2023-11-13,영주,1371.8,14.6,월
2023-11-14,영주,1303.2,13.8,화
2023-11-15,영주,1433.3,9.4,수
2023-11-16,영주,1314.9,13.3,목
2023-11-17,영주,1454.5,10.8,금
2023-11-18,영주,1341.1,10.1,토
2023-11-19,영주,1278.9,10.7,일
2023-11-20,영주,1418.5,11.8,월
2023-11-21,영주,1365.8,11.4,화
2023-11-22,영주,1308.0,12.6,수
2023-11-23,영주,1341.7,14.0,목
2023-11-24,영주,1308.5,12.0,금
2023-11-25,영주,1227.5,7.4,토
2023-11-26,영주,1287.9,17.3,일
2023-11-27,영주,1358.9,12.5,월
2023-11-28,영주,1414.7,12.5,화
2023-11-29,영주,1453.7,10.1,수
2023-11-30,영주,1426.4,13.9,목
2023-12-01,영주,1837.8,7.9,금
2023-12-02,영주,1701.3,8.4,토
2023-12-03,영주,1605.0,6.3,일
2023-12-04,영주,1978.2,7.2,월
2023-12-05,영주,1701.3,4.5,화
2023-12-06,영주,1840.7,7.3,수
2023-12-07,영주,1858.4,7.4,목
2023-12-08,영주,1972.8,6.6,금
2023-12-09,영주,1583.9,3.8,토
2023-12-10,영주,1516.6,6.8,일
2023-12-11,영주,1988.5,6.7,월
2023-12-12,영주,1857.2,7.1,화
2023-12-13,영주,1779.4,4.5,수
2023-12-14,영주,1806.8,6.3,목
2023-12-15,영주,1887.2,9.6,금
2023-12-16,영주,1672.8,4.8,토
2023-12-17,영주,1746.6,8.0,일
2023-12-18,영주,1742.8,10.2,월
2023-12-19,영주,1720.6,5.4,화
2023-12-20,영주,1878.8,6.5,수
2023-12-21,영주,1829.0,9.0,목
2023-12-22,영주,1849.9,6.4,금
2023-12-23,영주,1825.0,5.3,토
2023-12-24,영주,1667.7,3.8,일
2023-12-25,영주,1836.6,11.1,월
2023-12-26,영주,1803.2,6.6,화
2023-12-27,영주,1962.0,6.6,수
2023-12-28,영주,1976.8,2.6,목
2023-12-29,영주,1811.5,4.2,금
2023-12-30,영주,1701.0,6.2,토
2023-12-31,영주,1690.6,3.8,일
2024-01-01,영주,1782.1,9.0,월
2024-01-02,영주,1849.2,5.4,화
2024-01-03,영주,1914.3,5.9,수
2024-01-04,영주,1959.2,3.7,목
2024-01-05,영주,1894.2,8.6,금
2024-01-06,영주,1609.9,6.4,토
2024-01-07,영주,1761.9,3.1,일
2024-01-08,영주,1946.5,8.0,월
2024-01-09,영주,1912.4,4.4,화
2024-01-10,영주,1970.3,2.5,수
2024-01-11,영주,1869.3,6.8,목
2024-01-12,영주,1937.9,4.1,금
2024-01-13,영주,1715.6,4.1,토
2024-01-14,영주,1700.0,9.2,일
2024-01-15,영주,1850.6,4.3,월
2024-01-16,영주,1895.2,6.5,화
2024-01-17,영주,2038.8,3.7,수
2024-01-18,영주,1855.1,7.8,목
2024-01-19,영주,2008.8,1.3,금
2024-01-20,영주,1789.3,3.6,토
2024-01-21,영주,1798.1,1.1,일
2024-01-22,영주,1982.4,2.6,월
2024-01-23,영주,1821.3,5.0,화
2024-01-24,영주,1978.1,4.2,수
2024-01-25,영주,1968.4,5.2,목
2024-01-26,영주,1762.9,9.0,금
2024-01-27,영주,1730.2,8.2,토
2024-01-28,영주,1606.8,3.2,일
2024-01-29,영주,2000.6,4.6,월
2024-01-30,영주,2057.0,4.7,화
2024-01-31,영주,1911.3,2.1,수
2024-02-01,영주,1791.5,4.5,목
2024-02-02,영주,1722.5,8.8,금
2024-02-03,영주,1599.3,1.8,토
2024-02-04,영주,1615.6,7.9,일
2024-02-05,영주,1665.3,9.5,월
2024-02-06,영주,1864.4,8.4,화
2024-02-07,영주,1787.6,3.5,수
2024-02-08,영주,1752.3,6.0,목
2024-02-09,영주,1716.6,7.7,금
2024-02-10,영주,1586.3,5.7,토
2024-02-11,영주,1497.6,4.8,일
2024-02-12,영주,1658.4,8.4,월
2024-02-13,영주,1800.2,8.3,화
2024-02-14,영주,1699.9,3.6,수
2024-02-15,영주,1673.2,9.4,목
2024-02-16,영주,1800.1,6.1,금
2024-02-17,영주,1563.6,8.6,토
2024-02-18,영주,1696.2,5.8,일
2024-02-19,영주,1845.6,10.5,월
2024-02-20,영주,1688.4,7.2,화
2024-02-21,영주,1805.5,5.3,수
2024-02-22,영주,1882.8,7.8,목
2024-02-23,영주,1627.3,8.3,금
2024-02-24,영주,1504.5,9.1,토
2024-02-25,영주,1603.4,6.2,일
2024-02-26,영주,2033.1,11.0,월
2024-02-27,영주,1743.4,8.2,화
2024-02-28,영주,1837.6,8.1,수
2024-02-29,영주,1917.4,6.4,목
2024-03-01,영주,1254.5,13.0,금
2024-03-02,영주,1124.8,13.8,토
2024-03-03,영주,1067.6,14.2,일
2024-03-04,영주,1156.7,11.4,월
2024-03-05,영주,1271.7,13.4,화
2024-03-06,영주,1326.5,13.4,수
2024-03-07,영주,1264.9,12.5,목
2024-03-08,영주,1200.3,10.3,금
2024-03-09,영주,1148.4,13.9,토
2024-03-10,영주,1097.7,11.9,일
2024-03-11,영주,1202.1,9.5,월
2024-03-12,영주,1259.2,14.3,화
2024-03-13,영주,1227.0,13.5,수
2024-03-14,영주,1183.6,12.5,목
2024-03-15,영주,1249.8,13.9,금
2024-03-16,영주,1072.6,13.5,토
2024-03-17,영주,1162.0,8.2,일
2024-03-18,영주,1171.2,11.5,월
2024-03-19,영주,1200.0,13.9,화
2024-03-20,영주,1261.8,14.6,수
2024-03-21,영주,1140.4,13.9,목
2024-03-22,영주,1240.0,14.9,금
2024-03-23,영주,1109.5,11.8,토
2024-03-24,영주,1124.1,8.9,일
2024-03-25,영주,1141.2,10.4,월
2024-03-26,영주,1292.1,9.5,화
2024-03-27,영주,1317.9,11.2,수
2024-03-28,영주,1119.5,11.4,목
2024-03-29,영주,1299.6,10.3,금
2024-03-30,영주,1071.4,12.2,토
2024-03-31,영주,1129.2,12.8,일
2024-04-01,영주,902.4,22.2,월
2024-04-02,영주,785.7,19.3,화
2024-04-03,영주,852.5,19.2,수
2024-04-04,영주,801.2,18.1,목
2024-04-05,영주,839.5,20.7,금
2024-04-06,영주,728.6,20.1,토
2024-04-07,영주,722.4,19.5,일
2024-04-08,영주,885.1,21.8,월
2024-04-09,영주,802.4,16.3,화
2024-04-10,영주,814.2,17.0,수
2024-04-11,영주,780.5,19.8,목
2024-04-12,영주,799.3,18.2,금
2024-04-13,영주,760.0,20.4,토
2024-04-14,영주,764.0,18.6,일
2024-04-15,영주,830.1,18.9,월
2024-04-16,영주,897.9,23.3,화
2024-04-17,영주,876.4,17.4,수
2024-04-18,영주,793.2,21.6,목
2024-04-19,영주,906.2,21.6,금
2024-04-20,영주,722.6,17.8,토
2024-04-21,영주,767.6,22.0,일
2024-04-22,영주,855.8,21.1,월
2024-04-23,영주,785.7,20.8,화
2024-04-24,영주,890.7,22.1,수
2024-04-25,영주,839.7,19.5,목
2024-04-26,영주,863.1,16.9,금
2024-04-27,영주,755.0,21.1,토
2024-04-28,영주,744.7,22.2,일
2024-04-29,영주,798.6,21.1,월
2024-04-30,영주,834.2,20.0,화
2024-05-01,영주,600.7,28.0,수
2024-05-02,영주,637.3,27.2,목
2024-05-03,영주,562.8,26.6,금
2024-05-04,영주,588.8,31.0,토
2024-05-05,영주,569.8,24.9,일
2024-05-06,영주,620.1,26.5,월
2024-05-07,영주,604.8,28.1,화
2024-05-08,영주,590.9,25.9,수
2024-05-09,영주,586.5,25.7,목
2024-05-10,영주,590.1,27.4,금
2024-05-11,영주,591.8,28.9,토
2024-05-12,영주,557.4,26.3,일
2024-05-13,영주,626.4,28.5,월
2024-05-14,영주,634.7,27.7,화
2024-05-15,영주,574.1,28.5,수
2024-05-16,영주,639.2,29.2,목
2024-05-17,영주,613.2,26.0,금
2024-05-18,영주,545.0,28.9,토
2024-05-19,영주,615.9,29.6,일
2024-05-20,영주,569.7,25.9,월
2024-05-21,영주,634.1,28.1,화
2024-05-22,영주,656.5,27.0,수
2024-05-23,영주,633.2,24.8,목
2024-05-24,영주,664.6,26.3,금
2024-05-25,영주,529.7,31.5,토
2024-05-26,영주,574.5,26.4,일
2024-05-27,영주,610.6,26.7,월
2024-05-28,영주,553.3,27.6,화
2024-05-29,영주,590.9,27.5,수
2024-05-30,영주,656.2,26.5,목
2024-05-31,영주,636.9,25.0,금
2024-06-01,영주,339.4,32.4,토
2024-06-02,영주,350.1,34.6,일
2024-06-03,영주,401.0,34.1,월
2024-06-04,영주,370.8,32.3,화
2024-06-05,영주,366.7,30.8,수
2024-06-06,영주,406.3,38.9,목
2024-06-07,영주,357.2,30.3,금
2024-06-08,영주,353.7,34.0,토
2024-06-09,영주,339.9,34.1,일
2024-06-10,영주,388.8,32.7,월
2024-06-11,영주,340.1,33.2,화
2024-06-12,영주,366.2,32.5,수
2024-06-13,영주,439.6,33.3,목
2024-06-14,영주,376.5,33.7,금
2024-06-15,영주,352.6,34.8,토
2024-06-16,영주,354.7,33.8,일
2024-06-17,영주,360.9,37.1,월
2024-06-18,영주,364.8,33.9,화
2024-06-19,영주,364.9,34.1,수
2024-06-20,영주,376.9,32.2,목
2024-06-21,영주,400.1,34.9,금
2024-06-22,영주,345.2,30.5,토
2024-06-23,영주,322.6,31.6,일
2024-06-24,영주,376.6,32.6,월
2024-06-25,영주,390.8,37.8,화
2024-06-26,영주,371.7,30.2,수
2024-06-27,영주,422.4,35.0,목
2024-06-28,영주,346.5,29.8,금
2024-06-29,영주,351.0,36.7,토
2024-06-30,영주,353.5,31.3,일
2024-07-01,영주,306.1,29.7,월
2024-07-02,영주,320.1,35.7,화
2024-07-03,영주,307.3,33.0,수
2024-07-04,영주,309.9,33.1,목
2024-07-05,영주,299.8,33.2,금
2024-07-06,영주,284.4,33.0,토
2024-07-07,영주,272.2,36.7,일
2024-07-08,영주,283.8,35.1,월
2024-07-09,영주,305.2,34.4,화
2024-07-10,영주,289.0,40.2,수
2024-07-11,영주,321.3,37.9,목
2024-07-12,영주,332.9,35.6,금
2024-07-13,영주,280.8,35.7,토
2024-07-14,영주,292.2,34.9,일
2024-07-15,영주,296.4,37.2,월
2024-07-16,영주,302.9,32.4,화
2024-07-17,영주,305.0,33.4,수
2024-07-18,영주,299.0,37.5,목
2024-07-19,영주,306.9,34.9,금
2024-07-20,영주,244.5,36.7,토
2024-07-21,영주,278.3,33.8,일
2024-07-22,영주,298.5,37.4,월
2024-07-23,영주,315.5,31.2,화
2024-07-24,영주,287.8,33.7,수
2024-07-25,영주,303.2,33.8,목
2024-07-26,영주,272.3,33.8,금
2024-07-27,영주,293.0,36.8,토
2024-07-28,영주,259.7,36.3,일
2024-07-29,영주,305.9,34.6,월
2024-07-30,영주,316.2,36.2,화
2024-07-31,영주,307.3,33.5,수
2024-08-01,영주,410.3,33.9,목
2024-08-02,영주,397.6,34.4,금
2024-08-03,영주,368.5,33.2,토
2024-08-04,영주,329.4,33.8,일
2024-08-05,영주,395.8,35.8,월
2024-08-06,영주,373.3,32.1,화
2024-08-07,영주,391.4,33.6,수
2024-08-08,영주,388.5,33.4,목
2024-08-09,영주,403.0,36.4,금
2024-08-10,영주,360.5,33.4,토
2024-08-11,영주,351.1,30.9,일
2024-08-12,영주,378.3,36.6,월
2024-08-13,영주,370.0,31.3,화
2024-08-14,영주,367.5,30.8,수
2024-08-15,영주,355.6,32.2,목
2024-08-16,영주,399.8,33.0,금
2024-08-17,영주,370.4,31.2,토
2024-08-18,영주,362.0,34.0,일
2024-08-19,영주,398.8,31.7,월
2024-08-20,영주,399.5,30.8,화
2024-08-21,영주,393.1,33.3,수
2024-08-22,영주,365.4,30.6,목
2024-08-23,영주,364.4,34.2,금
2024-08-24,영주,320.7,33.9,토
2024-08-25,영주,323.0,34.7,일
2024-08-26,영주,394.5,34.1,월
2024-08-27,영주,393.6,31.6,화
2024-08-28,영주,372.2,33.5,수
2024-08-29,영주,345.0,31.0,목
2024-08-30,영주,352.6,33.7,금
2024-08-31,영주,339.7,33.2,토
2024-09-01,영주,542.5,28.9,일
2024-09-02,영주,634.4,26.8,월
2024-09-03,영주,621.7,28.2,화
2024-09-04,영주,565.0,28.4,수
2024-09-05,영주,630.7,29.0,목
2024-09-06,영주,604.5,25.5,금
2024-09-07,영주,547.1,27.4,토
2024-09-08,영주,590.2,28.2,일
2024-09-09,영주,571.8,29.7,월
2024-09-10,영주,652.7,28.7,화
2024-09-11,영주,645.4,28.3,수
2024-09-12,영주,643.3,31.5,목
2024-09-13,영주,644.0,28.0,금
2024-09-14,영주,551.5,27.8,토
2024-09-15,영주,593.9,26.8,일
2024-09-16,영주,658.9,25.9,월
2024-09-17,영주,569.2,28.5,화
2024-09-18,영주,547.7,28.2,수
2024-09-19,영주,639.1,28.8,목
2024-09-20,영주,615.8,26.3,금
2024-09-21,영주,536.9,31.4,토
2024-09-22,영주,591.6,25.4,일
2024-09-23,영주,612.1,31.4,월
2024-09-24,영주,653.0,29.5,화
2024-09-25,영주,597.1,26.0,수
2024-09-26,영주,663.6,30.0,목
2024-09-27,영주,585.1,28.6,금
2024-09-28,영주,536.2,31.5,토
2024-09-29,영주,560.2,26.8,일
2024-09-30,영주,638.1,30.6,월
2024-10-01,영주,939.3,20.8,화
2024-10-02,영주,943.6,20.1,수
2024-10-03,영주,904.4,14.9,목
2024-10-04,영주,865.2,20.5,금
2024-10-05,영주,817.8,20.8,토
2024-10-06,영주,891.2,23.5,일
2024-10-07,영주,911.1,19.1,월
2024-10-08,영주,897.3,19.9,화
2024-10-09,영주,883.2,20.4,수
2024-10-10,영주,946.6,17.7,목
2024-10-11,영주,881.1,21.3,금
2024-10-12,영주,800.1,21.8,토
2024-10-13,영주,860.1,20.5,일
2024-10-14,영주,938.9,19.9,월
2024-10-15,영주,909.0,19.0,화
2024-10-16,영주,883.7,19.6,수
2024-10-17,영주,846.9,19.6,목
2024-10-18,영주,904.9,19.0,금
2024-10-19,영주,816.2,19.5,토
2024-10-20,영주,846.0,19.9,일
2024-10-21,영주,888.2,21.7,월
2024-10-22,영주,870.2,17.6,화
2024-10-23,영주,901.8,19.0,수
2024-10-24,영주,858.5,18.5,목
2024-10-25,영주,926.3,19.1,금
2024-10-26,영주,803.2,21.2,토
2024-10-27,영주,787.9,19.2,일
2024-10-28,영주,879.1,19.9,월
2024-10-29,영주,836.0,21.1,화
2024-10-30,영주,931.8,19.3,수
2024-10-31,영주,1041.6,20.4,목
2024-11-01,영주,1307.9,13.2,금
2024-11-02,영주,1129.2,12.3,토
2024-11-03,영주,1187.7,12.3,일
2024-11-04,영주,1339.2,14.3,월
2024-11-05,영주,1333.2,12.3,화
2024-11-06,영주,1354.9,16.0,수
2024-11-07,영주,1433.1,16.2,목
2024-11-08,영주,1402.4,13.5,금
2024-11-09,영주,1119.9,13.3,토
2024-11-10,영주,1291.7,11.9,일
2024-11-11,영주,1280.3,12.4,월
2024-11-12,영주,1494.3,12.4,화
2024-11-13,영주,1372.7,15.0,수
2024-11-14,영주,1351.8,14.4,목
2024-11-15,영주,1313.4,9.1,금
2024-11-16,영주,1222.3,15.6,토
2024-11-17,영주,1220.7,12.0,일
2024-11-18,영주,1488.9,16.3,월
2024-11-19,영주,1366.0,16.9,화
2024-11-20,영주,1272.6,13.1,수
2024-11-21,영주,1296.6,15.5,목
2024-11-22,영주,1301.5,12.9,금
2024-11-23,영주,1187.4,11.3,토
2024-11-24,영주,1205.9,11.3,일
2024-11-25,영주,1434.4,11.4,월
2024-11-26,영주,1392.2,10.3,화
2024-11-27,영주,1341.7,14.9,수
2024-11-28,영주,1361.1,11.1,목
2024-11-29,영주,1390.4,14.9,금
2024-11-30,영주,1269.3,11.4,토
2024-12-01,영주,1708.7,4.8,일
2024-12-02,영주,1807.7,7.8,월
2024-12-03,영주,1754.6,5.3,화
2024-12-04,영주,1948.8,8.1,수
2024-12-05,영주,1878.1,5.7,목
2024-12-06,영주,1782.3,2.8,금
2024-12-07,영주,1577.2,6.9,토
2024-12-08,영주,1597.2,5.1,일
2024-12-09,영주,1818.8,7.6,월
2024-12-10,영주,1641.3,2.5,화
2024-12-11,영주,1878.0,5.8,수
2024-12-12,영주,1790.1,1.5,목
2024-12-13,영주,1963.4,6.0,금
2024-12-14,영주,1684.0,6.2,토
2024-12-15,영주,1476.4,7.3,일
2024-12-16,영주,1855.8,8.5,월
2024-12-17,영주,2196.4,8.0,화
2024-12-18,영주,1994.3,2.8,수
2024-12-19,영주,1862.4,6.4,목
2024-12-20,영주,1797.1,6.9,금
2024-12-21,영주,1679.6,5.9,토
2024-12-22,영주,1714.4,4.0,일
2024-12-23,영주,1732.3,6.2,월
2024-12-24,영주,1951.4,6.1,화
2024-12-25,영주,1868.9,5.9,수
2024-12-26,영주,1905.6,5.5,목
2024-12-27,영주,2005.7,8.4,금
2024-12-28,영주,1707.6,6.7,토
2024-12-29,영주,1759.5,7.2,일
2024-12-30,영주,1904.4,5.6,월
2024-12-31,영주,1830.1,6.6,화
2023-01-01,군위,546.8,5.2,일
2023-01-02,군위,606.4,4.8,월
2023-01-03,군위,629.6,8.2,화
2023-01-04,군위,586.3,6.7,수
2023-01-05,군위,628.7,3.2,목
2023-01-06,군위,644.2,6.8,금
2023-01-07,군위,533.8,3.8,토
2023-01-08,군위,529.4,1.7,일
2023-01-09,군위,586.0,7.0,월
2023-01-10,군위,594.3,6.3,화
2023-01-11,군위,565.6,5.6,수
2023-01-12,군위,510.3,5.2,목
2023-01-13,군위,551.1,4.6,금
2023-01-14,군위,561.0,7.4,토
2023-01-15,군위,581.1,5.9,일
2023-01-16,군위,652.4,3.1,월
2023-01-17,군위,592.9,6.9,화
2023-01-18,군위,566.8,7.3,수
2023-01-19,군위,581.7,3.4,목
2023-01-20,군위,568.3,3.9,금
2023-01-21,군위,533.0,7.4,토
2023-01-22,군위,524.6,5.7,일
2023-01-23,군위,608.1,1.4,월
2023-01-24,군위,597.9,1.2,화
2023-01-25,군위,659.6,2.3,수
2023-01-26,군위,603.2,6.8,목
2023-01-27,군위,574.6,7.5,금
2023-01-28,군위,545.4,6.1,토
2023-01-29,군위,574.4,5.5,일
2023-01-30,군위,608.7,6.5,월
2023-01-31,군위,571.2,1.7,화
2023-02-01,군위,554.6,6.8,수
2023-02-02,군위,618.6,4.7,목
2023-02-03,군위,568.6,10.0,금
2023-02-04,군위,491.5,7.2,토
2023-02-05,군위,498.7,5.1,일
2023-02-06,군위,517.7,7.5,월
2023-02-07,군위,547.7,7.7,화
2023-02-08,군위,528.3,3.2,수
2023-02-09,군위,604.1,6.2,목
2023-02-10,군위,515.1,8.1,금
2023-02-11,군위,458.4,8.0,토
2023-02-12,군위,485.1,9.2,일
2023-02-13,군위,588.6,6.8,월
2023-02-14,군위,513.4,4.4,화
2023-02-15,군위,580.7,5.8,수
2023-02-16,군위,473.8,4.0,목
2023-02-17,군위,567.2,6.1,금
2023-02-18,군위,485.3,9.4,토
2023-02-19,군위,525.5,6.2,일
2023-02-20,군위,541.3,3.3,월
2023-02-21,군위,564.4,7.4,화
2023-02-22,군위,553.0,6.0,수
2023-02-23,군위,533.8,2.0,목
2023-02-24,군위,524.9,7.9,금
2023-02-25,군위,507.9,7.1,토
2023-02-26,군위,501.0,6.3,일
2023-02-27,군위,546.3,5.1,월
2023-02-28,군위,556.3,8.2,화
2023-03-01,군위,388.3,11.3,수
2023-03-02,군위,344.6,13.9,목
2023-03-03,군위,377.5,14.8,금
2023-03-04,군위,366.3,13.4,토
2023-03-05,군위,333.3,9.8,일
2023-03-06,군위,369.0,11.9,월
2023-03-07,군위,367.5,16.0,화
2023-03-08,군위,387.9,11.4,수
2023-03-09,군위,376.4,10.1,목
2023-03-10,군위,377.6,13.1,금
2023-03-11,군위,336.5,12.3,토
2023-03-12,군위,351.2,9.5,일
2023-03-13,군위,384.4,16.0,월
2023-03-14,군위,397.3,13.0,화
2023-03-15,군위,416.7,10.0,수
2023-03-16,군위,415.3,12.9,목
2023-03-17,군위,418.9,11.0,금
2023-03-18,군위,355.2,14.1,토
2023-03-19,군위,341.3,13.0,일
2023-03-20,군위,386.7,14.9,월
2023-03-21,군위,362.6,8.6,화
2023-03-22,군위,390.0,12.1,수
2023-03-23,군위,407.4,12.4,목
2023-03-24,군위,386.8,8.6,금
2023-03-25,군위,358.7,8.9,토
2023-03-26,군위,352.9,12.3,일
2023-03-27,군위,408.6,10.8,월
2023-03-28,군위,395.2,14.6,화
2023-03-29,군위,395.1,12.2,수
2023-03-30,군위,400.4,11.1,목
2023-03-31,군위,404.6,15.8,금
2023-04-01,군위,241.9,18.5,토
2023-04-02,군위,244.4,17.4,일
2023-04-03,군위,239.3,20.9,월
2023-04-04,군위,260.3,17.7,화
2023-04-05,군위,248.0,19.4,수
2023-04-06,군위,267.3,20.8,목
2023-04-07,군위,254.0,19.6,금
2023-04-08,군위,257.3,22.1,토
2023-04-09,군위,230.3,19.0,일
2023-04-10,군위,259.3,21.0,월
2023-04-11,군위,273.8,19.7,화
2023-04-12,군위,281.4,16.2,수
2023-04-13,군위,258.6,20.1,목
2023-04-14,군위,263.5,19.8,금
2023-04-15,군위,255.4,16.5,토
2023-04-16,군위,242.9,20.1,일
2023-04-17,군위,250.5,21.9,월
2023-04-18,군위,260.5,20.9,화
2023-04-19,군위,235.9,21.7,수
2023-04-20,군위,256.0,19.8,목
2023-04-21,군위,270.2,20.9,금
2023-04-22,군위,229.1,18.6,토
2023-04-23,군위,226.9,19.8,일
2023-04-24,군위,259.1,21.7,월
2023-04-25,군위,259.1,14.2,화
2023-04-26,군위,242.5,17.9,수
2023-04-27,군위,265.4,17.5,목
2023-04-28,군위,268.1,22.7,금
2023-04-29,군위,243.0,18.8,토
2023-04-30,군위,229.3,19.1,일
2023-05-01,군위,175.2,25.2,월
2023-05-02,군위,193.5,26.7,화
2023-05-03,군위,188.0,27.3,수
2023-05-04,군위,197.8,25.6,목
2023-05-05,군위,199.4,24.9,금
2023-05-06,군위,166.3,25.5,토
2023-05-07,군위,168.5,24.6,일
2023-05-08,군위,197.0,29.5,월
2023-05-09,군위,197.0,29.5,화
2023-05-10,군위,188.8,25.3,수
2023-05-11,군위,204.8,25.9,목
2023-05-12,군위,200.6,25.1,금
2023-05-13,군위,188.6,29.3,토
2023-05-14,군위,179.0,26.7,일
2023-05-15,군위,186.1,32.1,월
2023-05-16,군위,174.0,24.4,화
2023-05-17,군위,173.9,28.9,수
2023-05-18,군위,196.2,26.8,목
2023-05-19,군위,196.1,27.9,금
2023-05-20,군위,183.8,27.9,토
2023-05-21,군위,167.0,25.6,일
2023-05-22,군위,200.0,26.0,월
2023-05-23,군위,196.3,29.3,화
2023-05-24,군위,180.7,29.9,수
2023-05-25,군위,206.6,30.8,목
2023-05-26,군위,209.1,29.0,금
2023-05-27,군위,168.3,24.2,토
2023-05-28,군위,179.0,26.0,일
2023-05-29,군위,199.3,25.4,월
2023-05-30,군위,198.7,30.2,화
2023-05-31,군위,182.5,28.1,수
2023-06-01,군위,127.5,31.3,목
2023-06-02,군위,119.8,34.5,금
2023-06-03,군위,97.1,32.2,토
2023-06-04,군위,118.3,30.8,일
2023-06-05,군위,121.1,30.4,월
2023-06-06,군위,112.5,35.0,화
2023-06-07,군위,125.6,33.4,수
2023-06-08,군위,137.2,33.0,목
2023-06-09,군위,126.4,29.7,금
2023-06-10,군위,112.2,32.6,토
2023-06-11,군위,104.0,33.9,일
2023-06-12,군위,108.9,33.4,월
2023-06-13,군위,121.8,34.2,화
2023-06-14,군위,126.3,34.3,수
2023-06-15,군위,120.9,33.7,목
2023-06-16,군위,115.7,31.2,금
2023-06-17,군위,115.8,35.4,토
2023-06-18,군위,108.2,32.5,일
2023-06-19,군위,127.0,31.2,월
2023-06-20,군위,131.6,34.3,화
2023-06-21,군위,117.7,31.2,수
2023-06-22,군위,123.9,33.5,목
2023-06-23,군위,114.8,32.6,금
2023-06-24,군위,111.9,34.8,토
2023-06-25,군위,115.3,31.2,일
2023-06-26,군위,120.8,35.3,월
2023-06-27,군위,123.3,33.1,화
2023-06-28,군위,120.2,31.3,수
2023-06-29,군위,125.3,28.7,목
2023-06-30,군위,129.0,29.9,금
2023-07-01,군위,85.5,34.3,토
2023-07-02,군위,85.2,33.7,일
2023-07-03,군위,84.1,37.8,월
2023-07-04,군위,97.6,37.6,화
2023-07-05,군위,90.8,32.6,수
2023-07-06,군위,91.5,38.4,목
2023-07-07,군위,101.5,32.7,금
2023-07-08,군위,82.3,35.7,토
2023-07-09,군위,82.0,35.4,일
2023-07-10,군위,101.1,37.2,월
2023-07-11,군위,97.7,36.1,화
2023-07-12,군위,96.0,38.5,수
2023-07-13,군위,98.2,32.6,목
2023-07-14,군위,91.1,39.2,금
2023-07-15,군위,88.2,34.3,토
2023-07-16,군위,82.2,34.9,일
2023-07-17,군위,107.1,37.2,월
2023-07-18,군위,91.7,35.4,화
2023-07-19,군위,97.2,31.9,수
2023-07-20,군위,98.3,37.2,목
2023-07-21,군위,93.2,35.0,금
2023-07-22,군위,90.0,32.8,토
2023-07-23,군위,79.7,36.8,일
2023-07-24,군위,98.8,38.2,월
2023-07-25,군위,89.6,37.8,화
2023-07-26,군위,95.3,32.3,수
2023-07-27,군위,104.6,36.0,목
2023-07-28,군위,94.8,36.4,금
2023-07-29,군위,91.7,32.9,토
2023-07-30,군위,93.4,33.1,일
2023-07-31,군위,103.6,34.4,월
2023-08-01,군위,119.2,34.3,화
2023-08-02,군위,118.0,32.0,수
2023-08-03,군위,120.5,33.8,목
2023-08-04,군위,119.0,31.8,금
2023-08-05,군위,96.5,33.1,토
2023-08-06,군위,102.7,33.9,일
2023-08-07,군위,109.9,30.7,월
2023-08-08,군위,111.9,29.4,화
2023-08-09,군위,131.7,31.6,수
2023-08-10,군위,121.1,31.9,목
2023-08-11,군위,120.8,33.8,금
2023-08-12,군위,101.5,32.8,토
2023-08-13,군위,117.8,35.9,일
2023-08-14,군위,113.9,29.6,월
2023-08-15,군위,114.2,32.4,화
2023-08-16,군위,115.6,34.0,수
2023-08-17,군위,127.1,37.3,목
2023-08-18,군위,126.2,33.4,금
2023-08-19,군위,105.0,35.2,토
2023-08-20,군위,108.4,31.4,일
2023-08-21,군위,120.8,34.7,월
2023-08-22,군위,115.2,29.8,화
2023-08-23,군위,119.5,32.8,수
2023-08-24,군위,111.7,36.9,목
2023-08-25,군위,128.9,34.0,금
2023-08-26,군위,105.8,37.5,토
2023-08-27,군위,111.1,34.0,일
2023-08-28,군위,119.4,33.4,월
2023-08-29,군위,104.8,33.9,화
2023-08-30,군위,120.8,34.4,수
2023-08-31,군위,132.3,32.5,목
2023-09-01,군위,188.1,26.2,금
2023-09-02,군위,165.6,31.5,토
2023-09-03,군위,171.5,26.4,일
2023-09-04,군위,194.0,29.2,월
2023-09-05,군위,186.9,24.9,화
2023-09-06,군위,191.3,26.3,수
2023-09-07,군위,196.0,28.4,목
2023-09-08,군위,202.2,23.9,금
2023-09-09,군위,184.8,28.0,토
2023-09-10,군위,182.3,28.4,일
2023-09-11,군위,204.9,28.4,월
2023-09-12,군위,191.1,28.5,화
2023-09-13,군위,200.5,32.0,수
2023-09-14,군위,179.7,28.6,목
2023-09-15,군위,194.8,24.9,금
2023-09-16,군위,167.5,27.8,토
2023-09-17,군위,186.5,27.8,일
2023-09-18,군위,181.0,28.9,월
2023-09-19,군위,184.3,27.3,화
2023-09-20,군위,188.0,26.7,수
2023-09-21,군위,180.0,26.5,목
2023-09-22,군위,186.6,27.2,금
2023-09-23,군위,190.5,21.6,토
2023-09-24,군위,169.5,29.7,일
2023-09-25,군위,180.8,27.5,월
2023-09-26,군위,210.2,30.9,화
2023-09-27,군위,201.8,27.8,수
2023-09-28,군위,179.2,27.9,목
2023-09-29,군위,193.3,26.7,금
2023-09-30,군위,170.9,26.6,토
2023-10-01,군위,258.2,19.8,일
2023-10-02,군위,272.7,20.1,월
2023-10-03,군위,269.5,18.6,화
2023-10-04,군위,257.7,22.0,수
2023-10-05,군위,308.0,22.3,목
2023-10-06,군위,250.5,19.4,금
2023-10-07,군위,258.4,19.3,토
2023-10-08,군위,252.5,18.0,일
2023-10-09,군위,297.6,23.1,월
2023-10-10,군위,265.0,18.2,화
2023-10-11,군위,284.9,19.3,수
2023-10-12,군위,280.3,21.0,목
2023-10-13,군위,315.9,21.0,금
2023-10-14,군위,258.6,21.6,토
2023-10-15,군위,254.6,19.6,일
2023-10-16,군위,279.0,22.4,월
2023-10-17,군위,288.7,20.1,화
2023-10-18,군위,268.2,19.0,수
2023-10-19,군위,287.1,20.6,목
2023-10-20,군위,280.3,21.0,금
2023-10-21,군위,247.8,22.4,토
2023-10-22,군위,236.6,23.4,일
2023-10-23,군위,294.8,20.9,월
2023-10-24,군위,294.1,18.4,화
2023-10-25,군위,256.1,22.6,수
2023-10-26,군위,252.1,21.0,목
2023-10-27,군위,311.5,18.1,금
2023-10-28,군위,244.0,18.8,토
2023-10-29,군위,286.0,19.6,일
2023-10-30,군위,272.9,16.3,월
2023-10-31,군위,314.8,23.0,화
2023-11-01,군위,405.2,12.3,수
2023-11-02,군위,466.4,16.7,목
2023-11-03,군위,414.5,13.9,금
2023-11-04,군위,385.7,12.4,토
2023-11-05,군위,417.0,13.2,일
2023-11-06,군위,408.7,14.3,월
2023-11-07,군위,438.8,15.3,화
2023-11-08,군위,463.7,13.9,수
2023-11-09,군위,431.2,10.3,목
2023-11-10,군위,398.1,11.4,금
2023-11-11,군위,437.6,13.2,토
2023-11-12,군위,388.2,8.8,일
2023-11-13,군위,434.7,13.8,월
2023-11-14,군위,403.9,12.3,화
2023-11-15,군위,415.7,13.0,수
2023-11-16,군위,457.8,8.1,목
2023-11-17,군위,433.1,14.4,금
2023-11-18,군위,409.7,13.0,토
2023-11-19,군위,406.4,12.9,일
2023-11-20,군위,460.3,11.9,월
2023-11-21,군위,436.2,13.1,화
2023-11-22,군위,438.2,10.0,수
2023-11-23,군위,418.2,10.8,목
2023-11-24,군위,409.0,10.9,금
2023-11-25,군위,414.7,16.7,토
2023-11-26,군위,365.0,16.3,일
2023-11-27,군위,404.1,12.6,월
2023-11-28,군위,412.2,11.1,화
2023-11-29,군위,423.4,15.0,수
2023-11-30,군위,445.0,14.6,목
2023-12-01,군위,533.4,11.6,금
2023-12-02,군위,548.1,9.5,토
2023-12-03,군위,544.5,5.1,일
2023-12-04,군위,569.4,7.7,월
2023-12-05,군위,555.3,5.4,화
2023-12-06,군위,576.0,11.1,수
2023-12-07,군위,553.2,8.6,목
2023-12-08,군위,607.2,5.4,금
2023-12-09,군위,507.6,4.3,토
2023-12-10,군위,521.3,7.1,일
2023-12-11,군위,587.4,6.7,월
2023-12-12,군위,597.2,8.4,화
2023-12-13,군위,567.8,5.0,수
2023-12-14,군위,601.8,9.4,목
2023-12-15,군위,586.1,4.3,금
2023-12-16,군위,519.6,3.1,토
2023-12-17,군위,493.8,10.8,일
2023-12-18,군위,598.0,5.3,월
2023-12-19,군위,557.8,3.9,화
2023-12-20,군위,557.7,8.2,수
2023-12-21,군위,597.4,6.5,목
2023-12-22,군위,583.7,7.9,금
2023-12-23,군위,528.0,6.3,토
2023-12-24,군위,530.3,6.8,일
2023-12-25,군위,570.7,6.0,월
2023-12-26,군위,575.0,5.0,화
2023-12-27,군위,543.9,5.4,수
2023-12-28,군위,582.1,7.5,목
2023-12-29,군위,563.6,8.6,금
2023-12-30,군위,532.7,7.8,토
2023-12-31,군위,497.0,7.9,일
2024-01-01,군위,610.9,5.3,월
2024-01-02,군위,537.4,5.0,화
2024-01-03,군위,666.4,5.3,수
2024-01-04,군위,578.2,4.3,목
2024-01-05,군위,609.4,5.7,금
2024-01-06,군위,506.0,7.4,토
2024-01-07,군위,555.9,6.5,일
2024-01-08,군위,610.2,4.7,월
2024-01-09,군위,626.2,7.1,화
2024-01-10,군위,624.6,2.7,수
2024-01-11,군위,602.2,4.9,목
2024-01-12,군위,595.5,5.1,금
2024-01-13,군위,537.7,7.4,토
2024-01-14,군위,529.4,2.8,일
2024-01-15,군위,636.9,5.4,월
2024-01-16,군위,574.5,6.2,화
2024-01-17,군위,607.9,10.0,수
2024-01-18,군위,595.4,7.6,목
2024-01-19,군위,625.2,6.1,금
2024-01-20,군위,568.5,7.4,토
2024-01-21,군위,531.5,6.7,일
2024-01-22,군위,610.0,3.9,월
2024-01-23,군위,593.3,6.9,화
2024-01-24,군위,643.6,7.1,수
2024-01-25,군위,574.9,3.2,목
2024-01-26,군위,609.2,4.7,금
2024-01-27,군위,576.5,4.0,토
2024-01-28,군위,541.1,5.8,일
2024-01-29,군위,560.5,2.1,월
2024-01-30,군위,536.0,5.6,화
2024-01-31,군위,595.3,7.0,수
2024-02-01,군위,615.7,13.5,목
2024-02-02,군위,549.1,6.6,금
2024-02-03,군위,539.1,9.0,토
2024-02-04,군위,452.4,3.7,일
2024-02-05,군위,568.1,5.8,월
2024-02-06,군위,581.5,8.0,화
2024-02-07,군위,488.1,4.6,수
2024-02-08,군위,529.1,8.7,목
2024-02-09,군위,556.0,3.0,금
2024-02-10,군위,493.8,8.6,토
2024-02-11,군위,492.8,6.1,일
2024-02-12,군위,514.8,6.3,월
2024-02-13,군위,566.4,5.6,화
2024-02-14,군위,556.6,7.7,수
2024-02-15,군위,547.0,5.0,목
2024-02-16,군위,556.9,2.7,금
2024-02-17,군위,460.2,9.9,토
2024-02-18,군위,505.0,5.8,일
2024-02-19,군위,539.6,9.5,월
2024-02-20,군위,497.7,5.6,화
2024-02-21,군위,608.4,7.2,수
2024-02-22,군위,551.4,7.6,목
2024-02-23,군위,551.7,7.7,금
2024-02-24,군위,517.3,5.4,토
2024-02-25,군위,497.2,7.5,일
2024-02-26,군위,588.0,5.1,월
2024-02-27,군위,536.7,8.3,화
2024-02-28,군위,538.3,9.0,수
2024-02-29,군위,531.0,5.4,목
2024-03-01,군위,393.1,9.0,금
2024-03-02,군위,324.4,8.8,토
2024-03-03,군위,344.1,8.3,일
2024-03-04,군위,377.7,12.2,월
2024-03-05,군위,361.5,10.4,화
2024-03-06,군위,373.4,13.4,수
2024-03-07,군위,367.0,13.1,목
2024-03-08,군위,409.0,12.9,금
2024-03-09,군위,338.5,13.7,토
2024-03-10,군위,341.4,13.0,일
2024-03-11,군위,377.7,12.5,월
2024-03-12,군위,388.1,12.2,화
2024-03-13,군위,364.5,10.5,수
2024-03-14,군위,353.3,9.7,목
2024-03-15,군위,387.1,10.1,금
2024-03-16,군위,354.5,10.7,토
2024-03-17,군위,311.6,12.6,일
2024-03-18,군위,399.6,13.8,월
2024-03-19,군위,392.1,10.5,화
2024-03-20,군위,385.9,10.8,수
2024-03-21,군위,349.6,10.0,목
2024-03-22,군위,381.6,11.7,금
2024-03-23,군위,325.1,11.7,토
2024-03-24,군위,350.3,11.7,일
2024-03-25,군위,387.5,12.4,월
2024-03-26,군위,406.5,11.2,화
2024-03-27,군위,393.4,10.1,수
2024-03-28,군위,393.2,14.9,목
2024-03-29,군위,373.9,12.1,금
2024-03-30,군위,321.0,14.6,토
2024-03-31,군위,338.7,10.6,일
2024-04-01,군위,269.0,22.5,월
2024-04-02,군위,259.9,18.1,화
2024-04-03,군위,254.6,18.8,수
2024-04-04,군위,245.9,22.0,목
2024-04-05,군위,274.9,23.2,금
2024-04-06,군위,232.1,22.2,토
2024-04-07,군위,220.6,19.7,일
2024-04-08,군위,270.5,19.0,월
2024-04-09,군위,249.4,22.6,화
2024-04-10,군위,262.0,19.3,수
2024-04-11,군위,271.8,17.2,목
2024-04-12,군위,261.4,18.6,금
2024-04-13,군위,228.2,19.1,토
2024-04-14,군위,235.0,20.0,일
2024-04-15,군위,254.4,19.3,월
2024-04-16,군위,285.8,20.6,화
2024-04-17,군위,277.1,20.3,수
2024-04-18,군위,266.1,17.2,목
2024-04-19,군위,244.5,17.8,금
2024-04-20,군위,251.8,18.5,토
2024-04-21,군위,240.5,21.9,일
2024-04-22,군위,261.4,16.9,월
2024-04-23,군위,266.3,20.6,화
2024-04-24,군위,252.2,16.3,수
2024-04-25,군위,271.1,19.9,목
2024-04-26,군위,261.9,15.6,금
2024-04-27,군위,247.7,20.3,토
2024-04-28,군위,244.5,21.4,일
2024-04-29,군위,238.8,18.4,월
2024-04-30,군위,277.2,19.2,화
2024-05-01,군위,198.8,30.3,수
2024-05-02,군위,195.6,28.4,목
2024-05-03,군위,190.8,26.4,금
2024-05-04,군위,164.7,30.8,토
2024-05-05,군위,170.0,30.7,일
2024-05-06,군위,178.5,30.2,월
2024-05-07,군위,184.9,28.7,화
2024-05-08,군위,194.1,24.7,수
2024-05-09,군위,183.9,29.5,목
2024-05-10,군위,191.1,24.5,금
2024-05-11,군위,177.5,27.3,토
2024-05-12,군위,172.3,29.4,일
2024-05-13,군위,194.2,31.2,월
2024-05-14,군위,176.5,26.8,화
2024-05-15,군위,188.8,27.0,수
2024-05-16,군위,196.4,29.4,목
2024-05-17,군위,193.7,25.1,금
2024-05-18,군위,186.0,28.8,토
2024-05-19,군위,179.4,29.3,일
2024-05-20,군위,195.7,27.6,월
2024-05-21,군위,179.2,30.0,화
2024-05-22,군위,184.6,26.8,수
2024-05-23,군위,203.8,28.3,목
2024-05-24,군위,169.1,26.3,금
2024-05-25,군위,180.7,26.7,토
2024-05-26,군위,176.5,28.6,일
2024-05-27,군위,179.7,26.9,월
2024-05-28,군위,184.0,28.5,화
2024-05-29,군위,197.5,31.9,수
2024-05-30,군위,186.1,26.3,목
2024-05-31,군위,189.7,27.3,금
2024-06-01,군위,109.0,35.2,토
2024-06-02,군위,118.2,31.5,일
2024-06-03,군위,124.6,33.1,월
2024-06-04,군위,122.2,31.8,화
2024-06-05,군위,108.7,33.6,수
2024-06-06,군위,127.7,37.0,목
2024-06-07,군위,113.4,32.2,금
2024-06-08,군위,108.5,33.7,토
2024-06-09,군위,109.0,33.7,일
2024-06-10,군위,128.7,34.0,월
2024-06-11,군위,113.7,34.1,화
2024-06-12,군위,129.8,35.7,수
2024-06-13,군위,113.3,39.3,목
2024-06-14,군위,107.5,33.5,금
2024-06-15,군위,105.0,34.1,토
2024-06-16,군위,103.8,36.8,일
2024-06-17,군위,117.2,29.6,월
2024-06-18,군위,124.5,29.0,화
2024-06-19,군위,120.2,28.9,수
2024-06-20,군위,118.1,28.8,목
2024-06-21,군위,122.2,36.3,금
2024-06-22,군위,107.8,31.3,토
2024-06-23,군위,110.6,33.0,일
2024-06-24,군위,123.6,30.3,월
2024-06-25,군위,116.2,27.6,화
2024-06-26,군위,123.8,32.0,수
2024-06-27,군위,111.6,33.0,목
2024-06-28,군위,121.2,31.0,금
2024-06-29,군위,104.9,32.8,토
2024-06-30,군위,111.8,32.0,일
2024-07-01,군위,95.6,34.0,월
2024-07-02,군위,89.2,39.3,화
2024-07-03,군위,99.8,31.3,수
2024-07-04,군위,94.5,33.6,목
2024-07-05,군위,94.8,33.4,금
2024-07-06,군위,89.9,38.2,토
2024-07-07,군위,80.3,36.7,일
2024-07-08,군위,82.4,32.7,월
2024-07-09,군위,100.6,33.4,화
2024-07-10,군위,94.9,36.0,수
2024-07-11,군위,92.7,35.0,목
2024-07-12,군위,99.7,35.4,금
2024-07-13,군위,87.7,31.8,토
2024-07-14,군위,84.6,36.9,일
2024-07-15,군위,109.5,36.4,월
2024-07-16,군위,97.9,34.8,화
2024-07-17,군위,96.9,33.5,수
2024-07-18,군위,96.9,35.9,목
2024-07-19,군위,97.0,33.0,금
2024-07-20,군위,88.3,37.9,토
2024-07-21,군위,85.4,36.9,일
2024-07-22,군위,97.3,36.5,월
2024-07-23,군위,97.5,33.1,화
2024-07-24,군위,93.0,33.0,수
2024-07-25,군위,97.4,35.4,목
2024-07-26,군위,101.1,32.6,금
2024-07-27,군위,83.4,36.1,토
2024-07-28,군위,85.8,31.9,일
2024-07-29,군위,96.5,34.1,월
2024-07-30,군위,86.4,34.3,화
2024-07-31,군위,94.5,34.2,수
2024-08-01,군위,115.8,34.3,목
2024-08-02,군위,108.5,36.3,금
2024-08-03,군위,106.8,35.6,토
2024-08-04,군위,108.4,34.7,일
2024-08-05,군위,117.7,35.3,월
2024-08-06,군위,128.5,30.8,화
2024-08-07,군위,121.3,32.8,수
2024-08-08,군위,113.8,35.5,목
2024-08-09,군위,116.5,34.2,금
2024-08-10,군위,108.4,32.7,토
2024-08-11,군위,103.8,30.0,일
2024-08-12,군위,125.3,35.7,월
2024-08-13,군위,121.5,32.9,화
2024-08-14,군위,128.1,32.4,수
2024-08-15,군위,121.4,32.6,목
2024-08-16,군위,115.3,35.3,금
2024-08-17,군위,99.7,36.1,토
2024-08-18,군위,106.0,36.2,일
2024-08-19,군위,108.7,32.5,월
2024-08-20,군위,113.8,32.1,화
2024-08-21,군위,119.2,31.8,수
2024-08-22,군위,121.2,34.9,목
2024-08-23,군위,113.4,33.6,금
2024-08-24,군위,117.7,31.2,토
2024-08-25,군위,116.9,31.5,일
2024-08-26,군위,120.0,32.5,월
2024-08-27,군위,127.6,35.1,화
2024-08-28,군위,117.7,32.8,수
2024-08-29,군위,122.0,32.9,목
2024-08-30,군위,120.0,34.8,금
2024-08-31,군위,116.8,34.2,토
2024-09-01,군위,175.5,28.3,일
2024-09-02,군위,166.7,24.5,월
2024-09-03,군위,191.1,28.3,화
2024-09-04,군위,194.3,26.5,수
2024-09-05,군위,202.8,27.4,목
2024-09-06,군위,184.8,27.7,금
2024-09-07,군위,170.9,29.5,토
2024-09-08,군위,168.7,28.6,일
2024-09-09,군위,192.8,26.2,월
2024-09-10,군위,196.6,27.5,화
2024-09-11,군위,174.4,27.0,수
2024-09-12,군위,199.6,26.6,목
2024-09-13,군위,189.6,26.9,금
2024-09-14,군위,166.6,29.5,토
2024-09-15,군위,171.4,24.4,일
2024-09-16,군위,182.7,26.5,월
2024-09-17,군위,196.7,27.1,화
2024-09-18,군위,194.9,27.5,수
2024-09-19,군위,188.7,31.1,목
2024-09-20,군위,187.1,28.1,금
2024-09-21,군위,167.7,25.8,토
2024-09-22,군위,175.9,26.5,일
2024-09-23,군위,185.1,32.2,월
2024-09-24,군위,191.4,26.7,화
2024-09-25,군위,194.5,28.3,수
2024-09-26,군위,168.7,30.1,목
2024-09-27,군위,187.2,22.7,금
2024-09-28,군위,159.3,29.7,토
2024-09-29,군위,177.7,21.5,일
2024-09-30,군위,181.5,28.0,월
2024-10-01,군위,274.0,18.0,화
2024-10-02,군위,279.0,20.2,수
2024-10-03,군위,246.9,21.0,목
2024-10-04,군위,271.8,18.3,금
2024-10-05,군위,252.2,19.5,토
2024-10-06,군위,235.1,21.6,일
2024-10-07,군위,296.0,20.1,월
2024-10-08,군위,281.1,23.7,화
2024-10-09,군위,262.0,20.6,수
2024-10-10,군위,300.2,15.2,목
2024-10-11,군위,305.0,20.0,금
2024-10-12,군위,265.9,17.3,토
2024-10-13,군위,264.6,23.7,일
2024-10-14,군위,288.1,20.6,월
2024-10-15,군위,307.5,16.9,화
2024-10-16,군위,295.3,18.8,수
2024-10-17,군위,271.0,16.9,목
2024-10-18,군위,283.0,22.9,금
2024-10-19,군위,258.2,22.9,토
2024-10-20,군위,270.8,16.3,일
2024-10-21,군위,298.1,18.8,월
2024-10-22,군위,265.8,20.1,화
2024-10-23,군위,319.6,20.3,수
2024-10-24,군위,287.2,21.0,목
2024-10-25,군위,291.0,22.2,금
2024-10-26,군위,245.1,20.4,토
2024-10-27,군위,272.6,20.5,일
2024-10-28,군위,308.5,18.3,월
2024-10-29,군위,275.2,19.8,화
2024-10-30,군위,283.9,22.0,수
2024-10-31,군위,283.8,21.5,목
2024-11-01,군위,442.7,12.4,금
2024-11-02,군위,350.0,13.1,토
2024-11-03,군위,406.9,10.3,일
2024-11-04,군위,420.7,12.2,월
2024-11-05,군위,408.7,9.8,화
2024-11-06,군위,429.8,8.5,수
2024-11-07,군위,411.1,11.3,목
2024-11-08,군위,439.9,12.4,금
2024-11-09,군위,359.4,16.7,토
2024-11-10,군위,407.7,14.8,일
2024-11-11,군위,436.4,10.9,월
2024-11-12,군위,436.0,11.6,화
2024-11-13,군위,445.1,15.5,수
2024-11-14,군위,422.7,13.5,목
2024-11-15,군위,427.5,9.5,금
2024-11-16,군위,359.1,14.9,토
2024-11-17,군위,391.3,10.4,일
2024-11-18,군위,414.9,10.5,월
2024-11-19,군위,402.5,11.7,화
2024-11-20,군위,447.2,10.6,수
2024-11-21,군위,397.5,9.9,목
2024-11-22,군위,447.8,11.2,금
2024-11-23,군위,379.8,12.1,토
2024-11-24,군위,354.9,12.6,일
2024-11-25,군위,440.3,13.5,월
2024-11-26,군위,453.7,11.7,화
2024-11-27,군위,456.4,10.2,수
2024-11-28,군위,424.7,12.8,목
2024-11-29,군위,429.7,12.5,금
2024-11-30,군위,367.9,14.9,토
2024-12-01,군위,545.3,5.5,일
2024-12-02,군위,601.9,5.8,월
2024-12-03,군위,564.4,10.4,화
2024-12-04,군위,542.8,8.4,수
2024-12-05,군위,581.7,8.5,목
2024-12-06,군위,557.4,8.0,금
2024-12-07,군위,531.4,3.7,토
2024-12-08,군위,510.2,2.9,일
2024-12-09,군위,581.5,8.9,월
2024-12-10,군위,605.5,10.9,화
2024-12-11,군위,576.8,5.7,수
2024-12-12,군위,530.4,6.9,목
2024-12-13,군위,559.9,5.1,금
2024-12-14,군위,519.6,2.9,토
2024-12-15,군위,475.0,6.5,일
2024-12-16,군위,596.6,7.8,월
2024-12-17,군위,566.7,7.5,화
2024-12-18,군위,595.6,8.2,수
2024-12-19,군위,552.3,7.6,목
2024-12-20,군위,610.4,7.6,금
2024-12-21,군위,572.8,5.8,토
2024-12-22,군위,519.2,6.0,일
2024-12-23,군위,582.4,5.7,월
2024-12-24,군위,560.3,3.5,화
2024-12-25,군위,579.9,4.8,수
2024-12-26,군위,594.6,9.0,목
2024-12-27,군위,634.8,2.3,금
2024-12-28,군위,498.3,7.6,토
2024-12-29,군위,523.0,7.3,일
2024-12-30,군위,581.7,5.7,월
2024-12-31,군위,564.4,5.8,화
2023-01-01,의성,678.9,3.6,일
2023-01-02,의성,836.3,5.3,월
2023-01-03,의성,845.8,6.0,화
2023-01-04,의성,790.9,5.6,수
2023-01-05,의성,757.4,6.7,목
2023-01-06,의성,773.3,3.2,금
2023-01-07,의성,765.7,7.2,토
2023-01-08,의성,770.4,6.0,일
2023-01-09,의성,826.7,3.2,월
2023-01-10,의성,846.9,4.7,화
2023-01-11,의성,796.9,4.8,수
2023-01-12,의성,848.1,6.1,목
2023-01-13,의성,810.0,3.7,금
2023-01-14,의성,639.9,2.9,토
2023-01-15,의성,753.5,5.4,일
2023-01-16,의성,733.3,5.5,월
2023-01-17,의성,722.4,4.3,화
2023-01-18,의성,768.4,7.7,수
2023-01-19,의성,850.9,7.5,목
2023-01-20,의성,766.5,3.2,금
2023-01-21,의성,700.4,5.7,토
2023-01-22,의성,713.6,5.2,일
2023-01-23,의성,721.9,1.4,월
2023-01-24,의성,789.7,5.5,화
2023-01-25,의성,840.8,3.9,수
2023-01-26,의성,801.4,7.3,목
2023-01-27,의성,832.8,4.3,금
2023-01-28,의성,739.4,2.3,토
2023-01-29,의성,756.1,6.1,일
2023-01-30,의성,781.6,1.1,월
2023-01-31,의성,816.6,3.2,화
2023-02-01,의성,803.4,8.0,수
2023-02-02,의성,728.9,6.0,목
2023-02-03,의성,758.6,9.3,금
2023-02-04,의성,682.5,9.5,토
2023-02-05,의성,627.9,4.7,일
2023-02-06,의성,772.2,3.9,월
2023-02-07,의성,816.6,9.4,화
2023-02-08,의성,791.0,8.7,수
2023-02-09,의성,704.3,5.8,목
2023-02-10,의성,763.1,8.7,금
2023-02-11,의성,685.8,7.2,토
2023-02-12,의성,715.9,7.7,일
2023-02-13,의성,767.8,9.6,월
2023-02-14,의성,766.7,8.7,화
2023-02-15,의성,775.8,6.1,수
2023-02-16,의성,786.9,4.2,목
2023-02-17,의성,758.2,4.6,금
2023-02-18,의성,691.4,5.3,토
2023-02-19,의성,619.1,6.9,일
2023-02-20,의성,725.9,7.9,월
2023-02-21,의성,747.5,8.8,화
2023-02-22,의성,711.7,7.8,수
2023-02-23,의성,730.4,5.8,목
2023-02-24,의성,810.2,8.7,금
2023-02-25,의성,709.0,5.4,토
2023-02-26,의성,632.6,2.7,일
2023-02-27,의성,696.9,5.1,월
2023-02-28,의성,762.9,3.8,화
2023-03-01,의성,529.9,12.1,수
2023-03-02,의성,526.9,13.9,목
2023-03-03,의성,518.2,13.8,금
2023-03-04,의성,492.8,10.1,토
2023-03-05,의성,446.1,11.3,일
2023-03-06,의성,496.3,12.1,월
2023-03-07,의성,528.9,11.7,화
2023-03-08,의성,496.7,13.2,수
2023-03-09,의성,547.9,11.5,목
2023-03-10,의성,574.0,13.5,금
2023-03-11,의성,494.8,14.9,토
2023-03-12,의성,485.9,9.7,일
2023-03-13,의성,505.7,12.4,월
2023-03-14,의성,544.6,12.8,화
2023-03-15,의성,497.2,13.5,수
2023-03-16,의성,503.4,14.0,목
2023-03-17,의성,512.1,12.9,금
2023-03-18,의성,485.9,12.1,토
2023-03-19,의성,513.5,10.4,일
2023-03-20,의성,504.5,8.9,월
2023-03-21,의성,535.2,13.2,화
2023-03-22,의성,518.5,12.3,수
2023-03-23,의성,514.0,13.3,목
2023-03-24,의성,541.8,15.3,금
2023-03-25,의성,445.4,14.2,토
2023-03-26,의성,461.0,12.3,일
2023-03-27,의성,529.4,10.5,월
2023-03-28,의성,537.0,11.4,화
2023-03-29,의성,564.7,10.4,수
2023-03-30,의성,525.7,10.7,목
2023-03-31,의성,505.2,14.1,금
2023-04-01,의성,302.0,21.7,토
2023-04-02,의성,322.0,22.9,일
2023-04-03,의성,352.2,18.8,월
2023-04-04,의성,347.1,21.6,화
2023-04-05,의성,353.5,18.5,수
2023-04-06,의성,390.0,17.6,목
2023-04-07,의성,372.4,18.9,금
2023-04-08,의성,305.9,20.4,토
2023-04-09,의성,334.4,20.0,일
2023-04-10,의성,378.8,19.6,월
2023-04-11,의성,373.9,22.0,화
2023-04-12,의성,338.2,19.1,수
2023-04-13,의성,361.0,18.8,목
2023-04-14,의성,318.7,21.1,금
2023-04-15,의성,324.3,20.0,토
2023-04-16,의성,342.5,19.4,일
2023-04-17,의성,380.9,20.8,월
2023-04-18,의성,374.3,19.6,화
2023-04-19,의성,380.9,23.3,수
2023-04-20,의성,353.0,17.8,목
2023-04-21,의성,366.2,19.3,금
2023-04-22,의성,308.3,21.4,토
2023-04-23,의성,289.3,20.1,일
2023-04-24,의성,348.3,22.9,월
2023-04-25,의성,352.0,20.1,화
2023-04-26,의성,306.8,22.3,수
2023-04-27,의성,355.6,20.0,목
2023-04-28,의성,388.4,19.1,금
2023-04-29,의성,334.2,18.2,토
2023-04-30,의성,342.0,20.7,일
2023-05-01,의성,250.5,26.2,월
2023-05-02,의성,265.5,29.7,화
2023-05-03,의성,253.0,24.4,수
2023-05-04,의성,270.9,28.3,목
2023-05-05,의성,222.1,26.1,금
2023-05-06,의성,219.7,28.5,토
2023-05-07,의성,200.9,23.5,일
2023-05-08,의성,261.7,29.1,월
2023-05-09,의성,278.1,27.0,화
2023-05-10,의성,281.0,28.8,수
2023-05-11,의성,259.6,24.7,목
2023-05-12,의성,257.0,24.3,금
2023-05-13,의성,241.3,27.0,토
2023-05-14,의성,241.3,27.6,일
2023-05-15,의성,288.0,28.9,월
2023-05-16,의성,247.8,26.9,화
2023-05-17,의성,249.6,28.0,수
2023-05-18,의성,256.3,30.5,목
2023-05-19,의성,253.9,26.4,금
2023-05-20,의성,232.2,28.9,토
2023-05-21,의성,253.5,26.2,일
2023-05-22,의성,260.5,25.8,월
2023-05-23,의성,238.8,28.8,화
2023-05-24,의성,246.3,28.5,수
2023-05-25,의성,247.5,29.1,목
2023-05-26,의성,274.4,28.9,금
2023-05-27,의성,236.9,29.2,토
2023-05-28,의성,227.3,27.0,일
2023-05-29,의성,250.9,30.4,월
2023-05-30,의성,268.6,25.4,화
2023-05-31,의성,247.6,25.9,수
2023-06-01,의성,158.6,30.1,목
2023-06-02,의성,164.5,32.8,금
2023-06-03,의성,150.1,34.9,토
2023-06-04,의성,144.8,32.6,일
2023-06-05,의성,172.8,34.0,월
2023-06-06,의성,158.7,33.2,화
2023-06-07,의성,150.8,31.0,수
2023-06-08,의성,167.2,34.3,목
2023-06-09,의성,161.5,34.1,금
2023-06-10,의성,142.7,35.8,토
2023-06-11,의성,146.0,34.9,일
2023-06-12,의성,167.3,31.8,월
2023-06-13,의성,165.4,33.8,화
2023-06-14,의성,162.2,33.2,수
2023-06-15,의성,172.1,37.8,목
2023-06-16,의성,163.4,34.4,금
2023-06-17,의성,150.0,35.0,토
2023-06-18,의성,144.0,33.0,일
2023-06-19,의성,136.7,32.8,월
2023-06-20,의성,158.5,33.4,화
2023-06-21,의성,162.7,36.2,수
2023-06-22,의성,162.1,30.6,목
2023-06-23,의성,166.3,30.9,금
2023-06-24,의성,153.3,33.6,토
2023-06-25,의성,146.5,31.4,일
2023-06-26,의성,168.2,30.3,월
2023-06-27,의성,166.5,34.0,화
2023-06-28,의성,165.9,33.0,수
2023-06-29,의성,160.2,36.2,목
2023-06-30,의성,153.7,33.3,금
2023-07-01,의성,117.6,33.3,토
2023-07-02,의성,115.5,37.2,일
2023-07-03,의성,127.4,34.5,월
2023-07-04,의성,131.9,33.9,화
2023-07-05,의성,138.3,32.0,수
2023-07-06,의성,134.7,33.7,목
2023-07-07,의성,134.3,32.5,금
2023-07-08,의성,119.2,36.3,토
2023-07-09,의성,118.5,33.0,일
2023-07-10,의성,128.4,32.6,월
2023-07-11,의성,135.2,37.1,화
2023-07-12,의성,123.7,35.0,수
2023-07-13,의성,130.1,36.3,목
2023-07-14,의성,135.1,30.4,금
2023-07-15,의성,124.0,35.0,토
2023-07-16,의성,98.4,32.8,일
2023-07-17,의성,131.9,35.6,월
2023-07-18,의성,123.6,31.6,화
2023-07-19,의성,128.0,40.5,수
2023-07-20,의성,125.8,36.5,목
2023-07-21,의성,128.9,30.8,금
2023-07-22,의성,114.7,34.5,토
2023-07-23,의성,118.5,34.8,일
2023-07-24,의성,121.8,34.7,월
2023-07-25,의성,117.3,36.0,화
2023-07-26,의성,134.8,30.9,수
2023-07-27,의성,129.6,36.0,목
2023-07-28,의성,125.4,32.2,금
2023-07-29,의성,107.7,34.5,토
2023-07-30,의성,120.8,33.5,일
2023-07-31,의성,127.3,37.9,월
2023-08-01,의성,146.9,34.5,화
2023-08-02,의성,156.0,34.3,수
2023-08-03,의성,160.5,33.6,목
2023-08-04,의성,155.4,35.6,금
2023-08-05,의성,144.2,34.2,토
2023-08-06,의성,144.9,32.7,일
2023-08-07,의성,162.4,31.3,월
2023-08-08,의성,164.5,32.9,화
2023-08-09,의성,169.0,33.2,수
2023-08-10,의성,154.0,34.8,목
2023-08-11,의성,152.9,34.7,금
2023-08-12,의성,150.8,34.2,토
2023-08-13,의성,146.9,29.2,일
2023-08-14,의성,156.3,32.1,월
2023-08-15,의성,157.2,35.7,화
2023-08-16,의성,163.1,31.4,수
2023-08-17,의성,161.3,34.4,목
2023-08-18,의성,166.8,35.3,금
2023-08-19,의성,142.4,28.6,토
2023-08-20,의성,149.8,31.9,일
2023-08-21,의성,183.2,27.7,월
2023-08-22,의성,163.7,34.1,화
2023-08-23,의성,181.5,35.4,수
2023-08-24,의성,170.2,34.7,목
2023-08-25,의성,161.4,33.3,금
2023-08-26,의성,140.2,32.0,토
2023-08-27,의성,136.4,31.6,일
2023-08-28,의성,148.8,32.8,월
2023-08-29,의성,162.2,33.4,화
2023-08-30,의성,158.3,33.3,수
2023-08-31,의성,173.6,39.1,목
2023-09-01,의성,263.0,25.0,금
2023-09-02,의성,222.1,26.3,토
2023-09-03,의성,239.1,24.8,일
2023-09-04,의성,272.6,26.1,월
2023-09-05,의성,277.9,29.5,화
2023-09-06,의성,266.2,25.8,수
2023-09-07,의성,253.8,28.8,목
2023-09-08,의성,280.9,26.0,금
2023-09-09,의성,241.4,28.0,토
2023-09-10,의성,219.7,25.9,일
2023-09-11,의성,258.4,26.4,월
2023-09-12,의성,259.9,25.4,화
2023-09-13,의성,245.4,24.1,수
2023-09-14,의성,267.8,28.8,목
2023-09-15,의성,246.8,26.7,금
2023-09-16,의성,229.6,25.4,토
2023-09-17,의성,244.9,28.8,일
2023-09-18,의성,245.0,26.5,월
2023-09-19,의성,249.3,28.0,화
2023-09-20,의성,277.2,26.5,수
2023-09-21,의성,262.1,29.2,목
2023-09-22,의성,262.7,25.0,금
2023-09-23,의성,229.6,29.6,토
2023-09-24,의성,249.1,30.2,일
2023-09-25,의성,264.0,30.8,월
2023-09-26,의성,278.4,28.7,화
2023-09-27,의성,253.5,28.4,수
2023-09-28,의성,263.1,26.6,목
2023-09-29,의성,258.1,24.9,금
2023-09-30,의성,208.4,29.7,토
2023-10-01,의성,370.7,23.1,일
2023-10-02,의성,400.6,19.1,월
2023-10-03,의성,414.0,20.0,화
2023-10-04,의성,362.7,22.0,수
2023-10-05,의성,386.0,21.2,목
2023-10-06,의성,375.8,20.2,금
2023-10-07,의성,369.3,23.5,토
2023-10-08,의성,327.6,18.5,일
2023-10-09,의성,398.5,19.2,월
2023-10-10,의성,414.4,20.5,화
2023-10-11,의성,408.9,21.6,수
2023-10-12,의성,362.9,20.7,목
2023-10-13,의성,410.7,19.6,금
2023-10-14,의성,359.8,19.9,토
2023-10-15,의성,332.9,19.4,일
2023-10-16,의성,396.0,19.8,월
2023-10-17,의성,385.4,18.7,화
2023-10-18,의성,411.8,18.1,수
2023-10-19,의성,418.3,19.4,목
2023-10-20,의성,388.4,23.1,금
2023-10-21,의성,314.4,18.0,토
2023-10-22,의성,326.9,17.1,일
2023-10-23,의성,392.3,22.8,월
2023-10-24,의성,346.7,20.8,화
2023-10-25,의성,407.3,17.6,수
2023-10-26,의성,387.1,20.6,목
2023-10-27,의성,421.9,21.1,금
2023-10-28,의성,352.2,19.6,토
2023-10-29,의성,393.0,20.4,일
2023-10-30,의성,403.3,15.8,월
2023-10-31,의성,401.1,19.8,화
2023-11-01,의성,583.6,11.2,수
2023-11-02,의성,676.1,13.9,목
2023-11-03,의성,560.2,14.1,금
2023-11-04,의성,514.6,11.7,토
2023-11-05,의성,517.8,8.9,일
2023-11-06,의성,547.7,14.0,월
2023-11-07,의성,599.3,14.6,화
2023-11-08,의성,580.9,11.0,수
2023-11-09,의성,606.5,15.7,목
2023-11-10,의성,578.0,12.5,금
2023-11-11,의성,513.0,12.7,토
2023-11-12,의성,580.3,8.3,일
2023-11-13,의성,596.6,12.8,월
2023-11-14,의성,563.5,12.4,화
2023-11-15,의성,538.2,12.1,수
2023-11-16,의성,548.9,17.1,목
2023-11-17,의성,572.1,10.4,금
2023-11-18,의성,526.9,15.1,토
2023-11-19,의성,559.5,10.0,일
2023-11-20,의성,600.7,14.0,월
2023-11-21,의성,655.0,13.9,화
2023-11-22,의성,564.9,16.9,수
2023-11-23,의성,596.2,15.7,목
2023-11-24,의성,535.5,13.5,금
2023-11-25,의성,505.1,12.2,토
2023-11-26,의성,554.7,14.2,일
2023-11-27,의성,584.4,8.4,월
2023-11-28,의성,579.5,14.7,화
2023-11-29,의성,595.3,14.0,수
2023-11-30,의성,577.1,13.2,목
2023-12-01,의성,736.3,4.6,금
2023-12-02,의성,702.7,8.4,토
2023-12-03,의성,687.1,6.7,일
2023-12-04,의성,820.8,6.4,월
2023-12-05,의성,727.7,6.3,화
2023-12-06,의성,772.0,8.5,수
2023-12-07,의성,842.7,7.1,목
2023-12-08,의성,791.3,7.0,금
2023-12-09,의성,694.3,4.7,토
2023-12-10,의성,647.4,8.2,일
2023-12-11,의성,783.9,7.4,월
2023-12-12,의성,820.4,7.1,화
2023-12-13,의성,837.6,7.7,수
2023-12-14,의성,785.3,5.0,목
2023-12-15,의성,738.3,7.2,금
2023-12-16,의성,783.6,8.9,토
2023-12-17,의성,719.7,7.0,일
2023-12-18,의성,752.2,7.2,월
2023-12-19,의성,752.5,3.4,화
2023-12-20,의성,846.5,4.2,수
2023-12-21,의성,766.5,6.8,목
2023-12-22,의성,736.3,8.8,금
2023-12-23,의성,704.4,5.5,토
2023-12-24,의성,719.6,9.1,일
2023-12-25,의성,783.0,7.5,월
2023-12-26,의성,787.9,7.8,화
2023-12-27,의성,781.8,4.9,수
2023-12-28,의성,783.2,4.9,목
2023-12-29,의성,879.0,6.0,금
2023-12-30,의성,652.7,6.9,토
2023-12-31,의성,720.2,6.7,일
2024-01-01,의성,788.6,8.3,월
2024-01-02,의성,845.7,1.8,화
2024-01-03,의성,794.8,2.2,수
2024-01-04,의성,809.7,4.5,목
2024-01-05,의성,784.7,6.4,금
2024-01-06,의성,730.7,4.5,토
2024-01-07,의성,734.8,5.3,일
2024-01-08,의성,846.8,5.9,월
2024-01-09,의성,830.9,5.8,화
2024-01-10,의성,814.5,1.8,수
2024-01-11,의성,842.1,6.0,목
2024-01-12,의성,785.7,3.6,금
2024-01-13,의성,750.9,3.9,토
2024-01-14,의성,716.4,7.1,일
2024-01-15,의성,817.5,6.8,월
2024-01-16,의성,803.9,4.8,화
2024-01-17,의성,825.7,6.5,수
2024-01-18,의성,777.9,9.6,목
2024-01-19,의성,791.0,6.0,금
2024-01-20,의성,730.9,3.3,토
2024-01-21,의성,837.9,5.3,일
2024-01-22,의성,766.6,4.6,월
2024-01-23,의성,728.2,5.5,화
2024-01-24,의성,813.2,4.8,수
2024-01-25,의성,852.1,6.6,목
2024-01-26,의성,806.4,4.0,금
2024-01-27,의성,690.0,3.5,토
2024-01-28,의성,684.7,5.6,일
2024-01-29,의성,772.1,4.2,월
2024-01-30,의성,885.7,6.1,화
2024-01-31,의성,737.2,2.4,수
2024-02-01,의성,748.1,6.8,목
2024-02-02,의성,730.8,7.4,금
2024-02-03,의성,685.1,6.6,토
2024-02-04,의성,607.0,9.1,일
2024-02-05,의성,755.5,6.3,월
2024-02-06,의성,812.2,5.2,화
2024-02-07,의성,746.0,5.7,수
2024-02-08,의성,725.4,8.1,목
2024-02-09,의성,731.5,3.3,금
2024-02-10,의성,661.4,9.1,토
2024-02-11,의성,703.9,5.3,일
2024-02-12,의성,728.4,6.3,월
2024-02-13,의성,776.3,7.3,화
2024-02-14,의성,778.4,11.8,수
2024-02-15,의성,728.6,9.3,목
2024-02-16,의성,749.8,5.0,금
2024-02-17,의성,636.5,7.2,토
2024-02-18,의성,686.2,6.7,일
2024-02-19,의성,766.3,7.7,월
2024-02-20,의성,728.6,7.6,화
2024-02-21,의성,702.7,6.0,수
2024-02-22,의성,748.0,10.6,목
2024-02-23,의성,712.8,6.6,금
2024-02-24,의성,636.6,12.9,토
2024-02-25,의성,686.7,6.2,일
2024-02-26,의성,783.3,8.2,월
2024-02-27,의성,766.4,10.6,화
2024-02-28,의성,737.9,4.9,수
2024-02-29,의성,824.8,7.6,목
2024-03-01,의성,551.3,9.7,금
2024-03-02,의성,487.6,12.9,토
2024-03-03,의성,448.3,12.3,일
2024-03-04,의성,537.0,14.0,월
2024-03-05,의성,519.7,14.4,화
2024-03-06,의성,479.5,11.3,수
2024-03-07,의성,531.0,14.1,목
2024-03-08,의성,506.0,10.6,금
2024-03-09,의성,433.3,11.6,토
2024-03-10,의성,441.5,10.9,일
2024-03-11,의성,500.8,11.7,월
2024-03-12,의성,572.6,9.2,화
2024-03-13,의성,499.7,15.0,수
2024-03-14,의성,530.9,13.0,목
2024-03-15,의성,498.7,14.9,금
2024-03-16,의성,455.2,14.7,토
2024-03-17,의성,484.9,9.8,일
2024-03-18,의성,587.3,15.1,월
2024-03-19,의성,538.2,10.1,화
2024-03-20,의성,540.4,11.7,수
2024-03-21,의성,487.2,9.6,목
2024-03-22,의성,522.1,10.9,금
2024-03-23,의성,483.4,11.2,토
2024-03-24,의성,482.0,14.6,일
2024-03-25,의성,530.8,15.7,월
2024-03-26,의성,555.4,10.1,화
2024-03-27,의성,543.7,11.3,수
2024-03-28,의성,531.9,15.6,목
2024-03-29,의성,496.1,9.5,금
2024-03-30,의성,464.0,15.1,토
2024-03-31,의성,485.8,12.7,일
2024-04-01,의성,362.5,21.4,월
2024-04-02,의성,351.9,19.6,화
2024-04-03,의성,367.4,21.7,수
2024-04-04,의성,376.8,19.5,목
2024-04-05,의성,342.3,19.7,금
2024-04-06,의성,306.0,18.5,토
2024-04-07,의성,341.6,19.5,일
2024-04-08,의성,360.9,18.4,월
2024-04-09,의성,352.8,18.7,화
2024-04-10,의성,353.6,17.0,수
2024-04-11,의성,367.2,19.6,목
2024-04-12,의성,336.1,20.4,금
2024-04-13,의성,325.1,22.2,토
2024-04-14,의성,321.6,20.4,일
2024-04-15,의성,361.4,19.0,월
2024-04-16,의성,326.3,21.0,화
2024-04-17,의성,352.9,18.9,수
2024-04-18,의성,378.8,20.5,목
2024-04-19,의성,348.6,18.5,금
2024-04-20,의성,308.9,19.0,토
2024-04-21,의성,334.2,19.3,일
2024-04-22,의성,365.1,17.9,월
2024-04-23,의성,347.5,16.6,화
2024-04-24,의성,387.4,19.3,수
2024-04-25,의성,318.2,19.5,목
2024-04-26,의성,358.1,16.0,금
2024-04-27,의성,327.8,21.2,토
2024-04-28,의성,340.4,20.3,일
2024-04-29,의성,373.5,18.9,월
2024-04-30,의성,341.3,16.7,화
2024-05-01,의성,256.4,23.9,수
2024-05-02,의성,261.5,27.4,목
2024-05-03,의성,247.9,27.6,금
2024-05-04,의성,216.5,27.1,토
2024-05-05,의성,230.4,30.2,일
2024-05-06,의성,280.7,26.5,월
2024-05-07,의성,245.4,25.0,화
2024-05-08,의성,259.1,25.3,수
2024-05-09,의성,269.6,28.4,목
2024-05-10,의성,230.8,32.6,금
2024-05-11,의성,227.5,28.7,토
2024-05-12,의성,226.7,26.3,일
2024-05-13,의성,281.9,25.7,월
2024-05-14,의성,260.3,29.2,화
2024-05-15,의성,240.3,30.2,수
2024-05-16,의성,231.7,24.8,목
2024-05-17,의성,262.1,26.1,금
2024-05-18,의성,235.7,27.7,토
2024-05-19,의성,243.4,24.7,일
2024-05-20,의성,269.5,28.0,월
2024-05-21,의성,264.0,23.7,화
2024-05-22,의성,254.8,25.1,수
2024-05-23,의성,261.2,28.6,목
2024-05-24,의성,260.1,25.8,금
2024-05-25,의성,247.5,24.4,토
2024-05-26,의성,247.1,27.1,일
2024-05-27,의성,253.2,26.4,월
2024-05-28,의성,271.4,26.0,화
2024-05-29,의성,268.4,26.1,수
2024-05-30,의성,234.3,26.7,목
2024-05-31,의성,244.7,26.4,금
2024-06-01,의성,137.5,33.1,토
2024-06-02,의성,145.6,34.8,일
2024-06-03,의성,167.8,32.6,월
2024-06-04,의성,162.3,34.9,화
2024-06-05,의성,148.1,31.4,수
2024-06-06,의성,157.5,31.6,목
2024-06-07,의성,159.7,33.2,금
2024-06-08,의성,141.8,34.4,토
2024-06-09,의성,154.9,32.9,일
2024-06-10,의성,162.0,33.7,월
2024-06-11,의성,157.4,31.8,화
2024-06-12,의성,158.1,31.3,수
2024-06-13,의성,160.7,34.5,목
2024-06-14,의성,176.9,30.3,금
2024-06-15,의성,136.0,33.6,토
2024-06-16,의성,147.1,32.1,일
2024-06-17,의성,153.5,36.4,월
2024-06-18,의성,173.9,34.9,화
2024-06-19,의성,160.2,31.7,수
2024-06-20,의성,160.8,30.9,목
2024-06-21,의성,167.9,32.9,금
2024-06-22,의성,140.8,35.2,토
2024-06-23,의성,146.1,29.1,일
2024-06-24,의성,164.5,33.6,월
2024-06-25,의성,163.5,32.3,화
2024-06-26,의성,165.6,36.0,수
2024-06-27,의성,158.4,32.2,목
2024-06-28,의성,175.8,32.7,금
2024-06-29,의성,146.1,32.6,토
2024-06-30,의성,154.3,32.0,일
2024-07-01,의성,132.9,38.9,월
2024-07-02,의성,130.2,35.2,화
2024-07-03,의성,134.8,30.2,수
2024-07-04,의성,132.8,35.3,목
2024-07-05,의성,127.5,33.6,금
2024-07-06,의성,123.0,34.2,토
2024-07-07,의성,129.2,34.2,일
2024-07-08,의성,121.7,35.9,월
2024-07-09,의성,125.8,34.7,화
2024-07-10,의성,140.4,30.6,수
2024-07-11,의성,133.5,36.4,목
2024-07-12,의성,121.0,35.3,금
2024-07-13,의성,121.9,34.0,토
2024-07-14,의성,102.2,32.9,일
2024-07-15,의성,129.1,34.5,월
2024-07-16,의성,134.7,35.3,화
2024-07-17,의성,131.7,36.3,수
2024-07-18,의성,120.1,37.4,목
2024-07-19,의성,134.1,36.0,금
2024-07-20,의성,108.2,32.5,토
2024-07-21,의성,113.1,33.5,일
2024-07-22,의성,126.0,36.5,월
2024-07-23,의성,126.0,33.3,화
2024-07-24,의성,130.1,37.2,수
2024-07-25,의성,129.3,34.6,목
2024-07-26,의성,125.1,37.6,금
2024-07-27,의성,118.2,37.6,토
2024-07-28,의성,131.6,34.7,일
2024-07-29,의성,127.7,32.9,월
2024-07-30,의성,136.2,32.5,화
2024-07-31,의성,140.9,38.4,수
2024-08-01,의성,160.9,35.4,목
2024-08-02,의성,148.9,32.3,금
2024-08-03,의성,149.7,37.1,토
2024-08-04,의성,156.0,32.0,일
2024-08-05,의성,165.8,31.0,월
2024-08-06,의성,167.7,32.6,화
2024-08-07,의성,150.7,32.9,수
2024-08-08,의성,171.0,33.1,목
2024-08-09,의성,168.8,32.9,금
2024-08-10,의성,146.1,30.9,토
2024-08-11,의성,151.7,31.7,일
2024-08-12,의성,168.1,33.1,월
2024-08-13,의성,168.1,35.2,화
2024-08-14,의성,154.4,33.5,수
2024-08-15,의성,158.2,33.0,목
2024-08-16,의성,159.5,32.3,금
2024-08-17,의성,131.9,31.0,토
2024-08-18,의성,147.7,31.7,일
2024-08-19,의성,162.6,30.3,월
2024-08-20,의성,170.8,36.8,화
2024-08-21,의성,165.7,36.3,수
2024-08-22,의성,156.6,35.3,목
2024-08-23,의성,140.2,31.7,금
2024-08-24,의성,157.5,35.4,토
2024-08-25,의성,144.4,31.9,일
2024-08-26,의성,165.6,31.5,월
2024-08-27,의성,148.3,35.2,화
2024-08-28,의성,160.3,33.8,수
2024-08-29,의성,166.2,33.2,목
2024-08-30,의성,161.7,32.6,금
2024-08-31,의성,153.3,32.6,토
2024-09-01,의성,236.6,28.3,일
2024-09-02,의성,255.1,25.0,월
2024-09-03,의성,260.5,29.3,화
2024-09-04,의성,283.0,28.8,수
2024-09-05,의성,261.2,29.6,목
2024-09-06,의성,226.8,26.5,금
2024-09-07,의성,230.2,27.2,토
2024-09-08,의성,232.2,28.3,일
2024-09-09,의성,236.9,26.9,월
2024-09-10,의성,266.2,25.6,화
2024-09-11,의성,258.7,30.9,수
2024-09-12,의성,272.4,28.2,목
2024-09-13,의성,264.8,25.9,금
2024-09-14,의성,244.1,26.0,토
2024-09-15,의성,237.5,27.8,일
2024-09-16,의성,269.2,25.9,월
2024-09-17,의성,246.9,31.7,화
2024-09-18,의성,263.0,26.8,수
2024-09-19,의성,252.7,29.1,목
2024-09-20,의성,277.7,21.8,금
2024-09-21,의성,213.6,29.0,토
2024-09-22,의성,252.3,26.3,일
2024-09-23,의성,272.2,30.4,월
2024-09-24,의성,261.1,27.1,화
2024-09-25,의성,274.7,27.2,수
2024-09-26,의성,249.5,25.7,목
2024-09-27,의성,259.4,29.5,금
2024-09-28,의성,226.1,30.3,토
2024-09-29,의성,223.2,27.4,일
2024-09-30,의성,240.8,27.5,월
2024-10-01,의성,362.0,19.0,화
2024-10-02,의성,404.0,21.4,수
2024-10-03,의성,416.0,16.5,목
2024-10-04,의성,390.9,25.0,금
2024-10-05,의성,400.6,18.7,토
2024-10-06,의성,351.4,17.4,일
2024-10-07,의성,416.2,20.4,월
2024-10-08,의성,380.3,20.7,화
2024-10-09,의성,383.3,18.1,수
2024-10-10,의성,390.9,18.0,목
2024-10-11,의성,360.9,18.9,금
2024-10-12,의성,342.3,22.5,토
2024-10-13,의성,348.0,17.5,일
2024-10-14,의성,355.9,20.1,월
2024-10-15,의성,369.6,20.7,화
2024-10-16,의성,400.2,23.4,수
2024-10-17,의성,375.5,19.2,목
2024-10-18,의성,401.9,19.8,금
2024-10-19,의성,347.2,19.9,토
2024-10-20,의성,340.4,20.1,일
2024-10-21,의성,349.3,19.3,월
2024-10-22,의성,395.8,21.9,화
2024-10-23,의성,427.0,18.5,수
2024-10-24,의성,369.8,20.2,목
2024-10-25,의성,397.8,21.7,금
2024-10-26,의성,343.5,20.8,토
2024-10-27,의성,346.4,20.9,일
2024-10-28,의성,352.9,21.1,월
2024-10-29,의성,423.6,19.1,화
2024-10-30,의성,378.2,18.5,수
2024-10-31,의성,366.3,19.1,목
2024-11-01,의성,578.3,8.1,금
2024-11-02,의성,525.1,12.8,토
2024-11-03,의성,527.6,12.2,일
2024-11-04,의성,579.4,14.5,월
2024-11-05,의성,576.8,11.4,화
2024-11-06,의성,626.3,13.7,수
2024-11-07,의성,587.9,11.2,목
2024-11-08,의성,556.0,13.2,금
2024-11-09,의성,487.9,12.5,토
2024-11-10,의성,536.2,9.0,일
2024-11-11,의성,590.9,11.7,월
2024-11-12,의성,556.4,12.5,화
2024-11-13,의성,548.9,12.4,수
2024-11-14,의성,545.3,15.3,목
2024-11-15,의성,554.5,12.1,금
2024-11-16,의성,517.8,13.6,토
2024-11-17,의성,549.0,11.5,일
2024-11-18,의성,600.1,12.6,월
2024-11-19,의성,543.9,10.5,화
2024-11-20,의성,575.7,12.7,수
2024-11-21,의성,582.7,13.8,목
2024-11-22,의성,537.5,12.9,금
2024-11-23,의성,522.2,16.3,토
2024-11-24,의성,504.5,13.9,일
2024-11-25,의성,546.9,13.1,월
2024-11-26,의성,574.6,13.4,화
2024-11-27,의성,605.4,12.6,수
2024-11-28,의성,565.0,10.0,목
2024-11-29,의성,646.4,13.4,금
2024-11-30,의성,542.1,12.2,토
2024-12-01,의성,770.2,6.8,일
2024-12-02,의성,783.7,3.5,월
2024-12-03,의성,682.2,3.8,화
2024-12-04,의성,785.4,7.6,수
2024-12-05,의성,775.9,6.4,목
2024-12-06,의성,769.9,13.2,금
2024-12-07,의성,679.2,8.0,토
2024-12-08,의성,693.6,7.6,일
2024-12-09,의성,850.9,6.2,월
2024-12-10,의성,785.3,9.4,화
2024-12-11,의성,765.9,2.4,수
2024-12-12,의성,771.0,12.4,목
2024-12-13,의성,836.2,9.2,금
2024-12-14,의성,672.5,7.4,토
2024-12-15,의성,726.0,2.1,일
2024-12-16,의성,786.9,5.4,월
2024-12-17,의성,769.7,4.5,화
2024-12-18,의성,790.5,7.1,수
2024-12-19,의성,826.7,4.8,목
2024-12-20,의성,714.7,5.8,금
2024-12-21,의성,703.2,6.8,토
2024-12-22,의성,749.8,7.3,일
2024-12-23,의성,775.3,6.5,월
2024-12-24,의성,812.0,4.8,화
2024-12-25,의성,763.6,7.4,수
2024-12-26,의성,836.3,3.2,목
2024-12-27,의성,756.9,4.6,금
2024-12-28,의성,660.0,7.7,토
2024-12-29,의성,627.4,4.0,일
2024-12-30,의성,758.7,8.5,월
2024-12-31,의성,741.2,12.9,화
2023-01-01,예천,841.8,3.2,일
2023-01-02,예천,939.9,5.5,월
2023-01-03,예천,915.4,6.2,화
2023-01-04,예천,876.0,2.2,수
2023-01-05,예천,937.6,0.6,목
2023-01-06,예천,932.1,4.4,금
2023-01-07,예천,919.4,7.5,토
2023-01-08,예천,788.6,4.3,일
2023-01-09,예천,933.6,3.9,월
2023-01-10,예천,928.9,3.7,화
2023-01-11,예천,943.9,3.7,수
2023-01-12,예천,972.5,3.7,목
2023-01-13,예천,918.7,5.7,금
2023-01-14,예천,823.8,7.5,토
2023-01-15,예천,882.7,1.8,일
2023-01-16,예천,978.0,3.4,월
2023-01-17,예천,1029.5,0.2,화
2023-01-18,예천,890.3,6.3,수
2023-01-19,예천,1043.0,2.0,목
2023-01-20,예천,922.4,3.5,금
2023-01-21,예천,851.1,0.5,토
2023-01-22,예천,897.2,4.5,일
2023-01-23,예천,889.3,2.2,월
2023-01-24,예천,1010.9,5.9,화
2023-01-25,예천,1014.5,1.9,수
2023-01-26,예천,1015.0,5.1,목
2023-01-27,예천,841.1,4.9,금
2023-01-28,예천,912.2,4.7,토
2023-01-29,예천,849.4,3.2,일
2023-01-30,예천,823.0,4.6,월
2023-01-31,예천,919.1,8.3,화
2023-02-01,예천,881.7,8.0,수
2023-02-02,예천,903.5,9.5,목
2023-02-03,예천,845.9,6.5,금
2023-02-04,예천,722.3,8.6,토
2023-02-05,예천,753.2,8.3,일
2023-02-06,예천,892.6,9.5,월
2023-02-07,예천,889.1,8.3,화
2023-02-08,예천,847.4,3.5,수
2023-02-09,예천,892.9,8.4,목
2023-02-10,예천,903.4,9.4,금
2023-02-11,예천,765.2,5.1,토
2023-02-12,예천,704.7,7.2,일
2023-02-13,예천,905.1,10.4,월
2023-02-14,예천,815.5,9.5,화
2023-02-15,예천,984.3,9.5,수
2023-02-16,예천,919.7,4.4,목
2023-02-17,예천,817.1,7.0,금
2023-02-18,예천,830.2,8.0,토
2023-02-19,예천,843.4,5.8,일
2023-02-20,예천,819.3,3.7,월
2023-02-21,예천,886.6,7.3,화
2023-02-22,예천,921.3,5.6,수
2023-02-23,예천,923.5,8.1,목
2023-02-24,예천,912.2,6.8,금
2023-02-25,예천,878.8,6.1,토
2023-02-26,예천,880.8,5.4,일
2023-02-27,예천,824.6,7.1,월
2023-02-28,예천,891.1,9.7,화
2023-03-01,예천,653.7,14.2,수
2023-03-02,예천,597.8,13.2,목
2023-03-03,예천,616.0,14.5,금
2023-03-04,예천,494.7,13.9,토
2023-03-05,예천,536.7,13.4,일
2023-03-06,예천,635.2,15.8,월
2023-03-07,예천,631.0,13.0,화
2023-03-08,예천,666.0,10.5,수
2023-03-09,예천,628.1,16.5,목
2023-03-10,예천,598.5,15.7,금
2023-03-11,예천,555.5,10.9,토
2023-03-12,예천,543.5,13.4,일
2023-03-13,예천,625.4,13.6,월
2023-03-14,예천,632.0,10.5,화
2023-03-15,예천,621.3,14.2,수
2023-03-16,예천,578.5,14.8,목
2023-03-17,예천,580.0,13.4,금
2023-03-18,예천,536.9,10.3,토
2023-03-19,예천,539.2,10.6,일
2023-03-20,예천,641.8,12.1,월
2023-03-21,예천,567.2,11.9,화
2023-03-22,예천,590.2,14.8,수
2023-03-23,예천,629.8,12.4,목
2023-03-24,예천,649.7,12.9,금
2023-03-25,예천,530.5,13.5,토
2023-03-26,예천,559.8,16.9,일
2023-03-27,예천,645.7,12.2,월
2023-03-28,예천,628.3,13.0,화
2023-03-29,예천,607.5,17.5,수
2023-03-30,예천,619.6,11.9,목
2023-03-31,예천,569.6,14.6,금
2023-04-01,예천,370.0,16.1,토
2023-04-02,예천,373.1,16.7,일
2023-04-03,예천,404.6,21.0,월
2023-04-04,예천,425.0,17.1,화
2023-04-05,예천,387.6,21.7,수
2023-04-06,예천,440.8,21.6,목
2023-04-07,예천,449.3,21.9,금
2023-04-08,예천,374.4,24.4,토
2023-04-09,예천,373.2,20.2,일
2023-04-10,예천,456.0,20.0,월
2023-04-11,예천,405.3,17.3,화
2023-04-12,예천,445.1,22.8,수
2023-04-13,예천,441.6,19.3,목
2023-04-14,예천,455.3,20.7,금
2023-04-15,예천,400.7,20.1,토
2023-04-16,예천,392.5,25.3,일
2023-04-17,예천,438.8,20.1,월
2023-04-18,예천,474.1,19.3,화
2023-04-19,예천,417.7,20.4,수
2023-04-20,예천,446.7,18.3,목
2023-04-21,예천,413.0,21.7,금
2023-04-22,예천,352.4,21.2,토
2023-04-23,예천,389.8,20.4,일
2023-04-24,예천,407.2,23.4,월
2023-04-25,예천,404.5,17.4,화
2023-04-26,예천,451.8,17.3,수
2023-04-27,예천,430.3,23.1,목
2023-04-28,예천,426.3,22.4,금
2023-04-29,예천,374.8,19.8,토
2023-04-30,예천,351.7,19.4,일
2023-05-01,예천,307.4,28.0,월
2023-05-02,예천,309.4,29.0,화
2023-05-03,예천,294.6,27.2,수
2023-05-04,예천,319.4,27.6,목
2023-05-05,예천,309.3,25.2,금
2023-05-06,예천,267.2,28.0,토
2023-05-07,예천,280.4,26.3,일
2023-05-08,예천,313.4,25.2,월
2023-05-09,예천,324.4,25.7,화
2023-05-10,예천,294.7,32.2,수
2023-05-11,예천,296.8,28.6,목
2023-05-12,예천,288.5,29.6,금
2023-05-13,예천,265.1,28.5,토
2023-05-14,예천,262.9,27.1,일
2023-05-15,예천,295.1,29.1,월
2023-05-16,예천,302.7,28.6,화
2023-05-17,예천,310.3,27.3,수
2023-05-18,예천,311.2,26.0,목
2023-05-19,예천,296.0,30.6,금
2023-05-20,예천,298.0,29.8,토
2023-05-21,예천,257.0,25.9,일
2023-05-22,예천,299.6,28.1,월
2023-05-23,예천,308.5,31.2,화
2023-05-24,예천,290.3,25.9,수
2023-05-25,예천,299.2,29.7,목
2023-05-26,예천,322.7,27.6,금
2023-05-27,예천,276.6,26.5,토
2023-05-28,예천,286.7,27.5,일
2023-05-29,예천,304.6,28.7,월
2023-05-30,예천,302.3,27.6,화
2023-05-31,예천,312.0,24.5,수
2023-06-01,예천,184.0,36.8,목
2023-06-02,예천,184.1,31.4,금
2023-06-03,예천,177.1,34.4,토
2023-06-04,예천,165.3,32.7,일
2023-06-05,예천,177.4,33.2,월
2023-06-06,예천,200.9,33.3,화
2023-06-07,예천,177.7,30.5,수
2023-06-08,예천,186.6,36.1,목
2023-06-09,예천,191.0,35.3,금
2023-06-10,예천,177.0,32.7,토
2023-06-11,예천,174.4,31.2,일
2023-06-12,예천,179.8,32.2,월
2023-06-13,예천,190.0,33.7,화
2023-06-14,예천,180.9,32.7,수
2023-06-15,예천,200.9,36.2,목
2023-06-16,예천,189.6,34.9,금
2023-06-17,예천,190.2,29.5,토
2023-06-18,예천,166.8,32.9,일
2023-06-19,예천,203.7,33.8,월
2023-06-20,예천,204.8,32.9,화
2023-06-21,예천,182.1,35.2,수
2023-06-22,예천,201.7,31.6,목
2023-06-23,예천,191.1,27.6,금
2023-06-24,예천,169.1,30.1,토
2023-06-25,예천,170.1,32.4,일
2023-06-26,예천,181.9,31.9,월
2023-06-27,예천,210.5,37.6,화
2023-06-28,예천,207.7,30.7,수
2023-06-29,예천,193.7,32.2,목
2023-06-30,예천,186.1,32.9,금
2023-07-01,예천,139.5,37.0,토
2023-07-02,예천,129.6,34.0,일
2023-07-03,예천,141.4,33.2,월
2023-07-04,예천,144.8,35.0,화
2023-07-05,예천,164.5,34.5,수
2023-07-06,예천,153.8,37.4,목
2023-07-07,예천,168.5,34.8,금
2023-07-08,예천,136.3,36.0,토
2023-07-09,예천,141.3,32.1,일
2023-07-10,예천,149.1,36.7,월
2023-07-11,예천,151.2,35.6,화
2023-07-12,예천,134.8,34.6,수
2023-07-13,예천,161.5,34.6,목
2023-07-14,예천,154.4,33.7,금
2023-07-15,예천,141.1,33.5,토
2023-07-16,예천,132.1,34.6,일
2023-07-17,예천,161.2,37.7,월
2023-07-18,예천,157.8,33.8,화
2023-07-19,예천,158.9,36.1,수
2023-07-20,예천,161.8,31.6,목
2023-07-21,예천,151.2,33.9,금
2023-07-22,예천,140.7,40.3,토
2023-07-23,예천,123.3,34.2,일
2023-07-24,예천,143.6,37.8,월
2023-07-25,예천,151.4,33.0,화
2023-07-26,예천,160.0,37.8,수
2023-07-27,예천,156.4,34.7,목
2023-07-28,예천,155.1,33.8,금
2023-07-29,예천,145.3,35.1,토
2023-07-30,예천,142.0,36.9,일
2023-07-31,예천,159.7,34.3,월
2023-08-01,예천,182.1,32.8,화
2023-08-02,예천,193.3,32.2,수
2023-08-03,예천,190.7,34.8,목
2023-08-04,예천,193.0,30.6,금
2023-08-05,예천,174.9,33.2,토
2023-08-06,예천,182.1,34.8,일
2023-08-07,예천,186.6,31.8,월
2023-08-08,예천,199.2,30.9,화
2023-08-09,예천,189.5,35.9,수
2023-08-10,예천,206.6,32.5,목
2023-08-11,예천,196.7,34.0,금
2023-08-12,예천,179.1,30.6,토
2023-08-13,예천,163.4,31.1,일
2023-08-14,예천,186.9,32.3,월
2023-08-15,예천,178.6,32.5,화
2023-08-16,예천,203.4,34.9,수
2023-08-17,예천,201.9,29.1,목
2023-08-18,예천,200.7,31.4,금
2023-08-19,예천,173.5,32.9,토
2023-08-20,예천,183.8,32.6,일
2023-08-21,예천,198.4,30.5,월
2023-08-22,예천,199.4,35.2,화
2023-08-23,예천,187.4,37.6,수
2023-08-24,예천,191.5,34.9,목
2023-08-25,예천,192.4,35.5,금
2023-08-26,예천,184.6,32.2,토
2023-08-27,예천,161.0,32.0,일
2023-08-28,예천,198.5,32.0,월
2023-08-29,예천,193.6,35.8,화
2023-08-30,예천,179.4,35.6,수
2023-08-31,예천,189.7,32.1,목
2023-09-01,예천,309.3,27.3,금
2023-09-02,예천,271.0,28.9,토
2023-09-03,예천,276.6,27.8,일
2023-09-04,예천,306.2,25.6,월
2023-09-05,예천,305.5,27.2,화
2023-09-06,예천,309.2,27.6,수
2023-09-07,예천,327.6,26.6,목
2023-09-08,예천,296.9,25.2,금
2023-09-09,예천,262.8,33.1,토
2023-09-10,예천,287.4,24.8,일
2023-09-11,예천,304.4,23.3,월
2023-09-12,예천,284.2,31.8,화
2023-09-13,예천,284.9,23.5,수
2023-09-14,예천,325.3,29.3,목
2023-09-15,예천,318.5,26.5,금
2023-09-16,예천,302.0,30.3,토
2023-09-17,예천,245.3,27.0,일
2023-09-18,예천,301.4,25.9,월
2023-09-19,예천,305.1,27.0,화
2023-09-20,예천,327.6,29.7,수
2023-09-21,예천,324.9,27.2,목
2023-09-22,예천,309.0,28.2,금
2023-09-23,예천,278.2,29.3,토
2023-09-24,예천,257.3,31.6,일
2023-09-25,예천,306.1,26.5,월
2023-09-26,예천,327.5,28.4,화
2023-09-27,예천,286.1,27.5,수
2023-09-28,예천,319.6,29.2,목
2023-09-29,예천,307.9,23.6,금
2023-09-30,예천,268.0,24.3,토
2023-10-01,예천,432.6,18.2,일
2023-10-02,예천,432.3,20.2,월
2023-10-03,예천,428.9,21.8,화
2023-10-04,예천,443.2,20.7,수
2023-10-05,예천,473.6,19.3,목
2023-10-06,예천,492.9,21.0,금
2023-10-07,예천,422.2,19.8,토
2023-10-08,예천,419.6,19.1,일
2023-10-09,예천,459.7,20.9,월
2023-10-10,예천,469.7,16.4,화
2023-10-11,예천,446.3,20.7,수
2023-10-12,예천,496.1,17.4,목
2023-10-13,예천,456.7,21.0,금
2023-10-14,예천,398.7,17.7,토
2023-10-15,예천,418.7,22.6,일
2023-10-16,예천,473.8,18.9,월
2023-10-17,예천,496.7,18.4,화
2023-10-18,예천,451.2,22.7,수
2023-10-19,예천,401.5,18.7,목
2023-10-20,예천,431.1,17.0,금
2023-10-21,예천,409.0,20.3,토
2023-10-22,예천,410.0,17.3,일
2023-10-23,예천,474.2,21.0,월
2023-10-24,예천,459.0,16.2,화
2023-10-25,예천,482.8,17.2,수
2023-10-26,예천,441.3,21.6,목
2023-10-27,예천,451.3,18.5,금
2023-10-28,예천,422.8,15.5,토
2023-10-29,예천,436.0,19.5,일
2023-10-30,예천,447.7,17.8,월
2023-10-31,예천,438.8,17.0,화
2023-11-01,예천,727.5,10.1,수
2023-11-02,예천,697.3,11.1,목
2023-11-03,예천,649.0,11.7,금
2023-11-04,예천,642.4,12.2,토
2023-11-05,예천,648.9,10.1,일
2023-11-06,예천,676.3,10.8,월
2023-11-07,예천,670.0,13.6,화
2023-11-08,예천,682.1,12.6,수
2023-11-09,예천,610.5,12.8,목
2023-11-10,예천,714.3,8.8,금
2023-11-11,예천,595.3,14.6,토
2023-11-12,예천,632.9,12.0,일
2023-11-13,예천,622.7,13.9,월
2023-11-14,예천,681.5,10.7,화
2023-11-15,예천,779.6,13.9,수
2023-11-16,예천,644.2,12.0,목
2023-11-17,예천,738.8,13.3,금
2023-11-18,예천,595.4,12.7,토
2023-11-19,예천,644.4,14.4,일
2023-11-20,예천,706.2,10.4,월
2023-11-21,예천,734.0,14.5,화
2023-11-22,예천,680.6,12.4,수
2023-11-23,예천,651.1,15.0,목
2023-11-24,예천,645.5,13.4,금
2023-11-25,예천,615.7,14.6,토
2023-11-26,예천,639.0,15.0,일
2023-11-27,예천,742.4,10.1,월
2023-11-28,예천,723.6,15.6,화
2023-11-29,예천,682.4,11.0,수
2023-11-30,예천,668.6,12.8,목
2023-12-01,예천,930.7,10.4,금
2023-12-02,예천,845.7,1.6,토
2023-12-03,예천,828.5,6.3,일
2023-12-04,예천,961.3,6.3,월
2023-12-05,예천,937.1,9.2,화
2023-12-06,예천,922.1,6.3,수
2023-12-07,예천,886.9,7.0,목
2023-12-08,예천,945.3,8.2,금
2023-12-09,예천,883.8,10.1,토
2023-12-10,예천,865.7,5.6,일
2023-12-11,예천,956.2,5.1,월
2023-12-12,예천,876.7,6.0,화
2023-12-13,예천,800.4,7.6,수
2023-12-14,예천,915.8,3.5,목
2023-12-15,예천,906.9,7.2,금
2023-12-16,예천,797.6,3.9,토
2023-12-17,예천,855.8,7.8,일
2023-12-18,예천,977.4,7.0,월
2023-12-19,예천,889.5,7.8,화
2023-12-20,예천,859.2,6.4,수
2023-12-21,예천,975.4,6.8,목
2023-12-22,예천,988.8,8.4,금
2023-12-23,예천,887.6,6.4,토
2023-12-24,예천,892.8,6.6,일
2023-12-25,예천,956.7,7.0,월
2023-12-26,예천,915.1,10.0,화
2023-12-27,예천,983.5,7.4,수
2023-12-28,예천,863.0,6.7,목
2023-12-29,예천,902.3,11.3,금
2023-12-30,예천,879.7,7.3,토
2023-12-31,예천,789.7,5.8,일
2024-01-01,예천,876.2,5.5,월
2024-01-02,예천,974.3,4.4,화
2024-01-03,예천,888.2,4.5,수
2024-01-04,예천,967.5,8.2,목
2024-01-05,예천,950.0,7.9,금
2024-01-06,예천,877.9,3.2,토
2024-01-07,예천,815.2,4.6,일
2024-01-08,예천,932.6,7.9,월
2024-01-09,예천,1026.4,1.3,화
2024-01-10,예천,933.2,4.0,수
2024-01-11,예천,1046.3,1.5,목
2024-01-12,예천,965.3,2.4,금
2024-01-13,예천,884.5,6.8,토
2024-01-14,예천,792.5,4.9,일
2024-01-15,예천,971.5,3.4,월
2024-01-16,예천,972.3,3.4,화
2024-01-17,예천,1008.8,6.4,수
2024-01-18,예천,1068.2,2.5,목
2024-01-19,예천,962.4,6.5,금
2024-01-20,예천,968.7,7.2,토
2024-01-21,예천,856.5,2.1,일
2024-01-22,예천,971.8,0.2,월
2024-01-23,예천,960.6,5.7,화
2024-01-24,예천,863.9,3.7,수
2024-01-25,예천,1032.5,5.7,목
2024-01-26,예천,983.7,3.8,금
2024-01-27,예천,886.1,1.9,토
2024-01-28,예천,833.2,4.2,일
2024-01-29,예천,943.6,3.5,월
2024-01-30,예천,899.4,5.8,화
2024-01-31,예천,960.5,4.2,수
2024-02-01,예천,965.0,4.8,목
2024-02-02,예천,855.9,5.3,금
2024-02-03,예천,868.6,5.1,토
2024-02-04,예천,759.6,8.1,일
2024-02-05,예천,894.4,9.2,월
2024-02-06,예천,870.2,7.5,화
2024-02-07,예천,900.5,5.5,수
2024-02-08,예천,965.9,5.9,목
2024-02-09,예천,953.5,4.5,금
2024-02-10,예천,808.9,6.8,토
2024-02-11,예천,771.8,8.7,일
2024-02-12,예천,765.6,8.7,월
2024-02-13,예천,844.6,5.6,화
2024-02-14,예천,876.0,4.5,수
2024-02-15,예천,916.6,7.8,목
2024-02-16,예천,856.0,7.5,금
2024-02-17,예천,801.9,7.7,토
2024-02-18,예천,827.9,8.9,일
2024-02-19,예천,845.8,7.1,월
2024-02-20,예천,861.2,5.7,화
2024-02-21,예천,897.4,6.4,수
2024-02-22,예천,883.2,8.4,목
2024-02-23,예천,891.8,7.0,금
2024-02-24,예천,760.1,6.0,토
2024-02-25,예천,769.3,3.5,일
2024-02-26,예천,854.4,8.0,월
2024-02-27,예천,906.2,6.5,화
2024-02-28,예천,837.7,8.1,수
2024-02-29,예천,935.4,9.0,목
2024-03-01,예천,590.6,10.2,금
2024-03-02,예천,550.3,14.9,토
2024-03-03,예천,515.6,8.1,일
2024-03-04,예천,580.2,12.0,월
2024-03-05,예천,617.0,11.7,화
2024-03-06,예천,607.1,15.4,수
2024-03-07,예천,660.0,14.6,목
2024-03-08,예천,624.8,15.4,금
2024-03-09,예천,567.2,8.6,토
2024-03-10,예천,552.2,14.6,일
2024-03-11,예천,642.5,16.0,월
2024-03-12,예천,649.5,13.6,화
2024-03-13,예천,539.2,13.2,수
2024-03-14,예천,652.9,11.5,목
2024-03-15,예천,609.1,10.9,금
2024-03-16,예천,603.9,10.4,토
2024-03-17,예천,529.9,15.9,일
2024-03-18,예천,595.0,12.8,월
2024-03-19,예천,631.7,13.7,화
2024-03-20,예천,626.2,14.1,수
2024-03-21,예천,584.3,18.4,목
2024-03-22,예천,603.9,9.1,금
2024-03-23,예천,513.0,9.4,토
2024-03-24,예천,528.8,10.5,일
2024-03-25,예천,632.0,10.6,월
2024-03-26,예천,610.5,11.5,화
2024-03-27,예천,592.4,14.3,수
2024-03-28,예천,627.3,12.0,목
2024-03-29,예천,542.5,8.6,금
2024-03-30,예천,568.0,13.2,토
2024-03-31,예천,558.8,16.6,일
2024-04-01,예천,419.4,21.6,월
2024-04-02,예천,458.8,20.6,화
2024-04-03,예천,432.3,15.8,수
2024-04-04,예천,429.5,24.3,목
2024-04-05,예천,410.2,23.3,금
2024-04-06,예천,381.8,19.9,토
2024-04-07,예천,358.9,15.6,일
2024-04-08,예천,440.9,17.8,월
2024-04-09,예천,430.4,21.7,화
2024-04-10,예천,420.0,21.6,수
2024-04-11,예천,423.7,22.4,목
2024-04-12,예천,417.9,20.1,금
2024-04-13,예천,373.1,21.4,토
2024-04-14,예천,359.6,22.0,일
2024-04-15,예천,438.1,17.8,월
2024-04-16,예천,413.9,19.8,화
2024-04-17,예천,410.6,21.8,수
2024-04-18,예천,453.1,19.6,목
2024-04-19,예천,456.8,23.1,금
2024-04-20,예천,404.6,19.4,토
2024-04-21,예천,363.9,18.1,일
2024-04-22,예천,458.9,15.3,월
2024-04-23,예천,420.8,18.3,화
2024-04-24,예천,438.2,18.2,수
2024-04-25,예천,395.9,19.2,목
2024-04-26,예천,393.1,20.9,금
2024-04-27,예천,341.0,18.3,토
2024-04-28,예천,384.6,17.2,일
2024-04-29,예천,392.1,16.1,월
2024-04-30,예천,412.0,20.0,화
2024-05-01,예천,336.2,31.5,수
2024-05-02,예천,316.6,25.8,목
2024-05-03,예천,298.8,29.0,금
2024-05-04,예천,277.0,24.5,토
2024-05-05,예천,271.2,27.2,일
2024-05-06,예천,296.4,28.4,월
2024-05-07,예천,309.7,25.2,화
2024-05-08,예천,289.9,28.3,수
2024-05-09,예천,280.7,29.4,목
2024-05-10,예천,304.0,26.3,금
2024-05-11,예천,269.4,26.2,토
2024-05-12,예천,265.4,31.2,일
2024-05-13,예천,314.7,32.4,월
2024-05-14,예천,315.3,27.7,화
2024-05-15,예천,292.7,32.6,수
2024-05-16,예천,296.4,25.3,목
2024-05-17,예천,281.4,27.6,금
2024-05-18,예천,300.7,27.5,토
2024-05-19,예천,273.1,27.8,일
2024-05-20,예천,321.8,26.3,월
2024-05-21,예천,336.4,25.8,화
2024-05-22,예천,312.0,31.4,수
2024-05-23,예천,323.9,27.5,목
2024-05-24,예천,295.6,29.7,금
2024-05-25,예천,258.9,26.4,토
2024-05-26,예천,286.4,28.3,일
2024-05-27,예천,301.0,24.8,월
2024-05-28,예천,294.2,24.8,화
2024-05-29,예천,296.7,28.6,수
2024-05-30,예천,282.9,26.9,목
2024-05-31,예천,307.3,27.9,금
2024-06-01,예천,171.6,31.5,토
2024-06-02,예천,166.2,33.4,일
2024-06-03,예천,209.9,30.0,월
2024-06-04,예천,191.6,31.7,화
2024-06-05,예천,226.5,35.0,수
2024-06-06,예천,196.8,30.5,목
2024-06-07,예천,187.3,31.6,금
2024-06-08,예천,163.5,31.5,토
2024-06-09,예천,160.5,32.9,일
2024-06-10,예천,193.0,34.9,월
2024-06-11,예천,188.0,33.8,화
2024-06-12,예천,195.3,32.3,수
2024-06-13,예천,189.1,30.7,목
2024-06-14,예천,183.9,31.3,금
2024-06-15,예천,184.9,28.8,토
2024-06-16,예천,183.3,31.6,일
2024-06-17,예천,180.1,35.1,월
2024-06-18,예천,217.1,30.8,화
2024-06-19,예천,192.2,36.5,수
2024-06-20,예천,186.4,33.5,목
2024-06-21,예천,185.6,33.9,금
2024-06-22,예천,161.8,28.9,토
2024-06-23,예천,163.5,33.0,일
2024-06-24,예천,182.2,32.9,월
2024-06-25,예천,200.7,31.4,화
2024-06-26,예천,192.4,33.5,수
2024-06-27,예천,197.1,34.7,목
2024-06-28,예천,188.1,35.9,금
2024-06-29,예천,162.0,32.1,토
2024-06-30,예천,181.6,32.1,일
2024-07-01,예천,161.4,37.6,월
2024-07-02,예천,162.3,31.4,화
2024-07-03,예천,160.9,31.3,수
2024-07-04,예천,159.4,34.3,목
2024-07-05,예천,163.0,32.3,금
2024-07-06,예천,134.0,32.1,토
2024-07-07,예천,126.4,33.0,일
2024-07-08,예천,167.9,35.2,월
2024-07-09,예천,154.7,40.3,화
2024-07-10,예천,155.8,37.2,수
2024-07-11,예천,151.4,36.0,목
2024-07-12,예천,158.1,35.4,금
2024-07-13,예천,138.1,33.8,토
2024-07-14,예천,144.3,34.9,일
2024-07-15,예천,153.6,32.9,월
2024-07-16,예천,163.0,38.8,화
2024-07-17,예천,154.2,37.7,수
2024-07-18,예천,161.7,35.6,목
2024-07-19,예천,139.0,38.1,금
2024-07-20,예천,147.7,32.4,토
2024-07-21,예천,133.9,34.4,일
2024-07-22,예천,149.7,32.5,월
2024-07-23,예천,170.1,32.2,화
2024-07-24,예천,153.6,35.0,수
2024-07-25,예천,161.4,36.2,목
2024-07-26,예천,162.3,36.9,금
2024-07-27,예천,136.5,33.7,토
2024-07-28,예천,134.9,36.5,일
2024-07-29,예천,157.1,35.0,월
2024-07-30,예천,140.3,36.6,화
2024-07-31,예천,152.2,36.4,수
2024-08-01,예천,200.0,34.4,목
2024-08-02,예천,205.5,36.2,금
2024-08-03,예천,185.8,35.7,토
2024-08-04,예천,173.5,33.6,일
2024-08-05,예천,199.5,34.7,월
2024-08-06,예천,196.4,32.4,화
2024-08-07,예천,184.3,32.9,수
2024-08-08,예천,193.0,35.6,목
2024-08-09,예천,176.9,37.1,금
2024-08-10,예천,173.5,31.9,토
2024-08-11,예천,176.7,35.3,일
2024-08-12,예천,181.7,33.6,월
2024-08-13,예천,195.6,30.7,화
2024-08-14,예천,187.4,30.3,수
2024-08-15,예천,183.0,34.0,목
2024-08-16,예천,204.3,36.2,금
2024-08-17,예천,165.2,29.8,토
2024-08-18,예천,166.5,28.4,일
2024-08-19,예천,188.5,34.5,월
2024-08-20,예천,177.8,33.9,화
2024-08-21,예천,187.2,34.6,수
2024-08-22,예천,191.6,33.0,목
2024-08-23,예천,181.4,30.4,금
2024-08-24,예천,176.7,34.9,토
2024-08-25,예천,176.1,35.1,일
2024-08-26,예천,175.9,33.3,월
2024-08-27,예천,192.2,32.4,화
2024-08-28,예천,199.1,36.9,수
2024-08-29,예천,198.3,36.1,목
2024-08-30,예천,193.6,31.6,금
2024-08-31,예천,165.1,33.5,토
2024-09-01,예천,274.3,26.7,일
2024-09-02,예천,276.0,30.7,월
2024-09-03,예천,293.6,29.9,화
2024-09-04,예천,326.2,24.8,수
2024-09-05,예천,327.3,29.0,목
2024-09-06,예천,339.7,29.1,금
2024-09-07,예천,275.0,28.6,토
2024-09-08,예천,294.4,28.2,일
2024-09-09,예천,298.0,25.9,월
2024-09-10,예천,275.6,26.9,화
2024-09-11,예천,279.0,27.8,수
2024-09-12,예천,321.3,27.6,목
2024-09-13,예천,333.8,26.5,금
2024-09-14,예천,293.7,24.6,토
2024-09-15,예천,253.4,28.9,일
2024-09-16,예천,307.0,32.9,월
2024-09-17,예천,286.3,25.7,화
2024-09-18,예천,306.0,27.1,수
2024-09-19,예천,303.4,27.7,목
2024-09-20,예천,302.0,28.8,금
2024-09-21,예천,275.1,23.6,토
2024-09-22,예천,282.1,22.8,일
2024-09-23,예천,310.5,25.5,월
2024-09-24,예천,293.4,30.1,화
2024-09-25,예천,301.3,29.6,수
2024-09-26,예천,302.4,31.0,목
2024-09-27,예천,318.6,25.8,금
2024-09-28,예천,265.5,26.6,토
2024-09-29,예천,276.6,26.5,일
2024-09-30,예천,278.2,30.2,월
2024-10-01,예천,476.4,20.0,화
2024-10-02,예천,492.3,20.4,수
2024-10-03,예천,457.7,19.9,목
2024-10-04,예천,464.3,21.2,금
2024-10-05,예천,426.5,19.2,토
2024-10-06,예천,403.1,18.7,일
2024-10-07,예천,493.3,18.9,월
2024-10-08,예천,471.1,13.6,화
2024-10-09,예천,423.2,20.1,수
2024-10-10,예천,473.0,20.6,목
2024-10-11,예천,400.7,21.2,금
2024-10-12,예천,400.5,22.7,토
2024-10-13,예천,431.2,21.4,일
2024-10-14,예천,477.3,18.2,월
2024-10-15,예천,414.2,19.2,화
2024-10-16,예천,444.1,22.3,수
2024-10-17,예천,452.7,18.3,목
2024-10-18,예천,460.7,20.5,금
2024-10-19,예천,388.0,21.1,토
2024-10-20,예천,413.4,18.5,일
2024-10-21,예천,459.4,23.8,월
2024-10-22,예천,462.9,22.2,화
2024-10-23,예천,456.3,19.0,수
2024-10-24,예천,475.9,19.7,목
2024-10-25,예천,470.3,22.7,금
2024-10-26,예천,395.7,22.4,토
2024-10-27,예천,400.7,19.2,일
2024-10-28,예천,453.7,20.6,월
2024-10-29,예천,440.5,21.5,화
2024-10-30,예천,477.9,20.1,수
2024-10-31,예천,511.0,15.9,목
2024-11-01,예천,622.8,11.9,금
2024-11-02,예천,624.7,12.8,토
2024-11-03,예천,654.6,12.3,일
2024-11-04,예천,703.3,14.0,월
2024-11-05,예천,689.4,13.4,화
2024-11-06,예천,641.7,16.1,수
2024-11-07,예천,695.3,12.8,목
2024-11-08,예천,663.8,14.1,금
2024-11-09,예천,628.6,9.0,토
2024-11-10,예천,670.2,13.1,일
2024-11-11,예천,733.0,10.0,월
2024-11-12,예천,679.9,17.2,화
2024-11-13,예천,678.9,9.9,수
2024-11-14,예천,712.5,12.5,목
2024-11-15,예천,746.9,11.3,금
2024-11-16,예천,569.5,10.3,토
2024-11-17,예천,552.8,14.7,일
2024-11-18,예천,801.0,12.1,월
2024-11-19,예천,654.2,12.5,화
2024-11-20,예천,691.2,12.4,수
2024-11-21,예천,715.9,12.8,목
2024-11-22,예천,751.5,10.4,금
2024-11-23,예천,646.4,13.0,토
2024-11-24,예천,663.8,11.2,일
2024-11-25,예천,702.6,12.0,월
2024-11-26,예천,658.5,10.6,화
2024-11-27,예천,677.6,13.9,수
2024-11-28,예천,670.7,10.8,목
2024-11-29,예천,671.2,13.9,금
2024-11-30,예천,624.2,12.3,토
2024-12-01,예천,770.4,3.2,일
2024-12-02,예천,889.9,7.7,월
2024-12-03,예천,968.7,9.1,화
2024-12-04,예천,1008.1,8.4,수
2024-12-05,예천,954.0,6.8,목
2024-12-06,예천,1037.3,5.8,금
2024-12-07,예천,832.1,11.0,토
2024-12-08,예천,888.1,7.8,일
2024-12-09,예천,893.7,6.7,월
2024-12-10,예천,927.6,8.8,화
2024-12-11,예천,885.5,7.4,수
2024-12-12,예천,934.9,3.6,목
2024-12-13,예천,913.6,8.8,금
2024-12-14,예천,802.3,9.9,토
2024-12-15,예천,828.8,4.9,일
2024-12-16,예천,959.6,6.8,월
2024-12-17,예천,987.2,5.5,화
2024-12-18,예천,922.2,10.9,수
2024-12-19,예천,875.2,9.5,목
2024-12-20,예천,972.4,9.2,금
2024-12-21,예천,831.0,8.7,토
2024-12-22,예천,804.9,1.1,일
2024-12-23,예천,878.8,5.8,월
2024-12-24,예천,904.6,7.3,화
2024-12-25,예천,875.1,5.4,수
2024-12-26,예천,975.8,5.6,목
2024-12-27,예천,900.2,5.7,금
2024-12-28,예천,845.7,6.1,토
2024-12-29,예천,705.0,7.9,일
2024-12-30,예천,990.4,9.1,월
2024-12-31,예천,879.1,4.9,화
2023-01-01,봉화,416.8,4.1,일
2023-01-02,봉화,434.4,5.4,월
2023-01-03,봉화,518.3,2.8,화
2023-01-04,봉화,511.2,3.1,수
2023-01-05,봉화,437.7,5.7,목
2023-01-06,봉화,478.4,6.3,금
2023-01-07,봉화,438.4,4.1,토
2023-01-08,봉화,448.4,5.9,일
2023-01-09,봉화,491.1,7.4,월
2023-01-10,봉화,469.9,2.2,화
2023-01-11,봉화,498.7,10.9,수
2023-01-12,봉화,514.8,9.7,목
2023-01-13,봉화,488.5,5.5,금
2023-01-14,봉화,395.5,4.9,토
2023-01-15,봉화,459.3,5.0,일
2023-01-16,봉화,491.2,3.8,월
2023-01-17,봉화,459.4,6.7,화
2023-01-18,봉화,456.8,4.1,수
2023-01-19,봉화,450.3,3.4,목
2023-01-20,봉화,515.4,3.2,금
2023-01-21,봉화,435.9,3.2,토
2023-01-22,봉화,458.7,4.0,일
2023-01-23,봉화,502.0,7.6,월
2023-01-24,봉화,475.7,5.6,화
2023-01-25,봉화,528.0,2.6,수
2023-01-26,봉화,497.2,3.5,목
2023-01-27,봉화,467.9,7.1,금
2023-01-28,봉화,449.7,7.1,토
2023-01-29,봉화,423.0,8.5,일
2023-01-30,봉화,469.1,2.4,월
2023-01-31,봉화,482.7,5.4,화
2023-02-01,봉화,400.5,6.2,수
2023-02-02,봉화,486.4,8.0,목
2023-02-03,봉화,456.2,7.9,금
2023-02-04,봉화,406.4,8.2,토
2023-02-05,봉화,406.4,8.9,일
2023-02-06,봉화,425.1,6.4,월
2023-02-07,봉화,449.7,6.5,화
2023-02-08,봉화,449.7,6.4,수
2023-02-09,봉화,461.2,7.9,목
2023-02-10,봉화,444.5,9.6,금
2023-02-11,봉화,391.6,4.4,토
2023-02-12,봉화,361.9,7.1,일
2023-02-13,봉화,445.9,9.8,월
2023-02-14,봉화,473.0,7.8,화
2023-02-15,봉화,455.5,5.7,수
2023-02-16,봉화,438.7,6.8,목
2023-02-17,봉화,479.6,5.5,금
2023-02-18,봉화,412.4,6.3,토
2023-02-19,봉화,422.0,3.3,일
2023-02-20,봉화,444.9,9.1,월
2023-02-21,봉화,451.6,6.6,화
2023-02-22,봉화,403.7,11.6,수
2023-02-23,봉화,422.6,8.6,목
2023-02-24,봉화,437.3,7.0,금
2023-02-25,봉화,398.3,6.2,토
2023-02-26,봉화,419.0,4.7,일
2023-02-27,봉화,454.7,3.4,월
2023-02-28,봉화,416.8,6.4,화
2023-03-01,봉화,284.0,12.9,수
2023-03-02,봉화,286.1,12.6,목
2023-03-03,봉화,293.8,13.4,금
2023-03-04,봉화,281.3,11.6,토
2023-03-05,봉화,276.4,11.0,일
2023-03-06,봉화,317.7,9.5,월
2023-03-07,봉화,351.0,16.0,화
2023-03-08,봉화,320.1,12.7,수
2023-03-09,봉화,331.1,8.9,목
2023-03-10,봉화,300.5,14.1,금
2023-03-11,봉화,273.7,15.0,토
2023-03-12,봉화,283.8,11.6,일
2023-03-13,봉화,323.7,10.4,월
2023-03-14,봉화,291.8,10.4,화
2023-03-15,봉화,319.7,10.7,수
2023-03-16,봉화,287.2,11.3,목
2023-03-17,봉화,307.5,11.3,금
2023-03-18,봉화,261.2,10.1,토
2023-03-19,봉화,265.3,16.7,일
2023-03-20,봉화,302.3,11.9,월
2023-03-21,봉화,317.6,11.7,화
2023-03-22,봉화,303.3,14.4,수
2023-03-23,봉화,327.6,10.0,목
2023-03-24,봉화,334.6,12.3,금
2023-03-25,봉화,279.9,8.0,토
2023-03-26,봉화,272.3,16.3,일
2023-03-27,봉화,312.6,12.0,월
2023-03-28,봉화,303.2,11.4,화
2023-03-29,봉화,298.3,11.8,수
2023-03-30,봉화,315.1,15.0,목
2023-03-31,봉화,320.5,13.0,금
2023-04-01,봉화,183.2,19.5,토
2023-04-02,봉화,190.6,18.8,일
2023-04-03,봉화,206.5,17.9,월
2023-04-04,봉화,234.2,19.0,화
2023-04-05,봉화,209.8,14.5,수
2023-04-06,봉화,213.0,23.5,목
2023-04-07,봉화,212.8,21.5,금
2023-04-08,봉화,169.2,18.7,토
2023-04-09,봉화,183.2,20.4,일
2023-04-10,봉화,206.5,18.4,월
2023-04-11,봉화,237.2,23.5,화
2023-04-12,봉화,206.8,20.4,수
2023-04-13,봉화,216.7,17.6,목
2023-04-14,봉화,209.1,23.6,금
2023-04-15,봉화,197.0,15.2,토
2023-04-16,봉화,175.5,22.0,일
2023-04-17,봉화,216.5,20.4,월
2023-04-18,봉화,203.4,19.9,화
2023-04-19,봉화,207.5,22.0,수
2023-04-20,봉화,190.1,17.0,목
2023-04-21,봉화,218.3,22.5,금
2023-04-22,봉화,186.4,20.2,토
2023-04-23,봉화,180.3,18.9,일
2023-04-24,봉화,189.3,19.1,월
2023-04-25,봉화,208.5,18.5,화
2023-04-26,봉화,211.3,21.2,수
2023-04-27,봉화,226.0,21.6,목
2023-04-28,봉화,216.7,22.1,금
2023-04-29,봉화,181.2,20.0,토
2023-04-30,봉화,206.6,21.5,일
2023-05-01,봉화,168.8,28.2,월
2023-05-02,봉화,145.1,24.4,화
2023-05-03,봉화,156.0,29.2,수
2023-05-04,봉화,153.9,30.1,목
2023-05-05,봉화,152.4,25.8,금
2023-05-06,봉화,130.8,24.4,토
2023-05-07,봉화,144.6,29.4,일
2023-05-08,봉화,140.7,28.2,월
2023-05-09,봉화,144.6,26.8,화
2023-05-10,봉화,149.5,29.9,수
2023-05-11,봉화,154.2,25.3,목
2023-05-12,봉화,165.4,26.2,금
2023-05-13,봉화,128.9,26.0,토
2023-05-14,봉화,138.4,23.2,일
2023-05-15,봉화,143.0,26.4,월
2023-05-16,봉화,159.1,29.9,화
2023-05-17,봉화,164.5,27.4,수
2023-05-18,봉화,147.7,28.8,목
2023-05-19,봉화,160.3,25.4,금
2023-05-20,봉화,139.8,28.3,토
2023-05-21,봉화,142.8,25.8,일
2023-05-22,봉화,153.2,26.0,월
2023-05-23,봉화,148.9,30.4,화
2023-05-24,봉화,145.9,24.4,수
2023-05-25,봉화,156.0,29.5,목
2023-05-26,봉화,150.1,27.2,금
2023-05-27,봉화,132.7,28.5,토
2023-05-28,봉화,133.5,28.1,일
2023-05-29,봉화,149.1,25.7,월
2023-05-30,봉화,153.6,26.7,화
2023-05-31,봉화,125.6,28.0,수
2023-06-01,봉화,94.4,31.4,목
2023-06-02,봉화,91.1,36.0,금
2023-06-03,봉화,93.1,33.3,토
2023-06-04,봉화,88.3,30.4,일
2023-06-05,봉화,93.8,31.4,월
2023-06-06,봉화,92.7,31.4,화
2023-06-07,봉화,100.3,38.4,수
2023-06-08,봉화,98.6,35.2,목
2023-06-09,봉화,98.2,29.8,금
2023-06-10,봉화,82.9,35.1,토
2023-06-11,봉화,89.7,34.9,일
2023-06-12,봉화,94.2,36.7,월
2023-06-13,봉화,94.5,30.8,화
2023-06-14,봉화,87.5,35.9,수
2023-06-15,봉화,96.7,28.9,목
2023-06-16,봉화,96.3,32.1,금
2023-06-17,봉화,84.2,34.9,토
2023-06-18,봉화,95.5,29.2,일
2023-06-19,봉화,91.2,31.0,월
2023-06-20,봉화,94.4,35.2,화
2023-06-21,봉화,98.6,32.9,수
2023-06-22,봉화,94.6,35.2,목
2023-06-23,봉화,86.0,36.0,금
2023-06-24,봉화,83.0,34.5,토
2023-06-25,봉화,87.2,35.7,일
2023-06-26,봉화,99.4,31.6,월
2023-06-27,봉화,99.3,34.8,화
2023-06-28,봉화,93.9,30.9,수
2023-06-29,봉화,96.1,33.0,목
2023-06-30,봉화,86.6,34.5,금
2023-07-01,봉화,68.3,35.7,토
2023-07-02,봉화,66.7,33.3,일
2023-07-03,봉화,63.1,34.6,월
2023-07-04,봉화,73.6,33.6,화
2023-07-05,봉화,73.9,36.1,수
2023-07-06,봉화,82.9,34.6,목
2023-07-07,봉화,80.5,37.0,금
2023-07-08,봉화,71.2,34.0,토
2023-07-09,봉화,68.6,34.5,일
2023-07-10,봉화,74.7,35.8,월
2023-07-11,봉화,76.4,38.0,화
2023-07-12,봉화,82.6,36.2,수
2023-07-13,봉화,71.6,37.1,목
2023-07-14,봉화,80.3,35.9,금
2023-07-15,봉화,65.4,36.8,토
2023-07-16,봉화,72.7,33.7,일
2023-07-17,봉화,75.8,33.5,월
2023-07-18,봉화,76.8,38.2,화
2023-07-19,봉화,73.6,33.5,수
2023-07-20,봉화,71.9,35.7,목
2023-07-21,봉화,78.3,34.5,금
2023-07-22,봉화,71.6,37.6,토
2023-07-23,봉화,73.4,33.6,일
2023-07-24,봉화,72.2,34.4,월
2023-07-25,봉화,82.5,34.7,화
2023-07-26,봉화,77.0,35.3,수
2023-07-27,봉화,71.5,38.3,목
2023-07-28,봉화,70.8,32.4,금
2023-07-29,봉화,69.9,35.7,토
2023-07-30,봉화,70.1,38.1,일
2023-07-31,봉화,77.0,34.2,월
2023-08-01,봉화,88.2,33.2,화
2023-08-02,봉화,98.8,38.4,수
2023-08-03,봉화,99.2,33.4,목
2023-08-04,봉화,95.6,34.4,금
2023-08-05,봉화,89.2,31.7,토
2023-08-06,봉화,83.1,33.8,일
2023-08-07,봉화,97.7,35.8,월
2023-08-08,봉화,102.9,34.5,화
2023-08-09,봉화,97.8,33.0,수
2023-08-10,봉화,92.8,34.6,목
2023-08-11,봉화,96.9,33.1,금
2023-08-12,봉화,96.7,31.1,토
2023-08-13,봉화,81.0,30.2,일
2023-08-14,봉화,99.7,35.6,월
2023-08-15,봉화,99.2,30.9,화
2023-08-16,봉화,96.1,35.9,수
2023-08-17,봉화,88.0,38.2,목
2023-08-18,봉화,101.9,34.4,금
2023-08-19,봉화,85.7,34.8,토
2023-08-20,봉화,88.5,32.4,일
2023-08-21,봉화,99.1,34.6,월
2023-08-22,봉화,91.3,35.1,화
2023-08-23,봉화,91.7,32.5,수
2023-08-24,봉화,101.1,32.2,목
2023-08-25,봉화,108.8,33.2,금
2023-08-26,봉화,86.9,33.4,토
2023-08-27,봉화,83.9,33.2,일
2023-08-28,봉화,101.7,32.9,월
2023-08-29,봉화,92.4,33.2,화
2023-08-30,봉화,94.1,31.1,수
2023-08-31,봉화,102.0,33.1,목
2023-09-01,봉화,151.5,24.8,금
2023-09-02,봉화,125.9,27.8,토
2023-09-03,봉화,133.9,25.8,일
2023-09-04,봉화,155.5,25.9,월
2023-09-05,봉화,149.7,27.2,화
2023-09-06,봉화,167.3,28.4,수
2023-09-07,봉화,139.2,30.8,목
2023-09-08,봉화,152.6,28.7,금
2023-09-09,봉화,135.8,27.8,토
2023-09-10,봉화,139.6,27.7,일
2023-09-11,봉화,147.1,26.3,월
2023-09-12,봉화,155.8,26.6,화
2023-09-13,봉화,160.6,28.7,수
2023-09-14,봉화,156.2,26.5,목
2023-09-15,봉화,163.0,29.4,금
2023-09-16,봉화,137.1,27.4,토
2023-09-17,봉화,130.6,27.9,일
2023-09-18,봉화,159.7,27.1,월
2023-09-19,봉화,151.9,28.8,화
2023-09-20,봉화,147.7,27.9,수
2023-09-21,봉화,153.4,28.9,목
2023-09-22,봉화,151.2,26.9,금
2023-09-23,봉화,135.5,27.4,토
2023-09-24,봉화,135.9,28.8,일
2023-09-25,봉화,165.3,30.7,월
2023-09-26,봉화,154.5,25.7,화
2023-09-27,봉화,151.5,26.2,수
2023-09-28,봉화,151.6,31.5,목
2023-09-29,봉화,158.2,28.2,금
2023-09-30,봉화,132.7,25.5,토
2023-10-01,봉화,198.7,17.6,일
2023-10-02,봉화,237.3,14.3,월
2023-10-03,봉화,232.7,24.1,화
2023-10-04,봉화,223.6,17.2,수
2023-10-05,봉화,219.2,19.1,목
2023-10-06,봉화,240.4,21.7,금
2023-10-07,봉화,215.4,17.7,토
2023-10-08,봉화,227.7,23.1,일
2023-10-09,봉화,220.6,25.7,월
2023-10-10,봉화,226.9,25.6,화
2023-10-11,봉화,234.8,18.8,수
2023-10-12,봉화,235.6,18.8,목
2023-10-13,봉화,228.2,17.4,금
2023-10-14,봉화,207.3,22.6,토
2023-10-15,봉화,212.8,20.3,일
2023-10-16,봉화,211.9,22.3,월
2023-10-17,봉화,227.9,21.2,화
2023-10-18,봉화,243.2,20.3,수
2023-10-19,봉화,219.3,17.6,목
2023-10-20,봉화,224.7,16.1,금
2023-10-21,봉화,206.6,22.7,토
2023-10-22,봉화,202.9,17.3,일
2023-10-23,봉화,218.0,17.0,월
2023-10-24,봉화,217.4,20.8,화
2023-10-25,봉화,230.2,22.2,수
2023-10-26,봉화,227.8,20.2,목
2023-10-27,봉화,240.0,21.5,금
2023-10-28,봉화,213.8,20.7,토
2023-10-29,봉화,213.5,19.6,일
2023-10-30,봉화,231.0,19.3,월
2023-10-31,봉화,225.7,19.5,화
2023-11-01,봉화,354.6,11.1,수
2023-11-02,봉화,366.8,15.1,목
2023-11-03,봉화,368.8,10.0,금
2023-11-04,봉화,321.2,11.9,토
2023-11-05,봉화,314.1,10.7,일
2023-11-06,봉화,320.8,13.1,월
2023-11-07,봉화,369.8,13.7,화
2023-11-08,봉화,370.1,12.2,수
2023-11-09,봉화,361.2,12.1,목
2023-11-10,봉화,388.4,8.1,금
2023-11-11,봉화,307.4,15.5,토
2023-11-12,봉화,316.3,8.6,일
2023-11-13,봉화,354.2,9.6,월
2023-11-14,봉화,330.2,13.3,화
2023-11-15,봉화,360.5,14.7,수
2023-11-16,봉화,346.7,14.5,목
2023-11-17,봉화,363.4,9.7,금
2023-11-18,봉화,290.2,12.0,토
2023-11-19,봉화,344.6,15.2,일
2023-11-20,봉화,383.9,12.4,월
2023-11-21,봉화,339.9,12.7,화
2023-11-22,봉화,374.9,11.2,수
2023-11-23,봉화,359.2,10.9,목
2023-11-24,봉화,338.5,11.4,금
2023-11-25,봉화,305.9,14.6,토
2023-11-26,봉화,329.5,11.7,일
2023-11-27,봉화,357.7,15.7,월
2023-11-28,봉화,337.7,11.2,화
2023-11-29,봉화,352.1,12.7,수
2023-11-30,봉화,359.0,10.5,목
2023-12-01,봉화,422.4,7.2,금
2023-12-02,봉화,405.3,5.2,토
2023-12-03,봉화,455.1,6.9,일
2023-12-04,봉화,442.6,7.5,월
2023-12-05,봉화,453.9,7.5,화
2023-12-06,봉화,475.4,7.7,수
2023-12-07,봉화,461.4,9.4,목
2023-12-08,봉화,483.0,10.3,금
2023-12-09,봉화,461.7,5.6,토
2023-12-10,봉화,398.4,7.7,일
2023-12-11,봉화,510.0,10.3,월
2023-12-12,봉화,450.4,6.9,화
2023-12-13,봉화,478.5,6.7,수
2023-12-14,봉화,475.2,9.6,목
2023-12-15,봉화,496.6,7.2,금
2023-12-16,봉화,437.2,6.4,토
2023-12-17,봉화,424.8,6.4,일
2023-12-18,봉화,460.7,6.8,월
2023-12-19,봉화,493.1,6.3,화
2023-12-20,봉화,444.9,5.5,수
2023-12-21,봉화,484.6,11.3,목
2023-12-22,봉화,448.9,2.2,금
2023-12-23,봉화,396.0,3.4,토
2023-12-24,봉화,413.0,0.7,일
2023-12-25,봉화,463.4,4.7,월
2023-12-26,봉화,463.9,3.8,화
2023-12-27,봉화,496.7,6.2,수
2023-12-28,봉화,480.1,9.8,목
2023-12-29,봉화,507.9,6.4,금
2023-12-30,봉화,386.6,3.9,토
2023-12-31,봉화,462.7,6.8,일
2024-01-01,봉화,476.8,4.6,월
2024-01-02,봉화,504.0,2.1,화
2024-01-03,봉화,500.2,6.9,수
2024-01-04,봉화,464.2,3.7,목
2024-01-05,봉화,483.3,2.4,금
2024-01-06,봉화,407.6,2.8,토
2024-01-07,봉화,422.5,4.2,일
2024-01-08,봉화,492.5,3.9,월
2024-01-09,봉화,474.3,5.2,화
2024-01-10,봉화,457.4,5.4,수
2024-01-11,봉화,484.9,5.2,목
2024-01-12,봉화,505.2,2.0,금
2024-01-13,봉화,435.1,3.2,토
2024-01-14,봉화,453.2,7.3,일
2024-01-15,봉화,472.5,5.1,월
2024-01-16,봉화,497.5,6.9,화
2024-01-17,봉화,462.1,3.8,수
2024-01-18,봉화,485.0,0.9,목
2024-01-19,봉화,508.6,4.8,금
2024-01-20,봉화,462.0,5.7,토
2024-01-21,봉화,457.8,3.6,일
2024-01-22,봉화,500.0,3.9,월
2024-01-23,봉화,486.9,2.1,화
2024-01-24,봉화,474.8,1.0,수
2024-01-25,봉화,468.7,5.9,목
2024-01-26,봉화,501.6,2.9,금
2024-01-27,봉화,422.5,4.8,토
2024-01-28,봉화,490.2,5.1,일
2024-01-29,봉화,509.2,7.3,월
2024-01-30,봉화,485.3,5.9,화
2024-01-31,봉화,464.9,0.2,수
2024-02-01,봉화,401.2,6.0,목
2024-02-02,봉화,398.9,4.7,금
2024-02-03,봉화,414.8,6.9,토
2024-02-04,봉화,406.7,9.2,일
2024-02-05,봉화,400.0,5.1,월
2024-02-06,봉화,414.7,3.5,화
2024-02-07,봉화,439.2,5.2,수
2024-02-08,봉화,450.3,5.0,목
2024-02-09,봉화,443.0,6.5,금
2024-02-10,봉화,375.0,9.3,토
2024-02-11,봉화,398.2,7.8,일
2024-02-12,봉화,462.3,6.3,월
2024-02-13,봉화,421.8,8.8,화
2024-02-14,봉화,449.0,6.6,수
2024-02-15,봉화,455.7,6.5,목
2024-02-16,봉화,483.3,7.6,금
2024-02-17,봉화,396.0,3.9,토
2024-02-18,봉화,410.5,5.2,일
2024-02-19,봉화,450.4,3.8,월
2024-02-20,봉화,426.5,5.7,화
2024-02-21,봉화,432.5,4.1,수
2024-02-22,봉화,442.2,9.2,목
2024-02-23,봉화,479.6,8.3,금
2024-02-24,봉화,387.3,7.5,토
2024-02-25,봉화,387.6,7.9,일
2024-02-26,봉화,409.1,6.0,월
2024-02-27,봉화,434.2,8.9,화
2024-02-28,봉화,419.8,7.4,수
2024-02-29,봉화,425.9,7.9,목
2024-03-01,봉화,321.5,12.2,금
2024-03-02,봉화,276.9,14.1,토
2024-03-03,봉화,318.7,9.0,일
2024-03-04,봉화,319.1,16.0,월
2024-03-05,봉화,306.3,11.0,화
2024-03-06,봉화,327.5,11.4,수
2024-03-07,봉화,295.9,13.0,목
2024-03-08,봉화,325.3,11.6,금
2024-03-09,봉화,298.4,15.7,토
2024-03-10,봉화,273.7,14.0,일
2024-03-11,봉화,312.6,6.0,월
2024-03-12,봉화,310.2,12.5,화
2024-03-13,봉화,287.6,12.6,수
2024-03-14,봉화,317.7,13.6,목
2024-03-15,봉화,322.6,13.9,금
2024-03-16,봉화,271.5,13.7,토
2024-03-17,봉화,278.5,12.4,일
2024-03-18,봉화,323.4,12.7,월
2024-03-19,봉화,340.0,13.8,화
2024-03-20,봉화,309.2,16.9,수
2024-03-21,봉화,327.0,4.8,목
2024-03-22,봉화,295.7,11.4,금
2024-03-23,봉화,271.0,11.7,토
2024-03-24,봉화,255.6,13.7,일
2024-03-25,봉화,313.3,10.3,월
2024-03-26,봉화,317.9,13.7,화
2024-03-27,봉화,292.9,10.9,수
2024-03-28,봉화,311.7,11.5,목
2024-03-29,봉화,276.5,15.5,금
2024-03-30,봉화,258.7,12.1,토
2024-03-31,봉화,290.6,9.2,일
2024-04-01,봉화,216.5,21.1,월
2024-04-02,봉화,206.7,21.8,화
2024-04-03,봉화,234.9,19.1,수
2024-04-04,봉화,219.5,19.5,목
2024-04-05,봉화,192.2,20.0,금
2024-04-06,봉화,185.1,15.9,토
2024-04-07,봉화,198.1,22.1,일
2024-04-08,봉화,201.3,21.8,월
2024-04-09,봉화,201.5,23.2,화
2024-04-10,봉화,211.6,20.4,수
2024-04-11,봉화,225.9,19.7,목
2024-04-12,봉화,197.5,18.6,금
2024-04-13,봉화,186.8,20.0,토
2024-04-14,봉화,197.0,26.8,일
2024-04-15,봉화,200.6,19.2,월
2024-04-16,봉화,200.9,16.2,화
2024-04-17,봉화,226.9,20.2,수
2024-04-18,봉화,214.2,22.2,목
2024-04-19,봉화,214.6,19.4,금
2024-04-20,봉화,206.9,19.0,토
2024-04-21,봉화,189.8,19.6,일
2024-04-22,봉화,209.7,15.6,월
2024-04-23,봉화,200.4,21.7,화
2024-04-24,봉화,220.1,18.5,수
2024-04-25,봉화,222.9,17.0,목
2024-04-26,봉화,207.6,18.9,금
2024-04-27,봉화,194.2,17.8,토
2024-04-28,봉화,198.0,24.9,일
2024-04-29,봉화,223.8,18.3,월
2024-04-30,봉화,226.3,19.4,화
2024-05-01,봉화,131.3,29.1,수
2024-05-02,봉화,161.3,25.5,목
2024-05-03,봉화,146.1,27.8,금
2024-05-04,봉화,125.4,26.2,토
2024-05-05,봉화,153.9,27.3,일
2024-05-06,봉화,170.9,29.1,월
2024-05-07,봉화,161.9,29.3,화
2024-05-08,봉화,156.9,31.4,수
2024-05-09,봉화,162.0,27.1,목
2024-05-10,봉화,150.3,30.4,금
2024-05-11,봉화,139.6,26.1,토
2024-05-12,봉화,144.1,29.2,일
2024-05-13,봉화,168.7,24.7,월
2024-05-14,봉화,152.0,26.2,화
2024-05-15,봉화,174.8,25.7,수
2024-05-16,봉화,147.4,28.0,목
2024-05-17,봉화,159.9,29.2,금
2024-05-18,봉화,144.4,27.1,토
2024-05-19,봉화,135.2,25.8,일
2024-05-20,봉화,143.8,23.5,월
2024-05-21,봉화,166.6,31.1,화
2024-05-22,봉화,166.8,27.6,수
2024-05-23,봉화,152.1,27.2,목
2024-05-24,봉화,153.0,27.6,금
2024-05-25,봉화,146.5,27.1,토
2024-05-26,봉화,143.5,27.8,일
2024-05-27,봉화,157.0,29.6,월
2024-05-28,봉화,143.6,25.6,화
2024-05-29,봉화,152.7,27.8,수
2024-05-30,봉화,153.9,27.7,목
2024-05-31,봉화,143.8,32.7,금
2024-06-01,봉화,88.1,29.0,토
2024-06-02,봉화,88.0,32.2,일
2024-06-03,봉화,102.4,34.2,월
2024-06-04,봉화,93.6,30.0,화
2024-06-05,봉화,100.0,33.8,수
2024-06-06,봉화,100.8,37.4,목
2024-06-07,봉화,92.0,32.9,금
2024-06-08,봉화,84.1,31.9,토
2024-06-09,봉화,87.7,34.3,일
2024-06-10,봉화,94.2,30.3,월
2024-06-11,봉화,97.9,34.7,화
2024-06-12,봉화,98.1,34.1,수
2024-06-13,봉화,97.4,36.2,목
2024-06-14,봉화,91.8,32.2,금
2024-06-15,봉화,76.1,33.5,토
2024-06-16,봉화,85.7,32.6,일
2024-06-17,봉화,91.8,30.3,월
2024-06-18,봉화,97.4,34.6,화
2024-06-19,봉화,97.7,33.2,수
2024-06-20,봉화,102.2,33.2,목
2024-06-21,봉화,89.2,33.2,금
2024-06-22,봉화,88.2,36.3,토
2024-06-23,봉화,81.2,31.8,일
2024-06-24,봉화,95.7,33.8,월
2024-06-25,봉화,94.6,36.1,화
2024-06-26,봉화,100.6,31.3,수
2024-06-27,봉화,97.1,34.8,목
2024-06-28,봉화,96.1,34.3,금
2024-06-29,봉화,91.7,33.5,토
2024-06-30,봉화,85.9,34.2,일
2024-07-01,봉화,67.9,37.7,월
2024-07-02,봉화,70.4,39.1,화
2024-07-03,봉화,76.8,33.7,수
2024-07-04,봉화,80.9,34.7,목
2024-07-05,봉화,78.0,32.9,금
2024-07-06,봉화,70.3,33.8,토
2024-07-07,봉화,69.6,34.9,일
2024-07-08,봉화,75.0,33.9,월
2024-07-09,봉화,80.6,35.6,화
2024-07-10,봉화,73.7,33.8,수
2024-07-11,봉화,76.9,36.2,목
2024-07-12,봉화,73.5,36.7,금
2024-07-13,봉화,67.5,31.4,토
2024-07-14,봉화,69.0,33.5,일
2024-07-15,봉화,79.9,33.7,월
2024-07-16,봉화,77.6,34.4,화
2024-07-17,봉화,77.8,35.3,수
2024-07-18,봉화,79.0,35.0,목
2024-07-19,봉화,82.4,33.4,금
2024-07-20,봉화,64.8,34.5,토
2024-07-21,봉화,66.4,35.4,일
2024-07-22,봉화,85.5,36.3,월
2024-07-23,봉화,78.3,33.4,화
2024-07-24,봉화,78.7,31.5,수
2024-07-25,봉화,74.6,33.2,목
2024-07-26,봉화,79.8,32.8,금
2024-07-27,봉화,69.4,37.0,토
2024-07-28,봉화,74.8,33.3,일
2024-07-29,봉화,68.7,33.5,월
2024-07-30,봉화,72.7,35.9,화
2024-07-31,봉화,75.5,37.0,수
2024-08-01,봉화,103.0,34.2,목
2024-08-02,봉화,93.5,30.6,금
2024-08-03,봉화,93.3,32.8,토
2024-08-04,봉화,84.1,31.7,일
2024-08-05,봉화,93.5,33.9,월
2024-08-06,봉화,88.8,33.3,화
2024-08-07,봉화,89.8,37.4,수
2024-08-08,봉화,96.1,32.3,목
2024-08-09,봉화,89.9,36.8,금
2024-08-10,봉화,89.9,37.0,토
2024-08-11,봉화,82.4,33.8,일
2024-08-12,봉화,92.8,34.1,월
2024-08-13,봉화,91.6,35.5,화
2024-08-14,봉화,93.6,32.8,수
2024-08-15,봉화,99.8,31.0,목
2024-08-16,봉화,102.1,34.1,금
2024-08-17,봉화,91.2,29.4,토
2024-08-18,봉화,84.7,38.0,일
2024-08-19,봉화,95.0,36.8,월
2024-08-20,봉화,94.8,30.2,화
2024-08-21,봉화,92.2,35.1,수
2024-08-22,봉화,99.1,31.8,목
2024-08-23,봉화,99.1,33.0,금
2024-08-24,봉화,88.7,33.5,토
2024-08-25,봉화,87.6,32.1,일
2024-08-26,봉화,102.5,31.1,월
2024-08-27,봉화,101.7,31.7,화
2024-08-28,봉화,97.2,32.5,수
2024-08-29,봉화,91.4,32.0,목
2024-08-30,봉화,91.2,29.5,금
2024-08-31,봉화,87.5,32.3,토
2024-09-01,봉화,135.5,29.5,일
2024-09-02,봉화,142.9,25.7,월
2024-09-03,봉화,164.7,28.5,화
2024-09-04,봉화,159.5,30.0,수
2024-09-05,봉화,167.1,28.8,목
2024-09-06,봉화,159.0,28.2,금
2024-09-07,봉화,129.2,26.9,토
2024-09-08,봉화,138.5,26.1,일
2024-09-09,봉화,168.8,27.6,월
2024-09-10,봉화,163.1,27.7,화
2024-09-11,봉화,151.6,26.6,수
2024-09-12,봉화,148.3,24.8,목
2024-09-13,봉화,154.1,28.6,금
2024-09-14,봉화,139.9,29.4,토
2024-09-15,봉화,153.5,26.8,일
2024-09-16,봉화,163.0,27.3,월
2024-09-17,봉화,159.5,26.7,화
2024-09-18,봉화,155.6,29.4,수
2024-09-19,봉화,154.1,22.8,목
2024-09-20,봉화,158.1,30.0,금
2024-09-21,봉화,126.7,28.4,토
2024-09-22,봉화,141.5,26.1,일
2024-09-23,봉화,163.4,28.3,월
2024-09-24,봉화,157.1,27.2,화
2024-09-25,봉화,146.4,27.5,수
2024-09-26,봉화,157.3,23.0,목
2024-09-27,봉화,149.2,27.8,금
2024-09-28,봉화,143.0,24.3,토
2024-09-29,봉화,142.5,27.0,일
2024-09-30,봉화,137.5,31.2,월
2024-10-01,봉화,228.6,18.6,화
2024-10-02,봉화,212.1,22.9,수
2024-10-03,봉화,232.6,23.9,목
2024-10-04,봉화,228.7,19.8,금
2024-10-05,봉화,218.8,19.1,토
2024-10-06,봉화,211.5,17.9,일
2024-10-07,봉화,222.2,19.2,월
2024-10-08,봉화,235.8,25.2,화
2024-10-09,봉화,244.1,21.2,수
2024-10-10,봉화,251.2,17.2,목
2024-10-11,봉화,222.1,15.0,금
2024-10-12,봉화,213.9,19.1,토
2024-10-13,봉화,206.2,20.4,일
2024-10-14,봉화,219.7,20.0,월
2024-10-15,봉화,239.4,17.0,화
2024-10-16,봉화,249.3,21.4,수
2024-10-17,봉화,239.0,18.4,목
2024-10-18,봉화,244.7,19.4,금
2024-10-19,봉화,210.1,22.0,토
2024-10-20,봉화,217.9,19.3,일
2024-10-21,봉화,223.1,21.3,월
2024-10-22,봉화,227.7,17.3,화
2024-10-23,봉화,244.2,23.0,수
2024-10-24,봉화,217.5,17.8,목
2024-10-25,봉화,217.9,22.5,금
2024-10-26,봉화,201.5,21.0,토
2024-10-27,봉화,199.9,23.2,일
2024-10-28,봉화,233.1,22.3,월
2024-10-29,봉화,208.2,20.5,화
2024-10-30,봉화,228.5,15.6,수
2024-10-31,봉화,218.0,20.5,목
2024-11-01,봉화,356.2,10.3,금
2024-11-02,봉화,309.7,13.6,토
2024-11-03,봉화,293.5,14.1,일
2024-11-04,봉화,375.0,11.8,월
2024-11-05,봉화,348.7,12.6,화
2024-11-06,봉화,322.3,17.1,수
2024-11-07,봉화,375.3,14.1,목
2024-11-08,봉화,361.4,11.9,금
2024-11-09,봉화,301.1,10.5,토
2024-11-10,봉화,324.3,13.3,일
2024-11-11,봉화,373.7,14.7,월
2024-11-12,봉화,367.2,12.4,화
2024-11-13,봉화,362.1,11.8,수
2024-11-14,봉화,354.2,12.9,목
2024-11-15,봉화,318.7,13.3,금
2024-11-16,봉화,313.4,10.3,토
2024-11-17,봉화,324.8,9.1,일
2024-11-18,봉화,352.2,14.2,월
2024-11-19,봉화,370.4,10.3,화
2024-11-20,봉화,349.0,16.6,수
2024-11-21,봉화,350.0,13.5,목
2024-11-22,봉화,344.4,13.6,금
2024-11-23,봉화,326.0,12.4,토
2024-11-24,봉화,290.0,17.2,일
2024-11-25,봉화,326.0,12.3,월
2024-11-26,봉화,336.3,15.7,화
2024-11-27,봉화,357.6,9.6,수
2024-11-28,봉화,358.0,16.0,목
2024-11-29,봉화,353.6,12.9,금
2024-11-30,봉화,298.2,15.3,토
2024-12-01,봉화,406.4,6.8,일
2024-12-02,봉화,454.4,4.7,월
2024-12-03,봉화,475.1,9.2,화
2024-12-04,봉화,465.4,8.3,수
2024-12-05,봉화,443.5,8.1,목
2024-12-06,봉화,466.4,6.4,금
2024-12-07,봉화,422.5,7.6,토
2024-12-08,봉화,408.0,6.7,일
2024-12-09,봉화,482.9,13.3,월
2024-12-10,봉화,456.6,7.8,화
2024-12-11,봉화,459.0,6.1,수
2024-12-12,봉화,418.6,7.6,목
2024-12-13,봉화,447.3,3.9,금
2024-12-14,봉화,410.8,7.4,토
2024-12-15,봉화,385.0,10.0,일
2024-12-16,봉화,497.1,5.5,월
2024-12-17,봉화,482.4,7.3,화
2024-12-18,봉화,446.0,11.1,수
2024-12-19,봉화,455.7,6.8,목
2024-12-20,봉화,454.8,3.1,금
2024-12-21,봉화,427.0,8.8,토
2024-12-22,봉화,408.0,8.2,일
2024-12-23,봉화,491.3,5.7,월
2024-12-24,봉화,468.8,6.0,화
2024-12-25,봉화,495.8,7.3,수
2024-12-26,봉화,432.1,9.0,목
2024-12-27,봉화,475.4,4.6,금
2024-12-28,봉화,406.3,6.9,토
2024-12-29,봉화,419.7,9.0,일
2024-12-30,봉화,480.0,7.1,월
2024-12-31,봉화,498.2,6.3,화
